sample_id,class_name,experiment,severity,condition,method,trial,iou,dice,sam_score,pred_pixels,target_pixels,device
sample_000,aeroplane,modality,clean,point_only,sam_vit_b,0,0.722076,0.838611,0.910843,22155,30296,cuda
sample_000,aeroplane,modality,clean,box_only,sam_vit_b,0,0.896068,0.945186,0.970028,29743,30296,cuda
sample_000,aeroplane,modality,clean,point_box,sam_vit_b,0,0.831604,0.908061,0.959509,25480,30296,cuda
sample_000,aeroplane,noise_decomposition,clean,clean,sam_single_prompt,0,0.831604,0.908061,0.959509,25480,30296,cuda
sample_000,aeroplane,noise_decomposition,mild,point_noise,sam_single_prompt,0,0.906560,0.950990,0.971685,29141,30296,cuda
sample_000,aeroplane,noise_decomposition,mild,point_noise,sam_single_prompt,1,0.919923,0.958292,0.965892,29932,30296,cuda
sample_000,aeroplane,noise_decomposition,mild,box_noise,sam_single_prompt,0,0.905607,0.950466,0.964074,28875,30296,cuda
sample_000,aeroplane,noise_decomposition,mild,box_noise,sam_single_prompt,1,0.810954,0.895610,0.965236,25054,30296,cuda
sample_000,aeroplane,noise_decomposition,mild,point_box_noise,sam_single_prompt,0,0.907359,0.951430,0.965961,30070,30296,cuda
sample_000,aeroplane,noise_decomposition,mild,point_box_noise,sam_single_prompt,1,0.845379,0.916212,0.963507,26311,30296,cuda
sample_000,aeroplane,uncertainty_ensemble,mild,point_box_noise,sam_single_noisy,0,0.907359,0.951430,0.965961,30070,30296,cuda
sample_000,aeroplane,uncertainty_ensemble,mild,point_box_noise,sam_score_select,0,0.910810,0.953323,0.968683,28834,30296,cuda
sample_000,aeroplane,uncertainty_ensemble,mild,point_box_noise,sam_consistency_medoid,0,0.893973,0.944019,0.966602,28688,30296,cuda
sample_000,aeroplane,uncertainty_ensemble,mild,point_box_noise,sam_vote_consensus,0,0.906181,0.950782,0.966602,29072,30296,cuda
sample_000,aeroplane,uncertainty_ensemble,mild,point_box_noise,sam_oracle_best,0,0.910810,0.953323,0.968683,28834,30296,cuda
sample_000,aeroplane,uncertainty_ensemble,mild,point_box_noise,sam_single_noisy,1,0.845379,0.916212,0.963507,26311,30296,cuda
sample_000,aeroplane,uncertainty_ensemble,mild,point_box_noise,sam_score_select,1,0.824205,0.903632,0.966238,25428,30296,cuda
sample_000,aeroplane,uncertainty_ensemble,mild,point_box_noise,sam_consistency_medoid,1,0.845379,0.916212,0.963989,26311,30296,cuda
sample_000,aeroplane,uncertainty_ensemble,mild,point_box_noise,sam_vote_consensus,1,0.848821,0.918230,0.963989,26485,30296,cuda
sample_000,aeroplane,uncertainty_ensemble,mild,point_box_noise,sam_oracle_best,1,0.871494,0.931335,0.962062,29152,30296,cuda
sample_000,aeroplane,noise_decomposition,moderate,point_noise,sam_single_prompt,0,0.904783,0.950012,0.967750,29038,30296,cuda
sample_000,aeroplane,noise_decomposition,moderate,point_noise,sam_single_prompt,1,0.904582,0.949901,0.966027,28567,30296,cuda
sample_000,aeroplane,noise_decomposition,moderate,box_noise,sam_single_prompt,0,0.696207,0.820899,0.965369,21401,30296,cuda
sample_000,aeroplane,noise_decomposition,moderate,box_noise,sam_single_prompt,1,0.827015,0.905318,0.962889,25607,30296,cuda
sample_000,aeroplane,noise_decomposition,moderate,point_box_noise,sam_single_prompt,0,0.886111,0.939617,0.913710,28545,30296,cuda
sample_000,aeroplane,noise_decomposition,moderate,point_box_noise,sam_single_prompt,1,0.857762,0.923436,0.963666,26676,30296,cuda
sample_000,aeroplane,uncertainty_ensemble,moderate,point_box_noise,sam_single_noisy,0,0.886111,0.939617,0.913710,28545,30296,cuda
sample_000,aeroplane,uncertainty_ensemble,moderate,point_box_noise,sam_score_select,0,0.868518,0.929633,0.980169,27032,30296,cuda
sample_000,aeroplane,uncertainty_ensemble,moderate,point_box_noise,sam_consistency_medoid,0,0.884631,0.938785,0.959190,28382,30296,cuda
sample_000,aeroplane,uncertainty_ensemble,moderate,point_box_noise,sam_vote_consensus,0,0.896508,0.945430,0.959190,28418,30296,cuda
sample_000,aeroplane,uncertainty_ensemble,moderate,point_box_noise,sam_oracle_best,0,0.914279,0.955220,0.973417,29039,30296,cuda
sample_000,aeroplane,uncertainty_ensemble,moderate,point_box_noise,sam_single_noisy,1,0.857762,0.923436,0.963666,26676,30296,cuda
sample_000,aeroplane,uncertainty_ensemble,moderate,point_box_noise,sam_score_select,1,0.834968,0.910063,0.968206,25632,30296,cuda
sample_000,aeroplane,uncertainty_ensemble,moderate,point_box_noise,sam_consistency_medoid,1,0.841018,0.913645,0.965324,25960,30296,cuda
sample_000,aeroplane,uncertainty_ensemble,moderate,point_box_noise,sam_vote_consensus,1,0.851129,0.919578,0.965324,26430,30296,cuda
sample_000,aeroplane,uncertainty_ensemble,moderate,point_box_noise,sam_oracle_best,1,0.860661,0.925113,0.964429,27725,30296,cuda
sample_001,train,modality,clean,point_only,sam_vit_b,0,0.929263,0.963335,0.911946,46361,46861,cuda
sample_001,train,modality,clean,box_only,sam_vit_b,0,0.941862,0.970061,0.991951,48164,46861,cuda
sample_001,train,modality,clean,point_box,sam_vit_b,0,0.935465,0.966657,0.994957,48780,46861,cuda
sample_001,train,noise_decomposition,clean,clean,sam_single_prompt,0,0.935465,0.966657,0.994957,48780,46861,cuda
sample_001,train,noise_decomposition,mild,point_noise,sam_single_prompt,0,0.935514,0.966683,0.995007,48825,46861,cuda
sample_001,train,noise_decomposition,mild,point_noise,sam_single_prompt,1,0.940990,0.969598,0.990916,48593,46861,cuda
sample_001,train,noise_decomposition,mild,box_noise,sam_single_prompt,0,0.869772,0.930351,0.978777,46895,46861,cuda
sample_001,train,noise_decomposition,mild,box_noise,sam_single_prompt,1,0.844311,0.915584,0.978022,43051,46861,cuda
sample_001,train,noise_decomposition,mild,point_box_noise,sam_single_prompt,0,0.816430,0.898939,0.986586,47993,46861,cuda
sample_001,train,noise_decomposition,mild,point_box_noise,sam_single_prompt,1,0.947181,0.972874,0.990473,48251,46861,cuda
sample_001,train,uncertainty_ensemble,mild,point_box_noise,sam_single_noisy,0,0.816430,0.898939,0.986586,47993,46861,cuda
sample_001,train,uncertainty_ensemble,mild,point_box_noise,sam_score_select,0,0.816430,0.898939,0.986586,47993,46861,cuda
sample_001,train,uncertainty_ensemble,mild,point_box_noise,sam_consistency_medoid,0,0.816430,0.898939,0.978402,47993,46861,cuda
sample_001,train,uncertainty_ensemble,mild,point_box_noise,sam_vote_consensus,0,0.816630,0.899060,0.978402,47720,46861,cuda
sample_001,train,uncertainty_ensemble,mild,point_box_noise,sam_oracle_best,0,0.819851,0.901009,0.975727,47895,46861,cuda
sample_001,train,uncertainty_ensemble,mild,point_box_noise,sam_single_noisy,1,0.947181,0.972874,0.990473,48251,46861,cuda
sample_001,train,uncertainty_ensemble,mild,point_box_noise,sam_score_select,1,0.947181,0.972874,0.990473,48251,46861,cuda
sample_001,train,uncertainty_ensemble,mild,point_box_noise,sam_consistency_medoid,1,0.947181,0.972874,0.984821,48251,46861,cuda
sample_001,train,uncertainty_ensemble,mild,point_box_noise,sam_vote_consensus,1,0.945742,0.972114,0.984821,48313,46861,cuda
sample_001,train,uncertainty_ensemble,mild,point_box_noise,sam_oracle_best,1,0.950426,0.974583,0.986485,47524,46861,cuda
sample_001,train,noise_decomposition,moderate,point_noise,sam_single_prompt,0,0.935050,0.966435,0.995539,48775,46861,cuda
sample_001,train,noise_decomposition,moderate,point_noise,sam_single_prompt,1,0.933831,0.965783,1.010545,48823,46861,cuda
sample_001,train,noise_decomposition,moderate,box_noise,sam_single_prompt,0,0.827036,0.905331,0.974882,43897,46861,cuda
sample_001,train,noise_decomposition,moderate,box_noise,sam_single_prompt,1,0.726291,0.841447,0.979399,41349,46861,cuda
sample_001,train,noise_decomposition,moderate,point_box_noise,sam_single_prompt,0,0.700774,0.824065,0.974449,37494,46861,cuda
sample_001,train,noise_decomposition,moderate,point_box_noise,sam_single_prompt,1,0.911849,0.953892,0.974636,50129,46861,cuda
sample_001,train,uncertainty_ensemble,moderate,point_box_noise,sam_single_noisy,0,0.700774,0.824065,0.974449,37494,46861,cuda
sample_001,train,uncertainty_ensemble,moderate,point_box_noise,sam_score_select,0,0.688277,0.815360,0.977902,38397,46861,cuda
sample_001,train,uncertainty_ensemble,moderate,point_box_noise,sam_consistency_medoid,0,0.700774,0.824065,0.968347,37494,46861,cuda
sample_001,train,uncertainty_ensemble,moderate,point_box_noise,sam_vote_consensus,0,0.699656,0.823291,0.968347,37566,46861,cuda
sample_001,train,uncertainty_ensemble,moderate,point_box_noise,sam_oracle_best,0,0.721202,0.838021,0.976586,39070,46861,cuda
sample_001,train,uncertainty_ensemble,moderate,point_box_noise,sam_single_noisy,1,0.911849,0.953892,0.974636,50129,46861,cuda
sample_001,train,uncertainty_ensemble,moderate,point_box_noise,sam_score_select,1,0.942957,0.970641,0.985685,47796,46861,cuda
sample_001,train,uncertainty_ensemble,moderate,point_box_noise,sam_consistency_medoid,1,0.915064,0.955648,0.977915,50001,46861,cuda
sample_001,train,uncertainty_ensemble,moderate,point_box_noise,sam_vote_consensus,1,0.921051,0.958903,0.977915,49618,46861,cuda
sample_001,train,uncertainty_ensemble,moderate,point_box_noise,sam_oracle_best,1,0.942957,0.970641,0.985685,47796,46861,cuda
sample_002,boat,modality,clean,point_only,sam_vit_b,0,0.610073,0.757821,0.929840,5385,8233,cuda
sample_002,boat,modality,clean,box_only,sam_vit_b,0,0.829118,0.906577,0.951220,9557,8233,cuda
sample_002,boat,modality,clean,point_box,sam_vit_b,0,0.730807,0.844470,0.947223,11043,8233,cuda
sample_002,boat,noise_decomposition,clean,clean,sam_single_prompt,0,0.730807,0.844470,0.947223,11043,8233,cuda
sample_002,boat,noise_decomposition,mild,point_noise,sam_single_prompt,0,0.713921,0.833085,0.948688,11244,8233,cuda
sample_002,boat,noise_decomposition,mild,point_noise,sam_single_prompt,1,0.765394,0.867108,0.962720,10489,8233,cuda
sample_002,boat,noise_decomposition,mild,box_noise,sam_single_prompt,0,0.839018,0.912463,0.926774,7566,8233,cuda
sample_002,boat,noise_decomposition,mild,box_noise,sam_single_prompt,1,0.860400,0.924963,0.933583,8492,8233,cuda
sample_002,boat,noise_decomposition,mild,point_box_noise,sam_single_prompt,0,0.140142,0.245833,0.893662,24041,8233,cuda
sample_002,boat,noise_decomposition,mild,point_box_noise,sam_single_prompt,1,0.304229,0.466526,0.908109,21716,8233,cuda
sample_002,boat,uncertainty_ensemble,mild,point_box_noise,sam_single_noisy,0,0.140142,0.245833,0.893662,24041,8233,cuda
sample_002,boat,uncertainty_ensemble,mild,point_box_noise,sam_score_select,0,0.802328,0.890324,0.958230,9884,8233,cuda
sample_002,boat,uncertainty_ensemble,mild,point_box_noise,sam_consistency_medoid,0,0.559432,0.717481,0.890703,5267,8233,cuda
sample_002,boat,uncertainty_ensemble,mild,point_box_noise,sam_vote_consensus,0,0.589632,0.741847,0.890703,5627,8233,cuda
sample_002,boat,uncertainty_ensemble,mild,point_box_noise,sam_oracle_best,0,0.870024,0.930495,0.924018,8442,8233,cuda
sample_002,boat,uncertainty_ensemble,mild,point_box_noise,sam_single_noisy,1,0.304229,0.466526,0.908109,21716,8233,cuda
sample_002,boat,uncertainty_ensemble,mild,point_box_noise,sam_score_select,1,0.289639,0.449178,0.939828,18055,8233,cuda
sample_002,boat,uncertainty_ensemble,mild,point_box_noise,sam_consistency_medoid,1,0.304229,0.466526,0.897362,21716,8233,cuda
sample_002,boat,uncertainty_ensemble,mild,point_box_noise,sam_vote_consensus,1,0.362956,0.532602,0.897362,21290,8233,cuda
sample_002,boat,uncertainty_ensemble,mild,point_box_noise,sam_oracle_best,1,0.843888,0.915335,0.922241,8102,8233,cuda
sample_002,boat,noise_decomposition,moderate,point_noise,sam_single_prompt,0,0.890435,0.942043,0.919918,8883,8233,cuda
sample_002,boat,noise_decomposition,moderate,point_noise,sam_single_prompt,1,0.851021,0.919515,0.947349,8180,8233,cuda
sample_002,boat,noise_decomposition,moderate,box_noise,sam_single_prompt,0,0.852686,0.920486,0.965846,7563,8233,cuda
sample_002,boat,noise_decomposition,moderate,box_noise,sam_single_prompt,1,0.023521,0.045961,0.938676,22924,8233,cuda
sample_002,boat,noise_decomposition,moderate,point_box_noise,sam_single_prompt,0,0.000000,0.000000,0.937831,16677,8233,cuda
sample_002,boat,noise_decomposition,moderate,point_box_noise,sam_single_prompt,1,0.844624,0.915768,0.975031,7533,8233,cuda
sample_002,boat,uncertainty_ensemble,moderate,point_box_noise,sam_single_noisy,0,0.000000,0.000000,0.937831,16677,8233,cuda
sample_002,boat,uncertainty_ensemble,moderate,point_box_noise,sam_score_select,0,0.000000,0.000000,0.985167,17807,8233,cuda
sample_002,boat,uncertainty_ensemble,moderate,point_box_noise,sam_consistency_medoid,0,0.000000,0.000000,0.912240,14383,8233,cuda
sample_002,boat,uncertainty_ensemble,moderate,point_box_noise,sam_vote_consensus,0,0.000000,0.000000,0.912240,14408,8233,cuda
sample_002,boat,uncertainty_ensemble,moderate,point_box_noise,sam_oracle_best,0,0.000121,0.000243,0.952701,16502,8233,cuda
sample_002,boat,uncertainty_ensemble,moderate,point_box_noise,sam_single_noisy,1,0.844624,0.915768,0.975031,7533,8233,cuda
sample_002,boat,uncertainty_ensemble,moderate,point_box_noise,sam_score_select,1,0.852955,0.920643,0.981444,7569,8233,cuda
sample_002,boat,uncertainty_ensemble,moderate,point_box_noise,sam_consistency_medoid,1,0.844912,0.915938,0.966170,7541,8233,cuda
sample_002,boat,uncertainty_ensemble,moderate,point_box_noise,sam_vote_consensus,1,0.847968,0.917730,0.966170,7593,8233,cuda
sample_002,boat,uncertainty_ensemble,moderate,point_box_noise,sam_oracle_best,1,0.852955,0.920643,0.981444,7569,8233,cuda
sample_003,train,modality,clean,point_only,sam_vit_b,0,0.017077,0.033580,0.888606,1259,73727,cuda
sample_003,train,modality,clean,box_only,sam_vit_b,0,0.946178,0.972345,0.997670,73624,73727,cuda
sample_003,train,modality,clean,point_box,sam_vit_b,0,0.951961,0.975390,0.989265,72715,73727,cuda
sample_003,train,noise_decomposition,clean,clean,sam_single_prompt,0,0.951961,0.975390,0.989265,72715,73727,cuda
sample_003,train,noise_decomposition,mild,point_noise,sam_single_prompt,0,0.953441,0.976166,0.991858,72910,73727,cuda
sample_003,train,noise_decomposition,mild,point_noise,sam_single_prompt,1,0.949087,0.973879,0.989681,73355,73727,cuda
sample_003,train,noise_decomposition,mild,box_noise,sam_single_prompt,0,0.941733,0.969992,0.987016,73569,73727,cuda
sample_003,train,noise_decomposition,mild,box_noise,sam_single_prompt,1,0.924551,0.960797,0.990454,74067,73727,cuda
sample_003,train,noise_decomposition,mild,point_box_noise,sam_single_prompt,0,0.916851,0.956622,0.978237,69826,73727,cuda
sample_003,train,noise_decomposition,mild,point_box_noise,sam_single_prompt,1,0.928412,0.962877,0.984353,75050,73727,cuda
sample_003,train,uncertainty_ensemble,mild,point_box_noise,sam_single_noisy,0,0.916851,0.956622,0.978237,69826,73727,cuda
sample_003,train,uncertainty_ensemble,mild,point_box_noise,sam_score_select,0,0.871694,0.931449,0.981307,64477,73727,cuda
sample_003,train,uncertainty_ensemble,mild,point_box_noise,sam_consistency_medoid,0,0.916851,0.956622,0.975465,69826,73727,cuda
sample_003,train,uncertainty_ensemble,mild,point_box_noise,sam_vote_consensus,0,0.919065,0.957826,0.975465,69796,73727,cuda
sample_003,train,uncertainty_ensemble,mild,point_box_noise,sam_oracle_best,0,0.939260,0.968679,0.978928,71382,73727,cuda
sample_003,train,uncertainty_ensemble,mild,point_box_noise,sam_single_noisy,1,0.928412,0.962877,0.984353,75050,73727,cuda
sample_003,train,uncertainty_ensemble,mild,point_box_noise,sam_score_select,1,0.939389,0.968747,0.985162,73492,73727,cuda
sample_003,train,uncertainty_ensemble,mild,point_box_noise,sam_consistency_medoid,1,0.927304,0.962281,0.978180,74872,73727,cuda
sample_003,train,uncertainty_ensemble,mild,point_box_noise,sam_vote_consensus,1,0.925298,0.961200,0.978180,74829,73727,cuda
sample_003,train,uncertainty_ensemble,mild,point_box_noise,sam_oracle_best,1,0.939389,0.968747,0.985162,73492,73727,cuda
sample_003,train,noise_decomposition,moderate,point_noise,sam_single_prompt,0,0.948947,0.973805,0.990036,73360,73727,cuda
sample_003,train,noise_decomposition,moderate,point_noise,sam_single_prompt,1,0.951645,0.975223,0.987260,72701,73727,cuda
sample_003,train,noise_decomposition,moderate,box_noise,sam_single_prompt,0,0.680071,0.809574,0.965007,50148,73727,cuda
sample_003,train,noise_decomposition,moderate,box_noise,sam_single_prompt,1,0.545934,0.706284,0.985159,41796,73727,cuda
sample_003,train,noise_decomposition,moderate,point_box_noise,sam_single_prompt,0,0.842832,0.914714,0.971619,68324,73727,cuda
sample_003,train,noise_decomposition,moderate,point_box_noise,sam_single_prompt,1,0.916372,0.956361,0.967579,74169,73727,cuda
sample_003,train,uncertainty_ensemble,moderate,point_box_noise,sam_single_noisy,0,0.842832,0.914714,0.971619,68324,73727,cuda
sample_003,train,uncertainty_ensemble,moderate,point_box_noise,sam_score_select,0,0.884520,0.938722,0.975658,66078,73727,cuda
sample_003,train,uncertainty_ensemble,moderate,point_box_noise,sam_consistency_medoid,0,0.842832,0.914714,0.971800,68324,73727,cuda
sample_003,train,uncertainty_ensemble,moderate,point_box_noise,sam_vote_consensus,0,0.860466,0.925001,0.971800,69341,73727,cuda
sample_003,train,uncertainty_ensemble,moderate,point_box_noise,sam_oracle_best,0,0.884520,0.938722,0.975658,66078,73727,cuda
sample_003,train,uncertainty_ensemble,moderate,point_box_noise,sam_single_noisy,1,0.916372,0.956361,0.967579,74169,73727,cuda
sample_003,train,uncertainty_ensemble,moderate,point_box_noise,sam_score_select,1,0.910106,0.952938,0.986310,68255,73727,cuda
sample_003,train,uncertainty_ensemble,moderate,point_box_noise,sam_consistency_medoid,1,0.916372,0.956361,0.972130,74169,73727,cuda
sample_003,train,uncertainty_ensemble,moderate,point_box_noise,sam_vote_consensus,1,0.904740,0.949988,0.972130,73037,73727,cuda
sample_003,train,uncertainty_ensemble,moderate,point_box_noise,sam_oracle_best,1,0.916372,0.956361,0.967579,74169,73727,cuda
sample_004,person,modality,clean,point_only,sam_vit_b,0,0.020948,0.041036,0.801849,895,42725,cuda
sample_004,person,modality,clean,box_only,sam_vit_b,0,0.829163,0.906604,0.956549,46893,42725,cuda
sample_004,person,modality,clean,point_box,sam_vit_b,0,0.670492,0.802748,0.925432,49842,42725,cuda
sample_004,person,noise_decomposition,clean,clean,sam_single_prompt,0,0.670492,0.802748,0.925432,49842,42725,cuda
sample_004,person,noise_decomposition,mild,point_noise,sam_single_prompt,0,0.787231,0.880950,0.939633,43491,42725,cuda
sample_004,person,noise_decomposition,mild,point_noise,sam_single_prompt,1,0.774109,0.872674,0.925132,43353,42725,cuda
sample_004,person,noise_decomposition,mild,box_noise,sam_single_prompt,0,0.313623,0.477493,0.797471,44694,42725,cuda
sample_004,person,noise_decomposition,mild,box_noise,sam_single_prompt,1,0.686389,0.814034,0.958798,34687,42725,cuda
sample_004,person,noise_decomposition,mild,point_box_noise,sam_single_prompt,0,0.645018,0.784208,0.870602,46662,42725,cuda
sample_004,person,noise_decomposition,mild,point_box_noise,sam_single_prompt,1,0.659010,0.794461,0.915516,56867,42725,cuda
sample_004,person,uncertainty_ensemble,mild,point_box_noise,sam_single_noisy,0,0.645018,0.784208,0.870602,46662,42725,cuda
sample_004,person,uncertainty_ensemble,mild,point_box_noise,sam_score_select,0,0.797328,0.887237,0.927615,43651,42725,cuda
sample_004,person,uncertainty_ensemble,mild,point_box_noise,sam_consistency_medoid,0,0.645018,0.784208,0.870894,46662,42725,cuda
sample_004,person,uncertainty_ensemble,mild,point_box_noise,sam_vote_consensus,0,0.670576,0.802808,0.870894,47152,42725,cuda
sample_004,person,uncertainty_ensemble,mild,point_box_noise,sam_oracle_best,0,0.797328,0.887237,0.927615,43651,42725,cuda
sample_004,person,uncertainty_ensemble,mild,point_box_noise,sam_single_noisy,1,0.659010,0.794461,0.915516,56867,42725,cuda
sample_004,person,uncertainty_ensemble,mild,point_box_noise,sam_score_select,1,0.533686,0.695952,0.962574,71872,42725,cuda
sample_004,person,uncertainty_ensemble,mild,point_box_noise,sam_consistency_medoid,1,0.597074,0.747710,0.928384,57394,42725,cuda
sample_004,person,uncertainty_ensemble,mild,point_box_noise,sam_vote_consensus,1,0.620926,0.766137,0.928384,60421,42725,cuda
sample_004,person,uncertainty_ensemble,mild,point_box_noise,sam_oracle_best,1,0.659010,0.794461,0.915516,56867,42725,cuda
sample_004,person,noise_decomposition,moderate,point_noise,sam_single_prompt,0,0.743429,0.852836,0.918167,55050,42725,cuda
sample_004,person,noise_decomposition,moderate,point_noise,sam_single_prompt,1,0.749121,0.856568,0.918439,51292,42725,cuda
sample_004,person,noise_decomposition,moderate,box_noise,sam_single_prompt,0,0.446928,0.617762,0.683121,21931,42725,cuda
sample_004,person,noise_decomposition,moderate,box_noise,sam_single_prompt,1,0.431258,0.602628,0.756485,57111,42725,cuda
sample_004,person,noise_decomposition,moderate,point_box_noise,sam_single_prompt,0,0.218166,0.358187,0.693733,11995,42725,cuda
sample_004,person,noise_decomposition,moderate,point_box_noise,sam_single_prompt,1,0.192999,0.323553,0.881227,37676,42725,cuda
sample_004,person,uncertainty_ensemble,moderate,point_box_noise,sam_single_noisy,0,0.218166,0.358187,0.693733,11995,42725,cuda
sample_004,person,uncertainty_ensemble,moderate,point_box_noise,sam_score_select,0,0.186913,0.314956,0.840973,35108,42725,cuda
sample_004,person,uncertainty_ensemble,moderate,point_box_noise,sam_consistency_medoid,0,0.186913,0.314956,0.758733,35108,42725,cuda
sample_004,person,uncertainty_ensemble,moderate,point_box_noise,sam_vote_consensus,0,0.140970,0.247105,0.758733,30256,42725,cuda
sample_004,person,uncertainty_ensemble,moderate,point_box_noise,sam_oracle_best,0,0.374284,0.544697,0.716693,17995,42725,cuda
sample_004,person,uncertainty_ensemble,moderate,point_box_noise,sam_single_noisy,1,0.192999,0.323553,0.881227,37676,42725,cuda
sample_004,person,uncertainty_ensemble,moderate,point_box_noise,sam_score_select,1,0.211422,0.349048,0.919852,11302,42725,cuda
sample_004,person,uncertainty_ensemble,moderate,point_box_noise,sam_consistency_medoid,1,0.192999,0.323553,0.877424,37676,42725,cuda
sample_004,person,uncertainty_ensemble,moderate,point_box_noise,sam_vote_consensus,1,0.187987,0.316480,0.877424,37495,42725,cuda
sample_004,person,uncertainty_ensemble,moderate,point_box_noise,sam_oracle_best,1,0.211422,0.349048,0.919852,11302,42725,cuda
sample_005,sheep,modality,clean,point_only,sam_vit_b,0,0.931172,0.964360,0.934364,49290,51326,cuda
sample_005,sheep,modality,clean,box_only,sam_vit_b,0,0.942051,0.970161,0.990462,50521,51326,cuda
sample_005,sheep,modality,clean,point_box,sam_vit_b,0,0.873784,0.932641,0.974893,55416,51326,cuda
sample_005,sheep,noise_decomposition,clean,clean,sam_single_prompt,0,0.873784,0.932641,0.974893,55416,51326,cuda
sample_005,sheep,noise_decomposition,mild,point_noise,sam_single_prompt,0,0.926110,0.961638,0.987358,51979,51326,cuda
sample_005,sheep,noise_decomposition,mild,point_noise,sam_single_prompt,1,0.890101,0.941856,0.973767,54170,51326,cuda
sample_005,sheep,noise_decomposition,mild,box_noise,sam_single_prompt,0,0.929404,0.963411,0.968570,49304,51326,cuda
sample_005,sheep,noise_decomposition,mild,box_noise,sam_single_prompt,1,0.934704,0.966250,0.979690,49801,51326,cuda
sample_005,sheep,noise_decomposition,mild,point_box_noise,sam_single_prompt,0,0.858275,0.923733,0.968061,55326,51326,cuda
sample_005,sheep,noise_decomposition,mild,point_box_noise,sam_single_prompt,1,0.931882,0.964740,0.962394,49752,51326,cuda
sample_005,sheep,uncertainty_ensemble,mild,point_box_noise,sam_single_noisy,0,0.858275,0.923733,0.968061,55326,51326,cuda
sample_005,sheep,uncertainty_ensemble,mild,point_box_noise,sam_score_select,0,0.857427,0.923242,0.984195,55998,51326,cuda
sample_005,sheep,uncertainty_ensemble,mild,point_box_noise,sam_consistency_medoid,0,0.941138,0.969677,0.967288,50378,51326,cuda
sample_005,sheep,uncertainty_ensemble,mild,point_box_noise,sam_vote_consensus,0,0.936107,0.966999,0.967288,50732,51326,cuda
sample_005,sheep,uncertainty_ensemble,mild,point_box_noise,sam_oracle_best,0,0.941138,0.969677,0.967663,50378,51326,cuda
sample_005,sheep,uncertainty_ensemble,mild,point_box_noise,sam_single_noisy,1,0.931882,0.964740,0.962394,49752,51326,cuda
sample_005,sheep,uncertainty_ensemble,mild,point_box_noise,sam_score_select,1,0.859187,0.924261,1.003207,56280,51326,cuda
sample_005,sheep,uncertainty_ensemble,mild,point_box_noise,sam_consistency_medoid,1,0.929088,0.963241,0.967911,49546,51326,cuda
sample_005,sheep,uncertainty_ensemble,mild,point_box_noise,sam_vote_consensus,1,0.931218,0.964384,0.967911,49781,51326,cuda
sample_005,sheep,uncertainty_ensemble,mild,point_box_noise,sam_oracle_best,1,0.931882,0.964740,0.962394,49752,51326,cuda
sample_005,sheep,noise_decomposition,moderate,point_noise,sam_single_prompt,0,0.927058,0.962149,0.985676,52026,51326,cuda
sample_005,sheep,noise_decomposition,moderate,point_noise,sam_single_prompt,1,0.873495,0.932477,0.974416,55437,51326,cuda
sample_005,sheep,noise_decomposition,moderate,box_noise,sam_single_prompt,0,0.933909,0.965825,0.972075,49597,51326,cuda
sample_005,sheep,noise_decomposition,moderate,box_noise,sam_single_prompt,1,0.936380,0.967145,0.966494,51794,51326,cuda
sample_005,sheep,noise_decomposition,moderate,point_box_noise,sam_single_prompt,0,0.860217,0.924856,0.976613,56308,51326,cuda
sample_005,sheep,noise_decomposition,moderate,point_box_noise,sam_single_prompt,1,0.283289,0.441505,0.878718,15346,51326,cuda
sample_005,sheep,uncertainty_ensemble,moderate,point_box_noise,sam_single_noisy,0,0.860217,0.924856,0.976613,56308,51326,cuda
sample_005,sheep,uncertainty_ensemble,moderate,point_box_noise,sam_score_select,0,0.859916,0.924683,0.995730,56352,51326,cuda
sample_005,sheep,uncertainty_ensemble,moderate,point_box_noise,sam_consistency_medoid,0,0.860217,0.924856,0.979982,56308,51326,cuda
sample_005,sheep,uncertainty_ensemble,moderate,point_box_noise,sam_vote_consensus,0,0.860888,0.925244,0.979982,56278,51326,cuda
sample_005,sheep,uncertainty_ensemble,moderate,point_box_noise,sam_oracle_best,0,0.933876,0.965807,0.977481,50158,51326,cuda
sample_005,sheep,uncertainty_ensemble,moderate,point_box_noise,sam_single_noisy,1,0.283289,0.441505,0.878718,15346,51326,cuda
sample_005,sheep,uncertainty_ensemble,moderate,point_box_noise,sam_score_select,1,0.294075,0.454495,0.922082,21973,51326,cuda
sample_005,sheep,uncertainty_ensemble,moderate,point_box_noise,sam_consistency_medoid,1,0.714004,0.833141,0.894744,37228,51326,cuda
sample_005,sheep,uncertainty_ensemble,moderate,point_box_noise,sam_vote_consensus,1,0.618957,0.764637,0.894744,32468,51326,cuda
sample_005,sheep,uncertainty_ensemble,moderate,point_box_noise,sam_oracle_best,1,0.714004,0.833141,0.919392,37228,51326,cuda
sample_006,tvmonitor,modality,clean,point_only,sam_vit_b,0,0.533848,0.696090,0.947083,27404,51333,cuda
sample_006,tvmonitor,modality,clean,box_only,sam_vit_b,0,0.982626,0.991237,0.997110,51028,51333,cuda
sample_006,tvmonitor,modality,clean,point_box,sam_vit_b,0,0.973765,0.986708,0.988471,50608,51333,cuda
sample_006,tvmonitor,noise_decomposition,clean,clean,sam_single_prompt,0,0.973765,0.986708,0.988471,50608,51333,cuda
sample_006,tvmonitor,noise_decomposition,mild,point_noise,sam_single_prompt,0,0.973459,0.986551,0.987089,50608,51333,cuda
sample_006,tvmonitor,noise_decomposition,mild,point_noise,sam_single_prompt,1,0.973437,0.986540,0.988218,50597,51333,cuda
sample_006,tvmonitor,noise_decomposition,mild,box_noise,sam_single_prompt,0,0.927320,0.962290,0.930985,47685,51333,cuda
sample_006,tvmonitor,noise_decomposition,mild,box_noise,sam_single_prompt,1,0.975770,0.987736,0.978257,50757,51333,cuda
sample_006,tvmonitor,noise_decomposition,mild,point_box_noise,sam_single_prompt,0,0.974757,0.987217,0.989170,50677,51333,cuda
sample_006,tvmonitor,noise_decomposition,mild,point_box_noise,sam_single_prompt,1,0.978295,0.989028,0.944238,50931,51333,cuda
sample_006,tvmonitor,uncertainty_ensemble,mild,point_box_noise,sam_single_noisy,0,0.974757,0.987217,0.989170,50677,51333,cuda
sample_006,tvmonitor,uncertainty_ensemble,mild,point_box_noise,sam_score_select,0,0.981243,0.990533,0.994094,51020,51333,cuda
sample_006,tvmonitor,uncertainty_ensemble,mild,point_box_noise,sam_consistency_medoid,0,0.974675,0.987175,0.983465,50657,51333,cuda
sample_006,tvmonitor,uncertainty_ensemble,mild,point_box_noise,sam_vote_consensus,0,0.975798,0.987751,0.983465,50715,51333,cuda
sample_006,tvmonitor,uncertainty_ensemble,mild,point_box_noise,sam_oracle_best,0,0.981243,0.990533,0.994094,51020,51333,cuda
sample_006,tvmonitor,uncertainty_ensemble,mild,point_box_noise,sam_single_noisy,1,0.978295,0.989028,0.944238,50931,51333,cuda
sample_006,tvmonitor,uncertainty_ensemble,mild,point_box_noise,sam_score_select,1,0.980039,0.989919,0.986955,51829,51333,cuda
sample_006,tvmonitor,uncertainty_ensemble,mild,point_box_noise,sam_consistency_medoid,1,0.982313,0.991078,0.967263,51668,51333,cuda
sample_006,tvmonitor,uncertainty_ensemble,mild,point_box_noise,sam_vote_consensus,1,0.983499,0.991681,0.967263,51561,51333,cuda
sample_006,tvmonitor,uncertainty_ensemble,mild,point_box_noise,sam_oracle_best,1,0.982313,0.991078,0.984629,51668,51333,cuda
sample_006,tvmonitor,noise_decomposition,moderate,point_noise,sam_single_prompt,0,0.973360,0.986500,0.986425,50595,51333,cuda
sample_006,tvmonitor,noise_decomposition,moderate,point_noise,sam_single_prompt,1,0.974528,0.987100,0.991531,50679,51333,cuda
sample_006,tvmonitor,noise_decomposition,moderate,box_noise,sam_single_prompt,0,0.696491,0.821096,0.950004,36077,51333,cuda
sample_006,tvmonitor,noise_decomposition,moderate,box_noise,sam_single_prompt,1,0.978014,0.988885,0.980543,50869,51333,cuda
sample_006,tvmonitor,noise_decomposition,moderate,point_box_noise,sam_single_prompt,0,0.974654,0.987164,0.968420,51272,51333,cuda
sample_006,tvmonitor,noise_decomposition,moderate,point_box_noise,sam_single_prompt,1,0.960128,0.979658,0.924851,50921,51333,cuda
sample_006,tvmonitor,uncertainty_ensemble,moderate,point_box_noise,sam_single_noisy,0,0.974654,0.987164,0.968420,51272,51333,cuda
sample_006,tvmonitor,uncertainty_ensemble,moderate,point_box_noise,sam_score_select,0,0.940237,0.969198,0.992931,54115,51333,cuda
sample_006,tvmonitor,uncertainty_ensemble,moderate,point_box_noise,sam_consistency_medoid,0,0.966018,0.982716,0.959784,52691,51333,cuda
sample_006,tvmonitor,uncertainty_ensemble,moderate,point_box_noise,sam_vote_consensus,0,0.971010,0.985292,0.959784,52350,51333,cuda
sample_006,tvmonitor,uncertainty_ensemble,moderate,point_box_noise,sam_oracle_best,0,0.974654,0.987164,0.968420,51272,51333,cuda
sample_006,tvmonitor,uncertainty_ensemble,moderate,point_box_noise,sam_single_noisy,1,0.960128,0.979658,0.924851,50921,51333,cuda
sample_006,tvmonitor,uncertainty_ensemble,moderate,point_box_noise,sam_score_select,1,0.922011,0.959423,0.929892,49390,51333,cuda
sample_006,tvmonitor,uncertainty_ensemble,moderate,point_box_noise,sam_consistency_medoid,1,0.922011,0.959423,0.912122,49390,51333,cuda
sample_006,tvmonitor,uncertainty_ensemble,moderate,point_box_noise,sam_vote_consensus,1,0.836433,0.910933,0.912122,45717,51333,cuda
sample_006,tvmonitor,uncertainty_ensemble,moderate,point_box_noise,sam_oracle_best,1,0.960128,0.979658,0.924851,50921,51333,cuda
sample_007,person,modality,clean,point_only,sam_vit_b,0,0.071898,0.134150,0.897789,10227,141856,cuda
sample_007,person,modality,clean,box_only,sam_vit_b,0,0.870144,0.930563,0.940918,124776,141856,cuda
sample_007,person,modality,clean,point_box,sam_vit_b,0,0.822423,0.902560,0.946451,117965,141856,cuda
sample_007,person,noise_decomposition,clean,clean,sam_single_prompt,0,0.822423,0.902560,0.946451,117965,141856,cuda
sample_007,person,noise_decomposition,mild,point_noise,sam_single_prompt,0,0.825165,0.904209,0.943798,118376,141856,cuda
sample_007,person,noise_decomposition,mild,point_noise,sam_single_prompt,1,0.814979,0.898059,0.942958,116686,141856,cuda
sample_007,person,noise_decomposition,mild,box_noise,sam_single_prompt,0,0.597005,0.747656,0.888387,84866,141856,cuda
sample_007,person,noise_decomposition,mild,box_noise,sam_single_prompt,1,0.379354,0.550046,0.939004,54622,141856,cuda
sample_007,person,noise_decomposition,mild,point_box_noise,sam_single_prompt,0,0.427499,0.598948,0.920345,61230,141856,cuda
sample_007,person,noise_decomposition,mild,point_box_noise,sam_single_prompt,1,0.262567,0.415926,0.928353,37546,141856,cuda
sample_007,person,uncertainty_ensemble,mild,point_box_noise,sam_single_noisy,0,0.427499,0.598948,0.920345,61230,141856,cuda
sample_007,person,uncertainty_ensemble,mild,point_box_noise,sam_score_select,0,0.506094,0.672061,0.942036,72425,141856,cuda
sample_007,person,uncertainty_ensemble,mild,point_box_noise,sam_consistency_medoid,0,0.506094,0.672061,0.909195,72425,141856,cuda
sample_007,person,uncertainty_ensemble,mild,point_box_noise,sam_vote_consensus,0,0.514308,0.679264,0.909195,73580,141856,cuda
sample_007,person,uncertainty_ensemble,mild,point_box_noise,sam_oracle_best,0,0.674104,0.805331,0.906462,95907,141856,cuda
sample_007,person,uncertainty_ensemble,mild,point_box_noise,sam_single_noisy,1,0.262567,0.415926,0.928353,37546,141856,cuda
sample_007,person,uncertainty_ensemble,mild,point_box_noise,sam_score_select,1,0.262567,0.415926,0.928353,37546,141856,cuda
sample_007,person,uncertainty_ensemble,mild,point_box_noise,sam_consistency_medoid,1,0.261603,0.414716,0.846332,37409,141856,cuda
sample_007,person,uncertainty_ensemble,mild,point_box_noise,sam_vote_consensus,1,0.259304,0.411821,0.846332,37047,141856,cuda
sample_007,person,uncertainty_ensemble,mild,point_box_noise,sam_oracle_best,1,0.368235,0.538263,0.875351,52536,141856,cuda
sample_007,person,noise_decomposition,moderate,point_noise,sam_single_prompt,0,0.920713,0.958720,0.905291,132080,141856,cuda
sample_007,person,noise_decomposition,moderate,point_noise,sam_single_prompt,1,0.906202,0.950794,0.937534,130039,141856,cuda
sample_007,person,noise_decomposition,moderate,box_noise,sam_single_prompt,0,0.211903,0.349703,0.830335,30147,141856,cuda
sample_007,person,noise_decomposition,moderate,box_noise,sam_single_prompt,1,0.541824,0.702835,0.861788,77655,141856,cuda
sample_007,person,noise_decomposition,moderate,point_box_noise,sam_single_prompt,0,0.212262,0.350191,0.771639,30153,141856,cuda
sample_007,person,noise_decomposition,moderate,point_box_noise,sam_single_prompt,1,0.247963,0.397388,0.773237,35467,141856,cuda
sample_007,person,uncertainty_ensemble,moderate,point_box_noise,sam_single_noisy,0,0.212262,0.350191,0.771639,30153,141856,cuda
sample_007,person,uncertainty_ensemble,moderate,point_box_noise,sam_score_select,0,0.229988,0.373968,0.982960,32865,141856,cuda
sample_007,person,uncertainty_ensemble,moderate,point_box_noise,sam_consistency_medoid,0,0.217257,0.356961,0.856390,30992,141856,cuda
sample_007,person,uncertainty_ensemble,moderate,point_box_noise,sam_vote_consensus,0,0.219553,0.360055,0.856390,31323,141856,cuda
sample_007,person,uncertainty_ensemble,moderate,point_box_noise,sam_oracle_best,0,0.248168,0.397651,0.977535,35440,141856,cuda
sample_007,person,uncertainty_ensemble,moderate,point_box_noise,sam_single_noisy,1,0.247963,0.397388,0.773237,35467,141856,cuda
sample_007,person,uncertainty_ensemble,moderate,point_box_noise,sam_score_select,1,0.281502,0.439331,0.879704,40230,141856,cuda
sample_007,person,uncertainty_ensemble,moderate,point_box_noise,sam_consistency_medoid,1,0.281502,0.439331,0.794192,40230,141856,cuda
sample_007,person,uncertainty_ensemble,moderate,point_box_noise,sam_vote_consensus,1,0.252626,0.403354,0.794192,36092,141856,cuda
sample_007,person,uncertainty_ensemble,moderate,point_box_noise,sam_oracle_best,1,0.356972,0.526130,0.792621,50777,141856,cuda
sample_008,horse,modality,clean,point_only,sam_vit_b,0,0.667043,0.800271,0.811555,10850,9798,cuda
sample_008,horse,modality,clean,box_only,sam_vit_b,0,0.720836,0.837774,0.943144,10618,9798,cuda
sample_008,horse,modality,clean,point_box,sam_vit_b,0,0.725849,0.841150,0.939688,12462,9798,cuda
sample_008,horse,noise_decomposition,clean,clean,sam_single_prompt,0,0.725849,0.841150,0.939688,12462,9798,cuda
sample_008,horse,noise_decomposition,mild,point_noise,sam_single_prompt,0,0.720491,0.837541,0.944571,12503,9798,cuda
sample_008,horse,noise_decomposition,mild,point_noise,sam_single_prompt,1,0.730766,0.844442,0.937372,12361,9798,cuda
sample_008,horse,noise_decomposition,mild,box_noise,sam_single_prompt,0,0.684111,0.812430,0.951156,13404,9798,cuda
sample_008,horse,noise_decomposition,mild,box_noise,sam_single_prompt,1,0.635773,0.777337,0.942141,14629,9798,cuda
sample_008,horse,noise_decomposition,mild,point_box_noise,sam_single_prompt,0,0.740896,0.851166,0.939193,11857,9798,cuda
sample_008,horse,noise_decomposition,mild,point_box_noise,sam_single_prompt,1,0.732346,0.845496,0.917846,12182,9798,cuda
sample_008,horse,uncertainty_ensemble,mild,point_box_noise,sam_single_noisy,0,0.740896,0.851166,0.939193,11857,9798,cuda
sample_008,horse,uncertainty_ensemble,mild,point_box_noise,sam_score_select,0,0.724742,0.840406,0.940188,10773,9798,cuda
sample_008,horse,uncertainty_ensemble,mild,point_box_noise,sam_consistency_medoid,0,0.746302,0.854722,0.938134,11568,9798,cuda
sample_008,horse,uncertainty_ensemble,mild,point_box_noise,sam_vote_consensus,0,0.739884,0.850498,0.938134,11874,9798,cuda
sample_008,horse,uncertainty_ensemble,mild,point_box_noise,sam_oracle_best,0,0.746302,0.854722,0.938017,11568,9798,cuda
sample_008,horse,uncertainty_ensemble,mild,point_box_noise,sam_single_noisy,1,0.732346,0.845496,0.917846,12182,9798,cuda
sample_008,horse,uncertainty_ensemble,mild,point_box_noise,sam_score_select,1,0.742047,0.851925,0.928668,11887,9798,cuda
sample_008,horse,uncertainty_ensemble,mild,point_box_noise,sam_consistency_medoid,1,0.732346,0.845496,0.915135,12182,9798,cuda
sample_008,horse,uncertainty_ensemble,mild,point_box_noise,sam_vote_consensus,1,0.734304,0.846799,0.915135,12245,9798,cuda
sample_008,horse,uncertainty_ensemble,mild,point_box_noise,sam_oracle_best,1,0.742047,0.851925,0.928668,11887,9798,cuda
sample_008,horse,noise_decomposition,moderate,point_noise,sam_single_prompt,0,0.721654,0.838327,0.942359,12432,9798,cuda
sample_008,horse,noise_decomposition,moderate,point_noise,sam_single_prompt,1,0.729199,0.843395,0.947582,12398,9798,cuda
sample_008,horse,noise_decomposition,moderate,box_noise,sam_single_prompt,0,0.353055,0.521864,0.815392,5570,9798,cuda
sample_008,horse,noise_decomposition,moderate,box_noise,sam_single_prompt,1,0.558180,0.716451,0.870639,8213,9798,cuda
sample_008,horse,noise_decomposition,moderate,point_box_noise,sam_single_prompt,0,0.552660,0.711888,0.933626,6109,9798,cuda
sample_008,horse,noise_decomposition,moderate,point_box_noise,sam_single_prompt,1,0.708223,0.829193,0.945945,8316,9798,cuda
sample_008,horse,uncertainty_ensemble,moderate,point_box_noise,sam_single_noisy,0,0.552660,0.711888,0.933626,6109,9798,cuda
sample_008,horse,uncertainty_ensemble,moderate,point_box_noise,sam_score_select,0,0.643189,0.782855,0.955343,7536,9798,cuda
sample_008,horse,uncertainty_ensemble,moderate,point_box_noise,sam_consistency_medoid,0,0.643189,0.782855,0.939236,7536,9798,cuda
sample_008,horse,uncertainty_ensemble,moderate,point_box_noise,sam_vote_consensus,0,0.631449,0.774096,0.939236,7975,9798,cuda
sample_008,horse,uncertainty_ensemble,moderate,point_box_noise,sam_oracle_best,0,0.702824,0.825481,0.941278,9856,9798,cuda
sample_008,horse,uncertainty_ensemble,moderate,point_box_noise,sam_single_noisy,1,0.708223,0.829193,0.945945,8316,9798,cuda
sample_008,horse,uncertainty_ensemble,moderate,point_box_noise,sam_score_select,1,0.708223,0.829193,0.945945,8316,9798,cuda
sample_008,horse,uncertainty_ensemble,moderate,point_box_noise,sam_consistency_medoid,1,0.708223,0.829193,0.924312,8316,9798,cuda
sample_008,horse,uncertainty_ensemble,moderate,point_box_noise,sam_vote_consensus,1,0.713101,0.832526,0.924312,8378,9798,cuda
sample_008,horse,uncertainty_ensemble,moderate,point_box_noise,sam_oracle_best,1,0.715058,0.833859,0.941064,8277,9798,cuda
sample_009,person,modality,clean,point_only,sam_vit_b,0,0.385010,0.555967,0.982674,19452,49160,cuda
sample_009,person,modality,clean,box_only,sam_vit_b,0,0.972215,0.985912,1.002058,49930,49160,cuda
sample_009,person,modality,clean,point_box,sam_vit_b,0,0.965467,0.982430,1.005448,50271,49160,cuda
sample_009,person,noise_decomposition,clean,clean,sam_single_prompt,0,0.965467,0.982430,1.005448,50271,49160,cuda
sample_009,person,noise_decomposition,mild,point_noise,sam_single_prompt,0,0.966653,0.983044,1.003610,50215,49160,cuda
sample_009,person,noise_decomposition,mild,point_noise,sam_single_prompt,1,0.961402,0.980321,1.004176,50491,49160,cuda
sample_009,person,noise_decomposition,mild,box_noise,sam_single_prompt,0,0.927305,0.962281,0.964623,48643,49160,cuda
sample_009,person,noise_decomposition,mild,box_noise,sam_single_prompt,1,0.665006,0.798803,0.999524,35404,49160,cuda
sample_009,person,noise_decomposition,mild,point_box_noise,sam_single_prompt,0,0.954374,0.976654,1.004048,50859,49160,cuda
sample_009,person,noise_decomposition,mild,point_box_noise,sam_single_prompt,1,0.967996,0.983738,0.998619,50088,49160,cuda
sample_009,person,uncertainty_ensemble,mild,point_box_noise,sam_single_noisy,0,0.954374,0.976654,1.004048,50859,49160,cuda
sample_009,person,uncertainty_ensemble,mild,point_box_noise,sam_score_select,0,0.952652,0.975752,1.008114,50972,49160,cuda
sample_009,person,uncertainty_ensemble,mild,point_box_noise,sam_consistency_medoid,0,0.954374,0.976654,0.998586,50859,49160,cuda
sample_009,person,uncertainty_ensemble,mild,point_box_noise,sam_vote_consensus,0,0.953489,0.976191,0.998586,50927,49160,cuda
sample_009,person,uncertainty_ensemble,mild,point_box_noise,sam_oracle_best,0,0.955839,0.977421,1.002496,50799,49160,cuda
sample_009,person,uncertainty_ensemble,mild,point_box_noise,sam_single_noisy,1,0.967996,0.983738,0.998619,50088,49160,cuda
sample_009,person,uncertainty_ensemble,mild,point_box_noise,sam_score_select,1,0.965586,0.982492,1.010639,50108,49160,cuda
sample_009,person,uncertainty_ensemble,mild,point_box_noise,sam_consistency_medoid,1,0.967996,0.983738,1.003523,50088,49160,cuda
sample_009,person,uncertainty_ensemble,mild,point_box_noise,sam_vote_consensus,1,0.966633,0.983033,1.003523,50153,49160,cuda
sample_009,person,uncertainty_ensemble,mild,point_box_noise,sam_oracle_best,1,0.970564,0.985062,1.006103,49313,49160,cuda
sample_009,person,noise_decomposition,moderate,point_noise,sam_single_prompt,0,0.973941,0.986798,1.000889,49843,49160,cuda
sample_009,person,noise_decomposition,moderate,point_noise,sam_single_prompt,1,0.974584,0.987128,0.999791,49818,49160,cuda
sample_009,person,noise_decomposition,moderate,box_noise,sam_single_prompt,0,0.936548,0.967234,0.924893,47069,49160,cuda
sample_009,person,noise_decomposition,moderate,box_noise,sam_single_prompt,1,0.928222,0.962775,0.990233,49000,49160,cuda
sample_009,person,noise_decomposition,moderate,point_box_noise,sam_single_prompt,0,0.806845,0.893098,1.002674,40483,49160,cuda
sample_009,person,noise_decomposition,moderate,point_box_noise,sam_single_prompt,1,0.850393,0.919149,0.896472,42873,49160,cuda
sample_009,person,uncertainty_ensemble,moderate,point_box_noise,sam_single_noisy,0,0.806845,0.893098,1.002674,40483,49160,cuda
sample_009,person,uncertainty_ensemble,moderate,point_box_noise,sam_score_select,0,0.677503,0.807752,1.006925,33967,49160,cuda
sample_009,person,uncertainty_ensemble,moderate,point_box_noise,sam_consistency_medoid,0,0.715177,0.833939,0.993181,35827,49160,cuda
sample_009,person,uncertainty_ensemble,moderate,point_box_noise,sam_vote_consensus,0,0.784540,0.879263,0.993181,39305,49160,cuda
sample_009,person,uncertainty_ensemble,moderate,point_box_noise,sam_oracle_best,0,0.823520,0.903220,0.976605,41210,49160,cuda
sample_009,person,uncertainty_ensemble,moderate,point_box_noise,sam_single_noisy,1,0.850393,0.919149,0.896472,42873,49160,cuda
sample_009,person,uncertainty_ensemble,moderate,point_box_noise,sam_score_select,1,0.960350,0.979774,1.004459,50563,49160,cuda
sample_009,person,uncertainty_ensemble,moderate,point_box_noise,sam_consistency_medoid,1,0.850393,0.919149,0.949068,42873,49160,cuda
sample_009,person,uncertainty_ensemble,moderate,point_box_noise,sam_vote_consensus,1,0.849568,0.918666,0.949068,43028,49160,cuda
sample_009,person,uncertainty_ensemble,moderate,point_box_noise,sam_oracle_best,1,0.960350,0.979774,1.004459,50563,49160,cuda
sample_010,sofa,modality,clean,point_only,sam_vit_b,0,0.738491,0.849577,0.953550,41812,30923,cuda
sample_010,sofa,modality,clean,box_only,sam_vit_b,0,0.971872,0.985735,0.978563,31329,30923,cuda
sample_010,sofa,modality,clean,point_box,sam_vit_b,0,0.835908,0.910621,0.975891,36699,30923,cuda
sample_010,sofa,noise_decomposition,clean,clean,sam_single_prompt,0,0.835908,0.910621,0.975891,36699,30923,cuda
sample_010,sofa,noise_decomposition,mild,point_noise,sam_single_prompt,0,0.838202,0.911980,0.976795,36596,30923,cuda
sample_010,sofa,noise_decomposition,mild,point_noise,sam_single_prompt,1,0.828219,0.906039,0.976124,37052,30923,cuda
sample_010,sofa,noise_decomposition,mild,box_noise,sam_single_prompt,0,0.931433,0.964500,0.980958,32851,30923,cuda
sample_010,sofa,noise_decomposition,mild,box_noise,sam_single_prompt,1,0.716579,0.834892,0.990841,40933,30923,cuda
sample_010,sofa,noise_decomposition,mild,point_box_noise,sam_single_prompt,0,0.728845,0.843158,0.981829,42361,30923,cuda
sample_010,sofa,noise_decomposition,mild,point_box_noise,sam_single_prompt,1,0.630707,0.773538,0.951890,34015,30923,cuda
sample_010,sofa,uncertainty_ensemble,mild,point_box_noise,sam_single_noisy,0,0.728845,0.843158,0.981829,42361,30923,cuda
sample_010,sofa,uncertainty_ensemble,mild,point_box_noise,sam_score_select,0,0.729061,0.843303,0.984893,42365,30923,cuda
sample_010,sofa,uncertainty_ensemble,mild,point_box_noise,sam_consistency_medoid,0,0.729495,0.843593,0.966359,42309,30923,cuda
sample_010,sofa,uncertainty_ensemble,mild,point_box_noise,sam_vote_consensus,0,0.729503,0.843599,0.966359,42318,30923,cuda
sample_010,sofa,uncertainty_ensemble,mild,point_box_noise,sam_oracle_best,0,0.972474,0.986045,0.932860,31133,30923,cuda
sample_010,sofa,uncertainty_ensemble,mild,point_box_noise,sam_single_noisy,1,0.630707,0.773538,0.951890,34015,30923,cuda
sample_010,sofa,uncertainty_ensemble,mild,point_box_noise,sam_score_select,1,0.732205,0.845402,0.991947,42034,30923,cuda
sample_010,sofa,uncertainty_ensemble,mild,point_box_noise,sam_consistency_medoid,1,0.630707,0.773538,0.959474,34015,30923,cuda
sample_010,sofa,uncertainty_ensemble,mild,point_box_noise,sam_vote_consensus,1,0.679575,0.809223,0.959474,37864,30923,cuda
sample_010,sofa,uncertainty_ensemble,mild,point_box_noise,sam_oracle_best,1,0.732205,0.845402,0.991947,42034,30923,cuda
sample_010,sofa,noise_decomposition,moderate,point_noise,sam_single_prompt,0,0.816889,0.899218,0.973443,37581,30923,cuda
sample_010,sofa,noise_decomposition,moderate,point_noise,sam_single_prompt,1,0.969582,0.984556,0.990070,31432,30923,cuda
sample_010,sofa,noise_decomposition,moderate,box_noise,sam_single_prompt,0,0.469512,0.639004,0.893156,23446,30923,cuda
sample_010,sofa,noise_decomposition,moderate,box_noise,sam_single_prompt,1,0.725978,0.841237,0.984418,42545,30923,cuda
sample_010,sofa,noise_decomposition,moderate,point_box_noise,sam_single_prompt,0,0.419828,0.591379,0.913602,13316,30923,cuda
sample_010,sofa,noise_decomposition,moderate,point_box_noise,sam_single_prompt,1,0.634933,0.776708,0.952339,37754,30923,cuda
sample_010,sofa,uncertainty_ensemble,moderate,point_box_noise,sam_single_noisy,0,0.419828,0.591379,0.913602,13316,30923,cuda
sample_010,sofa,uncertainty_ensemble,moderate,point_box_noise,sam_score_select,0,0.308944,0.472051,0.940588,10009,30923,cuda
sample_010,sofa,uncertainty_ensemble,moderate,point_box_noise,sam_consistency_medoid,0,0.419828,0.591379,0.900097,13316,30923,cuda
sample_010,sofa,uncertainty_ensemble,moderate,point_box_noise,sam_vote_consensus,0,0.419381,0.590935,0.900097,13356,30923,cuda
sample_010,sofa,uncertainty_ensemble,moderate,point_box_noise,sam_oracle_best,0,0.830513,0.907410,0.857479,26200,30923,cuda
sample_010,sofa,uncertainty_ensemble,moderate,point_box_noise,sam_single_noisy,1,0.634933,0.776708,0.952339,37754,30923,cuda
sample_010,sofa,uncertainty_ensemble,moderate,point_box_noise,sam_score_select,1,0.655168,0.791664,0.956263,38700,30923,cuda
sample_010,sofa,uncertainty_ensemble,moderate,point_box_noise,sam_consistency_medoid,1,0.634933,0.776708,0.928494,37754,30923,cuda
sample_010,sofa,uncertainty_ensemble,moderate,point_box_noise,sam_vote_consensus,1,0.619731,0.765227,0.928494,36981,30923,cuda
sample_010,sofa,uncertainty_ensemble,moderate,point_box_noise,sam_oracle_best,1,0.655168,0.791664,0.956263,38700,30923,cuda
sample_011,cow,modality,clean,point_only,sam_vit_b,0,0.359418,0.528782,0.973663,4581,12235,cuda
sample_011,cow,modality,clean,box_only,sam_vit_b,0,0.894764,0.944460,0.979493,13170,12235,cuda
sample_011,cow,modality,clean,point_box,sam_vit_b,0,0.894901,0.944536,0.976207,13295,12235,cuda
sample_011,cow,noise_decomposition,clean,clean,sam_single_prompt,0,0.894901,0.944536,0.976207,13295,12235,cuda
sample_011,cow,noise_decomposition,mild,point_noise,sam_single_prompt,0,0.895147,0.944673,0.976909,13304,12235,cuda
sample_011,cow,noise_decomposition,mild,point_noise,sam_single_prompt,1,0.895003,0.944592,0.976611,13285,12235,cuda
sample_011,cow,noise_decomposition,mild,box_noise,sam_single_prompt,0,0.895674,0.944966,0.981847,13313,12235,cuda
sample_011,cow,noise_decomposition,mild,box_noise,sam_single_prompt,1,0.890043,0.941823,0.979383,13067,12235,cuda
sample_011,cow,noise_decomposition,mild,point_box_noise,sam_single_prompt,0,0.885547,0.939300,0.977380,12905,12235,cuda
sample_011,cow,noise_decomposition,mild,point_box_noise,sam_single_prompt,1,0.895070,0.944630,0.980073,13176,12235,cuda
sample_011,cow,uncertainty_ensemble,mild,point_box_noise,sam_single_noisy,0,0.885547,0.939300,0.977380,12905,12235,cuda
sample_011,cow,uncertainty_ensemble,mild,point_box_noise,sam_score_select,0,0.817439,0.899550,0.981131,12006,12235,cuda
sample_011,cow,uncertainty_ensemble,mild,point_box_noise,sam_consistency_medoid,0,0.885547,0.939300,0.977837,12905,12235,cuda
sample_011,cow,uncertainty_ensemble,mild,point_box_noise,sam_vote_consensus,0,0.880765,0.936603,0.977837,12845,12235,cuda
sample_011,cow,uncertainty_ensemble,mild,point_box_noise,sam_oracle_best,0,0.885547,0.939300,0.977380,12905,12235,cuda
sample_011,cow,uncertainty_ensemble,mild,point_box_noise,sam_single_noisy,1,0.895070,0.944630,0.980073,13176,12235,cuda
sample_011,cow,uncertainty_ensemble,mild,point_box_noise,sam_score_select,1,0.891178,0.942458,0.982421,13190,12235,cuda
sample_011,cow,uncertainty_ensemble,mild,point_box_noise,sam_consistency_medoid,1,0.893090,0.943526,0.979461,13051,12235,cuda
sample_011,cow,uncertainty_ensemble,mild,point_box_noise,sam_vote_consensus,1,0.894686,0.944416,0.979461,13150,12235,cuda
sample_011,cow,uncertainty_ensemble,mild,point_box_noise,sam_oracle_best,1,0.895593,0.944921,0.977178,13274,12235,cuda
sample_011,cow,noise_decomposition,moderate,point_noise,sam_single_prompt,0,0.894706,0.944427,0.979731,13281,12235,cuda
sample_011,cow,noise_decomposition,moderate,point_noise,sam_single_prompt,1,0.895160,0.944680,0.992558,13217,12235,cuda
sample_011,cow,noise_decomposition,moderate,box_noise,sam_single_prompt,0,0.884954,0.938966,0.976912,12997,12235,cuda
sample_011,cow,noise_decomposition,moderate,box_noise,sam_single_prompt,1,0.442993,0.613991,0.964634,5876,12235,cuda
sample_011,cow,noise_decomposition,moderate,point_box_noise,sam_single_prompt,0,0.876299,0.934072,0.951824,11776,12235,cuda
sample_011,cow,noise_decomposition,moderate,point_box_noise,sam_single_prompt,1,0.899829,0.947274,0.984699,13350,12235,cuda
sample_011,cow,uncertainty_ensemble,moderate,point_box_noise,sam_single_noisy,0,0.876299,0.934072,0.951824,11776,12235,cuda
sample_011,cow,uncertainty_ensemble,moderate,point_box_noise,sam_score_select,0,0.894913,0.944542,0.982209,13280,12235,cuda
sample_011,cow,uncertainty_ensemble,moderate,point_box_noise,sam_consistency_medoid,0,0.897205,0.945817,0.963681,13216,12235,cuda
sample_011,cow,uncertainty_ensemble,moderate,point_box_noise,sam_vote_consensus,0,0.904993,0.950128,0.963681,12448,12235,cuda
sample_011,cow,uncertainty_ensemble,moderate,point_box_noise,sam_oracle_best,0,0.897205,0.945817,0.981665,13216,12235,cuda
sample_011,cow,uncertainty_ensemble,moderate,point_box_noise,sam_single_noisy,1,0.899829,0.947274,0.984699,13350,12235,cuda
sample_011,cow,uncertainty_ensemble,moderate,point_box_noise,sam_score_select,1,0.896493,0.945422,0.987674,13343,12235,cuda
sample_011,cow,uncertainty_ensemble,moderate,point_box_noise,sam_consistency_medoid,1,0.899829,0.947274,0.979926,13350,12235,cuda
sample_011,cow,uncertainty_ensemble,moderate,point_box_noise,sam_vote_consensus,1,0.898373,0.946466,0.979926,13319,12235,cuda
sample_011,cow,uncertainty_ensemble,moderate,point_box_noise,sam_oracle_best,1,0.900357,0.947566,0.985749,13321,12235,cuda
sample_012,cow,modality,clean,point_only,sam_vit_b,0,0.910639,0.953230,0.959833,87865,95757,cuda
sample_012,cow,modality,clean,box_only,sam_vit_b,0,0.939254,0.968675,0.994652,91412,95757,cuda
sample_012,cow,modality,clean,point_box,sam_vit_b,0,0.942932,0.970628,0.984067,92517,95757,cuda
sample_012,cow,noise_decomposition,clean,clean,sam_single_prompt,0,0.942932,0.970628,0.984067,92517,95757,cuda
sample_012,cow,noise_decomposition,mild,point_noise,sam_single_prompt,0,0.937728,0.967863,0.976895,93216,95757,cuda
sample_012,cow,noise_decomposition,mild,point_noise,sam_single_prompt,1,0.944152,0.971274,0.981471,92435,95757,cuda
sample_012,cow,noise_decomposition,mild,box_noise,sam_single_prompt,0,0.689345,0.816109,0.926660,68520,95757,cuda
sample_012,cow,noise_decomposition,mild,box_noise,sam_single_prompt,1,0.870304,0.930655,0.989478,83925,95757,cuda
sample_012,cow,noise_decomposition,mild,point_box_noise,sam_single_prompt,0,0.755822,0.860932,0.839029,76296,95757,cuda
sample_012,cow,noise_decomposition,mild,point_box_noise,sam_single_prompt,1,0.848919,0.918287,0.987929,81767,95757,cuda
sample_012,cow,uncertainty_ensemble,mild,point_box_noise,sam_single_noisy,0,0.755822,0.860932,0.839029,76296,95757,cuda
sample_012,cow,uncertainty_ensemble,mild,point_box_noise,sam_score_select,0,0.684152,0.812459,0.965990,69108,95757,cuda
sample_012,cow,uncertainty_ensemble,mild,point_box_noise,sam_consistency_medoid,0,0.684152,0.812459,0.870191,69108,95757,cuda
sample_012,cow,uncertainty_ensemble,mild,point_box_noise,sam_vote_consensus,0,0.764309,0.866412,0.870191,76002,95757,cuda
sample_012,cow,uncertainty_ensemble,mild,point_box_noise,sam_oracle_best,0,0.933275,0.965486,0.956607,93093,95757,cuda
sample_012,cow,uncertainty_ensemble,mild,point_box_noise,sam_single_noisy,1,0.848919,0.918287,0.987929,81767,95757,cuda
sample_012,cow,uncertainty_ensemble,mild,point_box_noise,sam_score_select,1,0.839141,0.912536,0.997717,80830,95757,cuda
sample_012,cow,uncertainty_ensemble,mild,point_box_noise,sam_consistency_medoid,1,0.848919,0.918287,0.982283,81767,95757,cuda
sample_012,cow,uncertainty_ensemble,mild,point_box_noise,sam_vote_consensus,1,0.861785,0.925762,0.982283,83006,95757,cuda
sample_012,cow,uncertainty_ensemble,mild,point_box_noise,sam_oracle_best,1,0.882499,0.937583,0.991068,85138,95757,cuda
sample_012,cow,noise_decomposition,moderate,point_noise,sam_single_prompt,0,0.946221,0.972368,0.987806,93260,95757,cuda
sample_012,cow,noise_decomposition,moderate,point_noise,sam_single_prompt,1,0.944203,0.971301,0.981376,92438,95757,cuda
sample_012,cow,noise_decomposition,moderate,box_noise,sam_single_prompt,0,0.001508,0.003011,0.904291,21153,95757,cuda
sample_012,cow,noise_decomposition,moderate,box_noise,sam_single_prompt,1,0.487602,0.655554,0.913836,46727,95757,cuda
sample_012,cow,noise_decomposition,moderate,point_box_noise,sam_single_prompt,0,0.624019,0.768487,0.884927,59798,95757,cuda
sample_012,cow,noise_decomposition,moderate,point_box_noise,sam_single_prompt,1,0.871669,0.931435,0.978522,88550,95757,cuda
sample_012,cow,uncertainty_ensemble,moderate,point_box_noise,sam_single_noisy,0,0.624019,0.768487,0.884927,59798,95757,cuda
sample_012,cow,uncertainty_ensemble,moderate,point_box_noise,sam_score_select,0,0.745406,0.854135,0.985924,71589,95757,cuda
sample_012,cow,uncertainty_ensemble,moderate,point_box_noise,sam_consistency_medoid,0,0.745406,0.854135,0.900787,71589,95757,cuda
sample_012,cow,uncertainty_ensemble,moderate,point_box_noise,sam_vote_consensus,0,0.747934,0.855792,0.900787,71779,95757,cuda
sample_012,cow,uncertainty_ensemble,moderate,point_box_noise,sam_oracle_best,0,0.790406,0.882935,0.983328,75968,95757,cuda
sample_012,cow,uncertainty_ensemble,moderate,point_box_noise,sam_single_noisy,1,0.871669,0.931435,0.978522,88550,95757,cuda
sample_012,cow,uncertainty_ensemble,moderate,point_box_noise,sam_score_select,1,0.887301,0.940286,0.996742,86209,95757,cuda
sample_012,cow,uncertainty_ensemble,moderate,point_box_noise,sam_consistency_medoid,1,0.887301,0.940286,0.973086,86209,95757,cuda
sample_012,cow,uncertainty_ensemble,moderate,point_box_noise,sam_vote_consensus,1,0.875543,0.933642,0.973086,87371,95757,cuda
sample_012,cow,uncertainty_ensemble,moderate,point_box_noise,sam_oracle_best,1,0.895873,0.945077,0.947589,98697,95757,cuda
sample_013,boat,modality,clean,point_only,sam_vit_b,0,0.410968,0.582534,0.657883,6688,5404,cuda
sample_013,boat,modality,clean,box_only,sam_vit_b,0,0.883251,0.938006,0.851633,5210,5404,cuda
sample_013,boat,modality,clean,point_box,sam_vit_b,0,0.869950,0.930453,0.894927,5150,5404,cuda
sample_013,boat,noise_decomposition,clean,clean,sam_single_prompt,0,0.869950,0.930453,0.894927,5150,5404,cuda
sample_013,boat,noise_decomposition,mild,point_noise,sam_single_prompt,0,0.870077,0.930525,0.890447,5089,5404,cuda
sample_013,boat,noise_decomposition,mild,point_noise,sam_single_prompt,1,0.870308,0.930657,0.893551,5109,5404,cuda
sample_013,boat,noise_decomposition,mild,box_noise,sam_single_prompt,0,0.817319,0.899478,0.915476,5131,5404,cuda
sample_013,boat,noise_decomposition,mild,box_noise,sam_single_prompt,1,0.788260,0.881595,0.884537,4680,5404,cuda
sample_013,boat,noise_decomposition,mild,point_box_noise,sam_single_prompt,0,0.630515,0.773394,0.900955,5646,5404,cuda
sample_013,boat,noise_decomposition,mild,point_box_noise,sam_single_prompt,1,0.839358,0.912664,0.921887,5485,5404,cuda
sample_013,boat,uncertainty_ensemble,mild,point_box_noise,sam_single_noisy,0,0.630515,0.773394,0.900955,5646,5404,cuda
sample_013,boat,uncertainty_ensemble,mild,point_box_noise,sam_score_select,0,0.618421,0.764228,0.911883,5420,5404,cuda
sample_013,boat,uncertainty_ensemble,mild,point_box_noise,sam_consistency_medoid,0,0.630515,0.773394,0.900449,5646,5404,cuda
sample_013,boat,uncertainty_ensemble,mild,point_box_noise,sam_vote_consensus,0,0.661096,0.795976,0.900449,5928,5404,cuda
sample_013,boat,uncertainty_ensemble,mild,point_box_noise,sam_oracle_best,0,0.723173,0.839350,0.897182,6479,5404,cuda
sample_013,boat,uncertainty_ensemble,mild,point_box_noise,sam_single_noisy,1,0.839358,0.912664,0.921887,5485,5404,cuda
sample_013,boat,uncertainty_ensemble,mild,point_box_noise,sam_score_select,1,0.831327,0.907896,0.935936,5551,5404,cuda
sample_013,boat,uncertainty_ensemble,mild,point_box_noise,sam_consistency_medoid,1,0.883322,0.938046,0.912444,5233,5404,cuda
sample_013,boat,uncertainty_ensemble,mild,point_box_noise,sam_vote_consensus,1,0.846965,0.917142,0.912444,5458,5404,cuda
sample_013,boat,uncertainty_ensemble,mild,point_box_noise,sam_oracle_best,1,0.883322,0.938046,0.904853,5233,5404,cuda
sample_013,boat,noise_decomposition,moderate,point_noise,sam_single_prompt,0,0.876235,0.934035,0.890947,5041,5404,cuda
sample_013,boat,noise_decomposition,moderate,point_noise,sam_single_prompt,1,0.870077,0.930525,0.890447,5089,5404,cuda
sample_013,boat,noise_decomposition,moderate,box_noise,sam_single_prompt,0,0.407454,0.578995,0.852449,2375,5404,cuda
sample_013,boat,noise_decomposition,moderate,box_noise,sam_single_prompt,1,0.534200,0.696389,0.926577,3568,5404,cuda
sample_013,boat,noise_decomposition,moderate,point_box_noise,sam_single_prompt,0,0.688882,0.815785,0.904201,5670,5404,cuda
sample_013,boat,noise_decomposition,moderate,point_box_noise,sam_single_prompt,1,0.800641,0.889284,0.916932,5832,5404,cuda
sample_013,boat,uncertainty_ensemble,moderate,point_box_noise,sam_single_noisy,0,0.688882,0.815785,0.904201,5670,5404,cuda
sample_013,boat,uncertainty_ensemble,moderate,point_box_noise,sam_score_select,0,0.875734,0.933751,0.923365,5132,5404,cuda
sample_013,boat,uncertainty_ensemble,moderate,point_box_noise,sam_consistency_medoid,0,0.699816,0.823402,0.905855,5655,5404,cuda
sample_013,boat,uncertainty_ensemble,moderate,point_box_noise,sam_vote_consensus,0,0.708712,0.829528,0.905855,5677,5404,cuda
sample_013,boat,uncertainty_ensemble,moderate,point_box_noise,sam_oracle_best,0,0.875734,0.933751,0.923365,5132,5404,cuda
sample_013,boat,uncertainty_ensemble,moderate,point_box_noise,sam_single_noisy,1,0.800641,0.889284,0.916932,5832,5404,cuda
sample_013,boat,uncertainty_ensemble,moderate,point_box_noise,sam_score_select,1,0.748219,0.855978,0.926447,6372,5404,cuda
sample_013,boat,uncertainty_ensemble,moderate,point_box_noise,sam_consistency_medoid,1,0.800641,0.889284,0.908330,5832,5404,cuda
sample_013,boat,uncertainty_ensemble,moderate,point_box_noise,sam_vote_consensus,1,0.763354,0.865798,0.908330,6183,5404,cuda
sample_013,boat,uncertainty_ensemble,moderate,point_box_noise,sam_oracle_best,1,0.834839,0.909986,0.870268,5361,5404,cuda
sample_014,tvmonitor,modality,clean,point_only,sam_vit_b,0,0.163969,0.281741,0.951325,6493,39599,cuda
sample_014,tvmonitor,modality,clean,box_only,sam_vit_b,0,0.969630,0.984581,0.992577,38745,39599,cuda
sample_014,tvmonitor,modality,clean,point_box,sam_vit_b,0,0.968858,0.984183,0.992097,38732,39599,cuda
sample_014,tvmonitor,noise_decomposition,clean,clean,sam_single_prompt,0,0.968858,0.984183,0.992097,38732,39599,cuda
sample_014,tvmonitor,noise_decomposition,mild,point_noise,sam_single_prompt,0,0.970412,0.984984,0.991296,38782,39599,cuda
sample_014,tvmonitor,noise_decomposition,mild,point_noise,sam_single_prompt,1,0.966703,0.983070,0.984498,38723,39599,cuda
sample_014,tvmonitor,noise_decomposition,mild,box_noise,sam_single_prompt,0,0.929217,0.963310,0.956600,37070,39599,cuda
sample_014,tvmonitor,noise_decomposition,mild,box_noise,sam_single_prompt,1,0.977171,0.988453,0.990946,39126,39599,cuda
sample_014,tvmonitor,noise_decomposition,mild,point_box_noise,sam_single_prompt,0,0.917479,0.956964,0.973921,36755,39599,cuda
sample_014,tvmonitor,noise_decomposition,mild,point_box_noise,sam_single_prompt,1,0.857960,0.923551,0.972838,34450,39599,cuda
sample_014,tvmonitor,uncertainty_ensemble,mild,point_box_noise,sam_single_noisy,0,0.917479,0.956964,0.973921,36755,39599,cuda
sample_014,tvmonitor,uncertainty_ensemble,mild,point_box_noise,sam_score_select,0,0.864909,0.927562,0.976707,34602,39599,cuda
sample_014,tvmonitor,uncertainty_ensemble,mild,point_box_noise,sam_consistency_medoid,0,0.917479,0.956964,0.973297,36755,39599,cuda
sample_014,tvmonitor,uncertainty_ensemble,mild,point_box_noise,sam_vote_consensus,0,0.907664,0.951597,0.973297,36368,39599,cuda
sample_014,tvmonitor,uncertainty_ensemble,mild,point_box_noise,sam_oracle_best,0,0.938836,0.968453,0.968000,37652,39599,cuda
sample_014,tvmonitor,uncertainty_ensemble,mild,point_box_noise,sam_single_noisy,1,0.857960,0.923551,0.972838,34450,39599,cuda
sample_014,tvmonitor,uncertainty_ensemble,mild,point_box_noise,sam_score_select,1,0.959500,0.979332,0.986367,38491,39599,cuda
sample_014,tvmonitor,uncertainty_ensemble,mild,point_box_noise,sam_consistency_medoid,1,0.857960,0.923551,0.974498,34450,39599,cuda
sample_014,tvmonitor,uncertainty_ensemble,mild,point_box_noise,sam_vote_consensus,1,0.858542,0.923887,0.974498,34423,39599,cuda
sample_014,tvmonitor,uncertainty_ensemble,mild,point_box_noise,sam_oracle_best,1,0.959500,0.979332,0.986367,38491,39599,cuda
sample_014,tvmonitor,noise_decomposition,moderate,point_noise,sam_single_prompt,0,0.966190,0.982804,0.981532,38677,39599,cuda
sample_014,tvmonitor,noise_decomposition,moderate,point_noise,sam_single_prompt,1,0.966564,0.982998,0.981122,38684,39599,cuda
sample_014,tvmonitor,noise_decomposition,moderate,box_noise,sam_single_prompt,0,0.949279,0.973980,0.984200,37879,39599,cuda
sample_014,tvmonitor,noise_decomposition,moderate,box_noise,sam_single_prompt,1,0.519195,0.683513,0.948256,36145,39599,cuda
sample_014,tvmonitor,noise_decomposition,moderate,point_box_noise,sam_single_prompt,0,0.418975,0.590532,0.888374,16591,39599,cuda
sample_014,tvmonitor,noise_decomposition,moderate,point_box_noise,sam_single_prompt,1,0.861190,0.925419,0.963134,40354,39599,cuda
sample_014,tvmonitor,uncertainty_ensemble,moderate,point_box_noise,sam_single_noisy,0,0.418975,0.590532,0.888374,16591,39599,cuda
sample_014,tvmonitor,uncertainty_ensemble,moderate,point_box_noise,sam_score_select,0,0.517109,0.681703,0.948572,20477,39599,cuda
sample_014,tvmonitor,uncertainty_ensemble,moderate,point_box_noise,sam_consistency_medoid,0,0.418975,0.590532,0.918917,16591,39599,cuda
sample_014,tvmonitor,uncertainty_ensemble,moderate,point_box_noise,sam_vote_consensus,0,0.421551,0.593086,0.918917,16693,39599,cuda
sample_014,tvmonitor,uncertainty_ensemble,moderate,point_box_noise,sam_oracle_best,0,0.518195,0.682646,0.939104,20520,39599,cuda
sample_014,tvmonitor,uncertainty_ensemble,moderate,point_box_noise,sam_single_noisy,1,0.861190,0.925419,0.963134,40354,39599,cuda
sample_014,tvmonitor,uncertainty_ensemble,moderate,point_box_noise,sam_score_select,1,0.976556,0.988139,0.979986,39736,39599,cuda
sample_014,tvmonitor,uncertainty_ensemble,moderate,point_box_noise,sam_consistency_medoid,1,0.860666,0.925116,0.964656,39323,39599,cuda
sample_014,tvmonitor,uncertainty_ensemble,moderate,point_box_noise,sam_vote_consensus,1,0.887631,0.940471,0.964656,40429,39599,cuda
sample_014,tvmonitor,uncertainty_ensemble,moderate,point_box_noise,sam_oracle_best,1,0.976556,0.988139,0.979986,39736,39599,cuda
sample_015,bicycle,modality,clean,point_only,sam_vit_b,0,0.583204,0.736739,0.965318,895,1141,cuda
sample_015,bicycle,modality,clean,box_only,sam_vit_b,0,0.449188,0.619917,0.811671,1982,1141,cuda
sample_015,bicycle,modality,clean,point_box,sam_vit_b,0,0.353896,0.522782,0.852728,2195,1141,cuda
sample_015,bicycle,noise_decomposition,clean,clean,sam_single_prompt,0,0.353896,0.522782,0.852728,2195,1141,cuda
sample_015,bicycle,noise_decomposition,mild,point_noise,sam_single_prompt,0,0.381089,0.551867,0.837939,2233,1141,cuda
sample_015,bicycle,noise_decomposition,mild,point_noise,sam_single_prompt,1,0.354015,0.522911,0.853390,2198,1141,cuda
sample_015,bicycle,noise_decomposition,mild,box_noise,sam_single_prompt,0,0.379602,0.550307,0.808986,1632,1141,cuda
sample_015,bicycle,noise_decomposition,mild,box_noise,sam_single_prompt,1,0.366457,0.536361,0.832100,2118,1141,cuda
sample_015,bicycle,noise_decomposition,mild,point_box_noise,sam_single_prompt,0,0.549711,0.709437,0.790152,1275,1141,cuda
sample_015,bicycle,noise_decomposition,mild,point_box_noise,sam_single_prompt,1,0.260347,0.413136,0.813401,2635,1141,cuda
sample_015,bicycle,uncertainty_ensemble,mild,point_box_noise,sam_single_noisy,0,0.549711,0.709437,0.790152,1275,1141,cuda
sample_015,bicycle,uncertainty_ensemble,mild,point_box_noise,sam_score_select,0,0.378400,0.549042,0.824285,2356,1141,cuda
sample_015,bicycle,uncertainty_ensemble,mild,point_box_noise,sam_consistency_medoid,0,0.245796,0.394601,0.801462,2934,1141,cuda
sample_015,bicycle,uncertainty_ensemble,mild,point_box_noise,sam_vote_consensus,0,0.270924,0.426341,0.801462,2959,1141,cuda
sample_015,bicycle,uncertainty_ensemble,mild,point_box_noise,sam_oracle_best,0,0.573539,0.728980,0.778353,1309,1141,cuda
sample_015,bicycle,uncertainty_ensemble,mild,point_box_noise,sam_single_noisy,1,0.260347,0.413136,0.813401,2635,1141,cuda
sample_015,bicycle,uncertainty_ensemble,mild,point_box_noise,sam_score_select,1,0.364653,0.534426,0.870319,1909,1141,cuda
sample_015,bicycle,uncertainty_ensemble,mild,point_box_noise,sam_consistency_medoid,1,0.364653,0.534426,0.846139,1909,1141,cuda
sample_015,bicycle,uncertainty_ensemble,mild,point_box_noise,sam_vote_consensus,1,0.351142,0.519770,0.846139,1818,1141,cuda
sample_015,bicycle,uncertainty_ensemble,mild,point_box_noise,sam_oracle_best,1,0.512542,0.677723,0.853215,1090,1141,cuda
sample_015,bicycle,noise_decomposition,moderate,point_noise,sam_single_prompt,0,0.359192,0.528537,0.852688,2223,1141,cuda
sample_015,bicycle,noise_decomposition,moderate,point_noise,sam_single_prompt,1,0.403939,0.575437,0.836772,2352,1141,cuda
sample_015,bicycle,noise_decomposition,moderate,box_noise,sam_single_prompt,0,0.417910,0.589474,0.913873,1424,1141,cuda
sample_015,bicycle,noise_decomposition,moderate,box_noise,sam_single_prompt,1,0.365918,0.535783,0.776501,1961,1141,cuda
sample_015,bicycle,noise_decomposition,moderate,point_box_noise,sam_single_prompt,0,0.424474,0.595973,0.810698,1839,1141,cuda
sample_015,bicycle,noise_decomposition,moderate,point_box_noise,sam_single_prompt,1,0.447411,0.618222,0.809791,1570,1141,cuda
sample_015,bicycle,uncertainty_ensemble,moderate,point_box_noise,sam_single_noisy,0,0.424474,0.595973,0.810698,1839,1141,cuda
sample_015,bicycle,uncertainty_ensemble,moderate,point_box_noise,sam_score_select,0,0.399614,0.571034,0.859480,2484,1141,cuda
sample_015,bicycle,uncertainty_ensemble,moderate,point_box_noise,sam_consistency_medoid,0,0.407355,0.578894,0.815603,1844,1141,cuda
sample_015,bicycle,uncertainty_ensemble,moderate,point_box_noise,sam_vote_consensus,0,0.404697,0.576206,0.815603,1969,1141,cuda
sample_015,bicycle,uncertainty_ensemble,moderate,point_box_noise,sam_oracle_best,0,0.424474,0.595973,0.810698,1839,1141,cuda
sample_015,bicycle,uncertainty_ensemble,moderate,point_box_noise,sam_single_noisy,1,0.447411,0.618222,0.809791,1570,1141,cuda
sample_015,bicycle,uncertainty_ensemble,moderate,point_box_noise,sam_score_select,1,0.570890,0.726836,0.902294,942,1141,cuda
sample_015,bicycle,uncertainty_ensemble,moderate,point_box_noise,sam_consistency_medoid,1,0.443812,0.614778,0.808277,1904,1141,cuda
sample_015,bicycle,uncertainty_ensemble,moderate,point_box_noise,sam_vote_consensus,1,0.434948,0.606221,0.808277,1881,1141,cuda
sample_015,bicycle,uncertainty_ensemble,moderate,point_box_noise,sam_oracle_best,1,0.570890,0.726836,0.902294,942,1141,cuda
sample_016,train,modality,clean,point_only,sam_vit_b,0,0.044317,0.084872,0.920981,1255,28319,cuda
sample_016,train,modality,clean,box_only,sam_vit_b,0,0.911532,0.953719,0.987012,28702,28319,cuda
sample_016,train,modality,clean,point_box,sam_vit_b,0,0.923382,0.960165,0.986013,27963,28319,cuda
sample_016,train,noise_decomposition,clean,clean,sam_single_prompt,0,0.923382,0.960165,0.986013,27963,28319,cuda
sample_016,train,noise_decomposition,mild,point_noise,sam_single_prompt,0,0.915759,0.956027,0.985562,28330,28319,cuda
sample_016,train,noise_decomposition,mild,point_noise,sam_single_prompt,1,0.920336,0.958516,0.982434,28377,28319,cuda
sample_016,train,noise_decomposition,mild,box_noise,sam_single_prompt,0,0.920071,0.958372,0.976166,27100,28319,cuda
sample_016,train,noise_decomposition,mild,box_noise,sam_single_prompt,1,0.909754,0.952745,0.983866,26680,28319,cuda
sample_016,train,noise_decomposition,mild,point_box_noise,sam_single_prompt,0,0.883908,0.938377,0.978248,26141,28319,cuda
sample_016,train,noise_decomposition,mild,point_box_noise,sam_single_prompt,1,0.887580,0.940442,0.977107,26015,28319,cuda
sample_016,train,uncertainty_ensemble,mild,point_box_noise,sam_single_noisy,0,0.883908,0.938377,0.978248,26141,28319,cuda
sample_016,train,uncertainty_ensemble,mild,point_box_noise,sam_score_select,0,0.899632,0.947164,0.983954,27382,28319,cuda
sample_016,train,uncertainty_ensemble,mild,point_box_noise,sam_consistency_medoid,0,0.883908,0.938377,0.977506,26141,28319,cuda
sample_016,train,uncertainty_ensemble,mild,point_box_noise,sam_vote_consensus,0,0.898907,0.946763,0.977506,26586,28319,cuda
sample_016,train,uncertainty_ensemble,mild,point_box_noise,sam_oracle_best,0,0.919839,0.958246,0.979489,27053,28319,cuda
sample_016,train,uncertainty_ensemble,mild,point_box_noise,sam_single_noisy,1,0.887580,0.940442,0.977107,26015,28319,cuda
sample_016,train,uncertainty_ensemble,mild,point_box_noise,sam_score_select,1,0.916383,0.956367,0.994323,26892,28319,cuda
sample_016,train,uncertainty_ensemble,mild,point_box_noise,sam_consistency_medoid,1,0.887580,0.940442,0.980056,26015,28319,cuda
sample_016,train,uncertainty_ensemble,mild,point_box_noise,sam_vote_consensus,1,0.894110,0.944095,0.980056,26220,28319,cuda
sample_016,train,uncertainty_ensemble,mild,point_box_noise,sam_oracle_best,1,0.916915,0.956657,0.987753,26915,28319,cuda
sample_016,train,noise_decomposition,moderate,point_noise,sam_single_prompt,0,0.921172,0.958969,0.983279,27931,28319,cuda
sample_016,train,noise_decomposition,moderate,point_noise,sam_single_prompt,1,0.922107,0.959475,0.986474,28091,28319,cuda
sample_016,train,noise_decomposition,moderate,box_noise,sam_single_prompt,0,0.778908,0.875715,0.955555,22757,28319,cuda
sample_016,train,noise_decomposition,moderate,box_noise,sam_single_prompt,1,0.915361,0.955810,0.987499,26807,28319,cuda
sample_016,train,noise_decomposition,moderate,point_box_noise,sam_single_prompt,0,0.803990,0.891346,0.957985,23497,28319,cuda
sample_016,train,noise_decomposition,moderate,point_box_noise,sam_single_prompt,1,0.825051,0.904140,0.911750,28608,28319,cuda
sample_016,train,uncertainty_ensemble,moderate,point_box_noise,sam_single_noisy,0,0.803990,0.891346,0.957985,23497,28319,cuda
sample_016,train,uncertainty_ensemble,moderate,point_box_noise,sam_score_select,0,0.825156,0.904203,0.982206,24167,28319,cuda
sample_016,train,uncertainty_ensemble,moderate,point_box_noise,sam_consistency_medoid,0,0.803990,0.891346,0.957412,23497,28319,cuda
sample_016,train,uncertainty_ensemble,moderate,point_box_noise,sam_vote_consensus,0,0.803044,0.890765,0.957412,23450,28319,cuda
sample_016,train,uncertainty_ensemble,moderate,point_box_noise,sam_oracle_best,0,0.845967,0.916557,0.970754,24747,28319,cuda
sample_016,train,uncertainty_ensemble,moderate,point_box_noise,sam_single_noisy,1,0.825051,0.904140,0.911750,28608,28319,cuda
sample_016,train,uncertainty_ensemble,moderate,point_box_noise,sam_score_select,1,0.875194,0.933444,0.988668,29557,28319,cuda
sample_016,train,uncertainty_ensemble,moderate,point_box_noise,sam_consistency_medoid,1,0.824730,0.903947,0.946938,28098,28319,cuda
sample_016,train,uncertainty_ensemble,moderate,point_box_noise,sam_vote_consensus,1,0.843568,0.915147,0.946938,28933,28319,cuda
sample_016,train,uncertainty_ensemble,moderate,point_box_noise,sam_oracle_best,1,0.875194,0.933444,0.988668,29557,28319,cuda
sample_017,train,modality,clean,point_only,sam_vit_b,0,0.041718,0.080095,0.986481,1517,36363,cuda
sample_017,train,modality,clean,box_only,sam_vit_b,0,0.952607,0.975728,0.988772,34708,36363,cuda
sample_017,train,modality,clean,point_box,sam_vit_b,0,0.939863,0.968999,0.992380,34184,36363,cuda
sample_017,train,noise_decomposition,clean,clean,sam_single_prompt,0,0.939863,0.968999,0.992380,34184,36363,cuda
sample_017,train,noise_decomposition,mild,point_noise,sam_single_prompt,0,0.945402,0.971935,0.987506,34401,36363,cuda
sample_017,train,noise_decomposition,mild,point_noise,sam_single_prompt,1,0.943688,0.971028,0.988559,34327,36363,cuda
sample_017,train,noise_decomposition,mild,box_noise,sam_single_prompt,0,0.935927,0.966903,0.972406,34037,36363,cuda
sample_017,train,noise_decomposition,mild,box_noise,sam_single_prompt,1,0.938256,0.968145,0.988050,34143,36363,cuda
sample_017,train,noise_decomposition,mild,point_box_noise,sam_single_prompt,0,0.931125,0.964335,0.988505,33901,36363,cuda
sample_017,train,noise_decomposition,mild,point_box_noise,sam_single_prompt,1,0.919157,0.957876,0.970403,33454,36363,cuda
sample_017,train,uncertainty_ensemble,mild,point_box_noise,sam_single_noisy,0,0.931125,0.964335,0.988505,33901,36363,cuda
sample_017,train,uncertainty_ensemble,mild,point_box_noise,sam_score_select,0,0.931125,0.964335,0.988505,33901,36363,cuda
sample_017,train,uncertainty_ensemble,mild,point_box_noise,sam_consistency_medoid,0,0.903441,0.949271,0.978709,32888,36363,cuda
sample_017,train,uncertainty_ensemble,mild,point_box_noise,sam_vote_consensus,0,0.909386,0.952543,0.978709,33110,36363,cuda
sample_017,train,uncertainty_ensemble,mild,point_box_noise,sam_oracle_best,0,0.931125,0.964335,0.988505,33901,36363,cuda
sample_017,train,uncertainty_ensemble,mild,point_box_noise,sam_single_noisy,1,0.919157,0.957876,0.970403,33454,36363,cuda
sample_017,train,uncertainty_ensemble,mild,point_box_noise,sam_score_select,1,0.926106,0.961636,0.978504,33728,36363,cuda
sample_017,train,uncertainty_ensemble,mild,point_box_noise,sam_consistency_medoid,1,0.906326,0.950862,0.974335,32972,36363,cuda
sample_017,train,uncertainty_ensemble,mild,point_box_noise,sam_vote_consensus,1,0.916470,0.956414,0.974335,33339,36363,cuda
sample_017,train,uncertainty_ensemble,mild,point_box_noise,sam_oracle_best,1,0.926106,0.961636,0.978504,33728,36363,cuda
sample_017,train,noise_decomposition,moderate,point_noise,sam_single_prompt,0,0.949193,0.973934,0.988986,34535,36363,cuda
sample_017,train,noise_decomposition,moderate,point_noise,sam_single_prompt,1,0.952466,0.975654,0.989688,34656,36363,cuda
sample_017,train,noise_decomposition,moderate,box_noise,sam_single_prompt,0,0.690018,0.816581,0.955220,31667,36363,cuda
sample_017,train,noise_decomposition,moderate,box_noise,sam_single_prompt,1,0.649204,0.787294,0.873693,23607,36363,cuda
sample_017,train,noise_decomposition,moderate,point_box_noise,sam_single_prompt,0,0.567073,0.723735,0.941052,23869,36363,cuda
sample_017,train,noise_decomposition,moderate,point_box_noise,sam_single_prompt,1,0.908971,0.952315,0.956994,33114,36363,cuda
sample_017,train,uncertainty_ensemble,moderate,point_box_noise,sam_single_noisy,0,0.567073,0.723735,0.941052,23869,36363,cuda
sample_017,train,uncertainty_ensemble,moderate,point_box_noise,sam_score_select,0,0.452011,0.622600,0.956825,19628,36363,cuda
sample_017,train,uncertainty_ensemble,moderate,point_box_noise,sam_consistency_medoid,0,0.567073,0.723735,0.924360,23869,36363,cuda
sample_017,train,uncertainty_ensemble,moderate,point_box_noise,sam_vote_consensus,0,0.545433,0.705865,0.924360,23215,36363,cuda
sample_017,train,uncertainty_ensemble,moderate,point_box_noise,sam_oracle_best,0,0.641556,0.781644,0.947505,26612,36363,cuda
sample_017,train,uncertainty_ensemble,moderate,point_box_noise,sam_single_noisy,1,0.908971,0.952315,0.956994,33114,36363,cuda
sample_017,train,uncertainty_ensemble,moderate,point_box_noise,sam_score_select,1,0.948342,0.973486,0.984573,34506,36363,cuda
sample_017,train,uncertainty_ensemble,moderate,point_box_noise,sam_consistency_medoid,1,0.915189,0.955717,0.971349,33302,36363,cuda
sample_017,train,uncertainty_ensemble,moderate,point_box_noise,sam_vote_consensus,1,0.919942,0.958302,0.971349,33496,36363,cuda
sample_017,train,uncertainty_ensemble,moderate,point_box_noise,sam_oracle_best,1,0.948342,0.973486,0.984573,34506,36363,cuda
sample_018,sofa,modality,clean,point_only,sam_vit_b,0,0.148746,0.258971,0.946404,1842,12036,cuda
sample_018,sofa,modality,clean,box_only,sam_vit_b,0,0.887834,0.940585,0.939822,13227,12036,cuda
sample_018,sofa,modality,clean,point_box,sam_vit_b,0,0.894497,0.944311,0.940190,12888,12036,cuda
sample_018,sofa,noise_decomposition,clean,clean,sam_single_prompt,0,0.894497,0.944311,0.940190,12888,12036,cuda
sample_018,sofa,noise_decomposition,mild,point_noise,sam_single_prompt,0,0.897414,0.945934,0.944243,12693,12036,cuda
sample_018,sofa,noise_decomposition,mild,point_noise,sam_single_prompt,1,0.895554,0.944900,0.947962,12864,12036,cuda
sample_018,sofa,noise_decomposition,mild,box_noise,sam_single_prompt,0,0.606429,0.755002,0.875002,8605,12036,cuda
sample_018,sofa,noise_decomposition,mild,box_noise,sam_single_prompt,1,0.892317,0.943095,0.937034,13234,12036,cuda
sample_018,sofa,noise_decomposition,mild,point_box_noise,sam_single_prompt,0,0.896171,0.945243,0.935760,13020,12036,cuda
sample_018,sofa,noise_decomposition,mild,point_box_noise,sam_single_prompt,1,0.850339,0.919117,0.903862,11467,12036,cuda
sample_018,sofa,uncertainty_ensemble,mild,point_box_noise,sam_single_noisy,0,0.896171,0.945243,0.935760,13020,12036,cuda
sample_018,sofa,uncertainty_ensemble,mild,point_box_noise,sam_score_select,0,0.890052,0.941828,0.946305,13251,12036,cuda
sample_018,sofa,uncertainty_ensemble,mild,point_box_noise,sam_consistency_medoid,0,0.896171,0.945243,0.924611,13020,12036,cuda
sample_018,sofa,uncertainty_ensemble,mild,point_box_noise,sam_vote_consensus,0,0.897334,0.945889,0.924611,13153,12036,cuda
sample_018,sofa,uncertainty_ensemble,mild,point_box_noise,sam_oracle_best,0,0.896171,0.945243,0.935760,13020,12036,cuda
sample_018,sofa,uncertainty_ensemble,mild,point_box_noise,sam_single_noisy,1,0.850339,0.919117,0.903862,11467,12036,cuda
sample_018,sofa,uncertainty_ensemble,mild,point_box_noise,sam_score_select,1,0.885393,0.939213,0.940578,12591,12036,cuda
sample_018,sofa,uncertainty_ensemble,mild,point_box_noise,sam_consistency_medoid,1,0.850339,0.919117,0.904593,11467,12036,cuda
sample_018,sofa,uncertainty_ensemble,mild,point_box_noise,sam_vote_consensus,1,0.891512,0.942645,0.904593,12164,12036,cuda
sample_018,sofa,uncertainty_ensemble,mild,point_box_noise,sam_oracle_best,1,0.918463,0.957499,0.934886,12622,12036,cuda
sample_018,sofa,noise_decomposition,moderate,point_noise,sam_single_prompt,0,0.898978,0.946802,0.947789,12852,12036,cuda
sample_018,sofa,noise_decomposition,moderate,point_noise,sam_single_prompt,1,0.889718,0.941641,0.949248,13050,12036,cuda
sample_018,sofa,noise_decomposition,moderate,box_noise,sam_single_prompt,0,0.684163,0.812466,0.907187,12029,12036,cuda
sample_018,sofa,noise_decomposition,moderate,box_noise,sam_single_prompt,1,0.785025,0.879568,0.829116,10541,12036,cuda
sample_018,sofa,noise_decomposition,moderate,point_box_noise,sam_single_prompt,0,0.389522,0.560656,0.842067,11012,12036,cuda
sample_018,sofa,noise_decomposition,moderate,point_box_noise,sam_single_prompt,1,0.878663,0.935413,0.925344,11746,12036,cuda
sample_018,sofa,uncertainty_ensemble,moderate,point_box_noise,sam_single_noisy,0,0.389522,0.560656,0.842067,11012,12036,cuda
sample_018,sofa,uncertainty_ensemble,moderate,point_box_noise,sam_score_select,0,0.582949,0.736535,0.955089,9242,12036,cuda
sample_018,sofa,uncertainty_ensemble,moderate,point_box_noise,sam_consistency_medoid,0,0.404484,0.575990,0.897693,11579,12036,cuda
sample_018,sofa,uncertainty_ensemble,moderate,point_box_noise,sam_vote_consensus,0,0.415329,0.586901,0.897693,11675,12036,cuda
sample_018,sofa,uncertainty_ensemble,moderate,point_box_noise,sam_oracle_best,0,0.725556,0.840954,0.935782,10448,12036,cuda
sample_018,sofa,uncertainty_ensemble,moderate,point_box_noise,sam_single_noisy,1,0.878663,0.935413,0.925344,11746,12036,cuda
sample_018,sofa,uncertainty_ensemble,moderate,point_box_noise,sam_score_select,1,0.878663,0.935413,0.925344,11746,12036,cuda
sample_018,sofa,uncertainty_ensemble,moderate,point_box_noise,sam_consistency_medoid,1,0.823282,0.903077,0.862459,10972,12036,cuda
sample_018,sofa,uncertainty_ensemble,moderate,point_box_noise,sam_vote_consensus,1,0.853998,0.921250,0.862459,11380,12036,cuda
sample_018,sofa,uncertainty_ensemble,moderate,point_box_noise,sam_oracle_best,1,0.878663,0.935413,0.925344,11746,12036,cuda
sample_019,bus,modality,clean,point_only,sam_vit_b,0,0.006270,0.012462,0.731303,947,151036,cuda
sample_019,bus,modality,clean,box_only,sam_vit_b,0,0.962260,0.980767,0.983977,150632,151036,cuda
sample_019,bus,modality,clean,point_box,sam_vit_b,0,0.963496,0.981409,0.983702,150231,151036,cuda
sample_019,bus,noise_decomposition,clean,clean,sam_single_prompt,0,0.963496,0.981409,0.983702,150231,151036,cuda
sample_019,bus,noise_decomposition,mild,point_noise,sam_single_prompt,0,0.963400,0.981359,0.984560,151471,151036,cuda
sample_019,bus,noise_decomposition,mild,point_noise,sam_single_prompt,1,0.967886,0.983681,0.975322,149714,151036,cuda
sample_019,bus,noise_decomposition,mild,box_noise,sam_single_prompt,0,0.779073,0.875819,0.961585,122806,151036,cuda
sample_019,bus,noise_decomposition,mild,box_noise,sam_single_prompt,1,0.951192,0.974986,0.979942,153510,151036,cuda
sample_019,bus,noise_decomposition,mild,point_box_noise,sam_single_prompt,0,0.833038,0.908915,0.951457,132777,151036,cuda
sample_019,bus,noise_decomposition,mild,point_box_noise,sam_single_prompt,1,0.737965,0.849229,0.977651,111501,151036,cuda
sample_019,bus,uncertainty_ensemble,mild,point_box_noise,sam_single_noisy,0,0.833038,0.908915,0.951457,132777,151036,cuda
sample_019,bus,uncertainty_ensemble,mild,point_box_noise,sam_score_select,0,0.915862,0.956083,0.986908,139583,151036,cuda
sample_019,bus,uncertainty_ensemble,mild,point_box_noise,sam_consistency_medoid,0,0.889538,0.941540,0.964686,137967,151036,cuda
sample_019,bus,uncertainty_ensemble,mild,point_box_noise,sam_vote_consensus,0,0.895564,0.944905,0.964686,138445,151036,cuda
sample_019,bus,uncertainty_ensemble,mild,point_box_noise,sam_oracle_best,0,0.920815,0.958775,0.971464,140538,151036,cuda
sample_019,bus,uncertainty_ensemble,mild,point_box_noise,sam_single_noisy,1,0.737965,0.849229,0.977651,111501,151036,cuda
sample_019,bus,uncertainty_ensemble,mild,point_box_noise,sam_score_select,1,0.737965,0.849229,0.977651,111501,151036,cuda
sample_019,bus,uncertainty_ensemble,mild,point_box_noise,sam_consistency_medoid,1,0.737965,0.849229,0.966581,111501,151036,cuda
sample_019,bus,uncertainty_ensemble,mild,point_box_noise,sam_vote_consensus,1,0.739596,0.850308,0.966581,111803,151036,cuda
sample_019,bus,uncertainty_ensemble,mild,point_box_noise,sam_oracle_best,1,0.779968,0.876385,0.962601,118542,151036,cuda
sample_019,bus,noise_decomposition,moderate,point_noise,sam_single_prompt,0,0.966214,0.982817,0.984187,150304,151036,cuda
sample_019,bus,noise_decomposition,moderate,point_noise,sam_single_prompt,1,0.949677,0.974189,0.985414,154338,151036,cuda
sample_019,bus,noise_decomposition,moderate,box_noise,sam_single_prompt,0,0.886096,0.939609,0.982918,134038,151036,cuda
sample_019,bus,noise_decomposition,moderate,box_noise,sam_single_prompt,1,0.899720,0.947213,0.975545,136232,151036,cuda
sample_019,bus,noise_decomposition,moderate,point_box_noise,sam_single_prompt,0,0.590982,0.742914,0.871470,89452,151036,cuda
sample_019,bus,noise_decomposition,moderate,point_box_noise,sam_single_prompt,1,0.494953,0.662165,0.836967,78822,151036,cuda
sample_019,bus,uncertainty_ensemble,moderate,point_box_noise,sam_single_noisy,0,0.590982,0.742914,0.871470,89452,151036,cuda
sample_019,bus,uncertainty_ensemble,moderate,point_box_noise,sam_score_select,0,0.464771,0.634599,0.931048,70430,151036,cuda
sample_019,bus,uncertainty_ensemble,moderate,point_box_noise,sam_consistency_medoid,0,0.464637,0.634474,0.856066,70549,151036,cuda
sample_019,bus,uncertainty_ensemble,moderate,point_box_noise,sam_vote_consensus,0,0.543931,0.704605,0.856066,82360,151036,cuda
sample_019,bus,uncertainty_ensemble,moderate,point_box_noise,sam_oracle_best,0,0.590982,0.742914,0.871470,89452,151036,cuda
sample_019,bus,uncertainty_ensemble,moderate,point_box_noise,sam_single_noisy,1,0.494953,0.662165,0.836967,78822,151036,cuda
sample_019,bus,uncertainty_ensemble,moderate,point_box_noise,sam_score_select,1,0.384350,0.555278,0.935956,58088,151036,cuda
sample_019,bus,uncertainty_ensemble,moderate,point_box_noise,sam_consistency_medoid,1,0.424594,0.596091,0.890269,64146,151036,cuda
sample_019,bus,uncertainty_ensemble,moderate,point_box_noise,sam_vote_consensus,1,0.468014,0.637615,0.890269,71051,151036,cuda
sample_019,bus,uncertainty_ensemble,moderate,point_box_noise,sam_oracle_best,1,0.494953,0.662165,0.836967,78822,151036,cuda
sample_020,sheep,modality,clean,point_only,sam_vit_b,0,0.949791,0.974249,0.989899,43884,43336,cuda
sample_020,sheep,modality,clean,box_only,sam_vit_b,0,0.959247,0.979200,0.994769,44403,43336,cuda
sample_020,sheep,modality,clean,point_box,sam_vit_b,0,0.946367,0.972444,0.982616,43688,43336,cuda
sample_020,sheep,noise_decomposition,clean,clean,sam_single_prompt,0,0.946367,0.972444,0.982616,43688,43336,cuda
sample_020,sheep,noise_decomposition,mild,point_noise,sam_single_prompt,0,0.895015,0.944599,0.984301,40977,43336,cuda
sample_020,sheep,noise_decomposition,mild,point_noise,sam_single_prompt,1,0.946478,0.972503,0.982894,43693,43336,cuda
sample_020,sheep,noise_decomposition,mild,box_noise,sam_single_prompt,0,0.959794,0.979485,0.989259,44549,43336,cuda
sample_020,sheep,noise_decomposition,mild,box_noise,sam_single_prompt,1,0.958143,0.978624,0.990809,43958,43336,cuda
sample_020,sheep,noise_decomposition,mild,point_box_noise,sam_single_prompt,0,0.875062,0.933369,0.982957,39823,43336,cuda
sample_020,sheep,noise_decomposition,mild,point_box_noise,sam_single_prompt,1,0.953668,0.976284,0.994185,43780,43336,cuda
sample_020,sheep,uncertainty_ensemble,mild,point_box_noise,sam_single_noisy,0,0.875062,0.933369,0.982957,39823,43336,cuda
sample_020,sheep,uncertainty_ensemble,mild,point_box_noise,sam_score_select,0,0.867011,0.928769,0.992301,39479,43336,cuda
sample_020,sheep,uncertainty_ensemble,mild,point_box_noise,sam_consistency_medoid,0,0.877340,0.934663,0.979411,40001,43336,cuda
sample_020,sheep,uncertainty_ensemble,mild,point_box_noise,sam_vote_consensus,0,0.887194,0.940226,0.979411,40429,43336,cuda
sample_020,sheep,uncertainty_ensemble,mild,point_box_noise,sam_oracle_best,0,0.938239,0.968135,0.969445,42935,43336,cuda
sample_020,sheep,uncertainty_ensemble,mild,point_box_noise,sam_single_noisy,1,0.953668,0.976284,0.994185,43780,43336,cuda
sample_020,sheep,uncertainty_ensemble,mild,point_box_noise,sam_score_select,1,0.957191,0.978128,0.997590,44080,43336,cuda
sample_020,sheep,uncertainty_ensemble,mild,point_box_noise,sam_consistency_medoid,1,0.953668,0.976284,0.987646,43780,43336,cuda
sample_020,sheep,uncertainty_ensemble,mild,point_box_noise,sam_vote_consensus,1,0.953712,0.976307,0.987646,43780,43336,cuda
sample_020,sheep,uncertainty_ensemble,mild,point_box_noise,sam_oracle_best,1,0.957446,0.978261,0.997217,44017,43336,cuda
sample_020,sheep,noise_decomposition,moderate,point_noise,sam_single_prompt,0,0.899948,0.947340,0.982436,41206,43336,cuda
sample_020,sheep,noise_decomposition,moderate,point_noise,sam_single_prompt,1,0.947805,0.973203,0.982727,43727,43336,cuda
sample_020,sheep,noise_decomposition,moderate,box_noise,sam_single_prompt,0,0.637218,0.778416,0.955296,28253,43336,cuda
sample_020,sheep,noise_decomposition,moderate,box_noise,sam_single_prompt,1,0.948342,0.973486,0.980112,43977,43336,cuda
sample_020,sheep,noise_decomposition,moderate,point_box_noise,sam_single_prompt,0,0.687581,0.814872,0.952181,30683,43336,cuda
sample_020,sheep,noise_decomposition,moderate,point_box_noise,sam_single_prompt,1,0.956229,0.977625,0.984736,44127,43336,cuda
sample_020,sheep,uncertainty_ensemble,moderate,point_box_noise,sam_single_noisy,0,0.687581,0.814872,0.952181,30683,43336,cuda
sample_020,sheep,uncertainty_ensemble,moderate,point_box_noise,sam_score_select,0,0.935216,0.966524,0.970243,42247,43336,cuda
sample_020,sheep,uncertainty_ensemble,moderate,point_box_noise,sam_consistency_medoid,0,0.704193,0.826424,0.958005,31444,43336,cuda
sample_020,sheep,uncertainty_ensemble,moderate,point_box_noise,sam_vote_consensus,0,0.756023,0.861063,0.958005,33706,43336,cuda
sample_020,sheep,uncertainty_ensemble,moderate,point_box_noise,sam_oracle_best,0,0.935216,0.966524,0.970243,42247,43336,cuda
sample_020,sheep,uncertainty_ensemble,moderate,point_box_noise,sam_single_noisy,1,0.956229,0.977625,0.984736,44127,43336,cuda
sample_020,sheep,uncertainty_ensemble,moderate,point_box_noise,sam_score_select,1,0.957962,0.978530,1.000481,44134,43336,cuda
sample_020,sheep,uncertainty_ensemble,moderate,point_box_noise,sam_consistency_medoid,1,0.935717,0.966791,0.986696,42726,43336,cuda
sample_020,sheep,uncertainty_ensemble,moderate,point_box_noise,sam_vote_consensus,1,0.956292,0.977658,0.986696,44032,43336,cuda
sample_020,sheep,uncertainty_ensemble,moderate,point_box_noise,sam_oracle_best,1,0.957962,0.978530,1.000481,44134,43336,cuda
sample_021,bus,modality,clean,point_only,sam_vit_b,0,0.066893,0.125397,0.814920,888,13275,cuda
sample_021,bus,modality,clean,box_only,sam_vit_b,0,0.941382,0.969806,0.956055,13386,13275,cuda
sample_021,bus,modality,clean,point_box,sam_vit_b,0,0.881652,0.937104,0.956608,14517,13275,cuda
sample_021,bus,noise_decomposition,clean,clean,sam_single_prompt,0,0.881652,0.937104,0.956608,14517,13275,cuda
sample_021,bus,noise_decomposition,mild,point_noise,sam_single_prompt,0,0.927340,0.962300,0.963961,13781,13275,cuda
sample_021,bus,noise_decomposition,mild,point_noise,sam_single_prompt,1,0.892199,0.943029,0.957842,14353,13275,cuda
sample_021,bus,noise_decomposition,mild,box_noise,sam_single_prompt,0,0.936749,0.967342,0.959742,13334,13275,cuda
sample_021,bus,noise_decomposition,mild,box_noise,sam_single_prompt,1,0.763299,0.865763,0.930022,16888,13275,cuda
sample_021,bus,noise_decomposition,mild,point_box_noise,sam_single_prompt,0,0.919252,0.957928,0.953902,13940,13275,cuda
sample_021,bus,noise_decomposition,mild,point_box_noise,sam_single_prompt,1,0.942847,0.970583,0.955757,13410,13275,cuda
sample_021,bus,uncertainty_ensemble,mild,point_box_noise,sam_single_noisy,0,0.919252,0.957928,0.953902,13940,13275,cuda
sample_021,bus,uncertainty_ensemble,mild,point_box_noise,sam_score_select,0,0.931363,0.964462,0.960622,13710,13275,cuda
sample_021,bus,uncertainty_ensemble,mild,point_box_noise,sam_consistency_medoid,0,0.919252,0.957928,0.952910,13940,13275,cuda
sample_021,bus,uncertainty_ensemble,mild,point_box_noise,sam_vote_consensus,0,0.917517,0.956985,0.952910,13971,13275,cuda
sample_021,bus,uncertainty_ensemble,mild,point_box_noise,sam_oracle_best,0,0.931363,0.964462,0.960622,13710,13275,cuda
sample_021,bus,uncertainty_ensemble,mild,point_box_noise,sam_single_noisy,1,0.942847,0.970583,0.955757,13410,13275,cuda
sample_021,bus,uncertainty_ensemble,mild,point_box_noise,sam_score_select,1,0.941518,0.969878,0.965703,13483,13275,cuda
sample_021,bus,uncertainty_ensemble,mild,point_box_noise,sam_consistency_medoid,1,0.942847,0.970583,0.957869,13410,13275,cuda
sample_021,bus,uncertainty_ensemble,mild,point_box_noise,sam_vote_consensus,1,0.941958,0.970112,0.957869,13458,13275,cuda
sample_021,bus,uncertainty_ensemble,mild,point_box_noise,sam_oracle_best,1,0.942847,0.970583,0.955757,13410,13275,cuda
sample_021,bus,noise_decomposition,moderate,point_noise,sam_single_prompt,0,0.931787,0.964689,0.974897,13374,13275,cuda
sample_021,bus,noise_decomposition,moderate,point_noise,sam_single_prompt,1,0.918324,0.957423,0.979742,13923,13275,cuda
sample_021,bus,noise_decomposition,moderate,box_noise,sam_single_prompt,0,0.881889,0.937238,0.928441,12983,13275,cuda
sample_021,bus,noise_decomposition,moderate,box_noise,sam_single_prompt,1,0.856755,0.922852,0.928406,12040,13275,cuda
sample_021,bus,noise_decomposition,moderate,point_box_noise,sam_single_prompt,0,0.748929,0.856443,0.971601,17354,13275,cuda
sample_021,bus,noise_decomposition,moderate,point_box_noise,sam_single_prompt,1,0.926648,0.961927,0.953210,13621,13275,cuda
sample_021,bus,uncertainty_ensemble,moderate,point_box_noise,sam_single_noisy,0,0.748929,0.856443,0.971601,17354,13275,cuda
sample_021,bus,uncertainty_ensemble,moderate,point_box_noise,sam_score_select,0,0.752855,0.859005,0.972527,17265,13275,cuda
sample_021,bus,uncertainty_ensemble,moderate,point_box_noise,sam_consistency_medoid,0,0.748929,0.856443,0.964136,17354,13275,cuda
sample_021,bus,uncertainty_ensemble,moderate,point_box_noise,sam_vote_consensus,0,0.751132,0.857882,0.964136,17270,13275,cuda
sample_021,bus,uncertainty_ensemble,moderate,point_box_noise,sam_oracle_best,0,0.878875,0.935533,0.959015,14786,13275,cuda
sample_021,bus,uncertainty_ensemble,moderate,point_box_noise,sam_single_noisy,1,0.926648,0.961927,0.953210,13621,13275,cuda
sample_021,bus,uncertainty_ensemble,moderate,point_box_noise,sam_score_select,1,0.915912,0.956111,0.965223,13588,13275,cuda
sample_021,bus,uncertainty_ensemble,moderate,point_box_noise,sam_consistency_medoid,1,0.926648,0.961927,0.952924,13621,13275,cuda
sample_021,bus,uncertainty_ensemble,moderate,point_box_noise,sam_vote_consensus,1,0.919542,0.958085,0.952924,13708,13275,cuda
sample_021,bus,uncertainty_ensemble,moderate,point_box_noise,sam_oracle_best,1,0.928071,0.962694,0.954040,13396,13275,cuda
sample_022,diningtable,modality,clean,point_only,sam_vit_b,0,0.510000,0.675496,0.895218,26445,43394,cuda
sample_022,diningtable,modality,clean,box_only,sam_vit_b,0,0.526098,0.689468,0.952535,24409,43394,cuda
sample_022,diningtable,modality,clean,point_box,sam_vit_b,0,0.527721,0.690861,0.966805,25190,43394,cuda
sample_022,diningtable,noise_decomposition,clean,clean,sam_single_prompt,0,0.527721,0.690861,0.966805,25190,43394,cuda
sample_022,diningtable,noise_decomposition,mild,point_noise,sam_single_prompt,0,0.525406,0.688874,0.681970,24662,43394,cuda
sample_022,diningtable,noise_decomposition,mild,point_noise,sam_single_prompt,1,0.533695,0.695960,0.958481,25860,43394,cuda
sample_022,diningtable,noise_decomposition,mild,box_noise,sam_single_prompt,0,0.511405,0.676728,0.953185,24790,43394,cuda
sample_022,diningtable,noise_decomposition,mild,box_noise,sam_single_prompt,1,0.558317,0.716564,0.959032,29088,43394,cuda
sample_022,diningtable,noise_decomposition,mild,point_box_noise,sam_single_prompt,0,0.555820,0.714504,0.965700,27987,43394,cuda
sample_022,diningtable,noise_decomposition,mild,point_box_noise,sam_single_prompt,1,0.047879,0.091382,0.833776,2698,43394,cuda
sample_022,diningtable,uncertainty_ensemble,mild,point_box_noise,sam_single_noisy,0,0.555820,0.714504,0.965700,27987,43394,cuda
sample_022,diningtable,uncertainty_ensemble,mild,point_box_noise,sam_score_select,0,0.579145,0.733492,0.969875,28176,43394,cuda
sample_022,diningtable,uncertainty_ensemble,mild,point_box_noise,sam_consistency_medoid,0,0.531407,0.694012,0.932775,25089,43394,cuda
sample_022,diningtable,uncertainty_ensemble,mild,point_box_noise,sam_vote_consensus,0,0.551458,0.710890,0.932775,26690,43394,cuda
sample_022,diningtable,uncertainty_ensemble,mild,point_box_noise,sam_oracle_best,0,0.579145,0.733492,0.969875,28176,43394,cuda
sample_022,diningtable,uncertainty_ensemble,mild,point_box_noise,sam_single_noisy,1,0.047879,0.091382,0.833776,2698,43394,cuda
sample_022,diningtable,uncertainty_ensemble,mild,point_box_noise,sam_score_select,1,0.529849,0.692681,0.974778,26618,43394,cuda
sample_022,diningtable,uncertainty_ensemble,mild,point_box_noise,sam_consistency_medoid,1,0.376434,0.546970,0.908665,17209,43394,cuda
sample_022,diningtable,uncertainty_ensemble,mild,point_box_noise,sam_vote_consensus,1,0.369826,0.539961,0.908665,17466,43394,cuda
sample_022,diningtable,uncertainty_ensemble,mild,point_box_noise,sam_oracle_best,1,0.529849,0.692681,0.974778,26618,43394,cuda
sample_022,diningtable,noise_decomposition,moderate,point_noise,sam_single_prompt,0,0.556137,0.714766,0.963055,25574,43394,cuda
sample_022,diningtable,noise_decomposition,moderate,point_noise,sam_single_prompt,1,0.584015,0.737386,0.945672,28628,43394,cuda
sample_022,diningtable,noise_decomposition,moderate,box_noise,sam_single_prompt,0,0.081726,0.151104,0.731880,7207,43394,cuda
sample_022,diningtable,noise_decomposition,moderate,box_noise,sam_single_prompt,1,0.526236,0.689586,0.943395,27898,43394,cuda
sample_022,diningtable,noise_decomposition,moderate,point_box_noise,sam_single_prompt,0,0.138238,0.242898,0.775537,12786,43394,cuda
sample_022,diningtable,noise_decomposition,moderate,point_box_noise,sam_single_prompt,1,0.216184,0.355513,0.775726,11417,43394,cuda
sample_022,diningtable,uncertainty_ensemble,moderate,point_box_noise,sam_single_noisy,0,0.138238,0.242898,0.775537,12786,43394,cuda
sample_022,diningtable,uncertainty_ensemble,moderate,point_box_noise,sam_score_select,0,0.477191,0.646079,0.933998,23895,43394,cuda
sample_022,diningtable,uncertainty_ensemble,moderate,point_box_noise,sam_consistency_medoid,0,0.138238,0.242898,0.794458,12786,43394,cuda
sample_022,diningtable,uncertainty_ensemble,moderate,point_box_noise,sam_vote_consensus,0,0.134706,0.237429,0.794458,12050,43394,cuda
sample_022,diningtable,uncertainty_ensemble,moderate,point_box_noise,sam_oracle_best,0,0.477191,0.646079,0.933998,23895,43394,cuda
sample_022,diningtable,uncertainty_ensemble,moderate,point_box_noise,sam_single_noisy,1,0.216184,0.355513,0.775726,11417,43394,cuda
sample_022,diningtable,uncertainty_ensemble,moderate,point_box_noise,sam_score_select,1,0.511383,0.676709,0.957637,23326,43394,cuda
sample_022,diningtable,uncertainty_ensemble,moderate,point_box_noise,sam_consistency_medoid,1,0.461977,0.631990,0.879374,20933,43394,cuda
sample_022,diningtable,uncertainty_ensemble,moderate,point_box_noise,sam_vote_consensus,1,0.503938,0.670158,0.879374,25724,43394,cuda
sample_022,diningtable,uncertainty_ensemble,moderate,point_box_noise,sam_oracle_best,1,0.511383,0.676709,0.957637,23326,43394,cuda
sample_023,horse,modality,clean,point_only,sam_vit_b,0,0.700714,0.824023,0.894877,26331,33245,cuda
sample_023,horse,modality,clean,box_only,sam_vit_b,0,0.828901,0.906447,0.951877,31200,33245,cuda
sample_023,horse,modality,clean,point_box,sam_vit_b,0,0.811760,0.896101,0.962321,35158,33245,cuda
sample_023,horse,noise_decomposition,clean,clean,sam_single_prompt,0,0.811760,0.896101,0.962321,35158,33245,cuda
sample_023,horse,noise_decomposition,mild,point_noise,sam_single_prompt,0,0.804510,0.891666,0.963239,34693,33245,cuda
sample_023,horse,noise_decomposition,mild,point_noise,sam_single_prompt,1,0.795689,0.886221,0.959554,34896,33245,cuda
sample_023,horse,noise_decomposition,mild,box_noise,sam_single_prompt,0,0.675788,0.806532,0.946901,25240,33245,cuda
sample_023,horse,noise_decomposition,mild,box_noise,sam_single_prompt,1,0.756415,0.861317,0.941096,28363,33245,cuda
sample_023,horse,noise_decomposition,mild,point_box_noise,sam_single_prompt,0,0.591703,0.743484,0.887539,20814,33245,cuda
sample_023,horse,noise_decomposition,mild,point_box_noise,sam_single_prompt,1,0.701837,0.824799,0.957734,26595,33245,cuda
sample_023,horse,uncertainty_ensemble,mild,point_box_noise,sam_single_noisy,0,0.591703,0.743484,0.887539,20814,33245,cuda
sample_023,horse,uncertainty_ensemble,mild,point_box_noise,sam_score_select,0,0.632534,0.774910,0.917202,22826,33245,cuda
sample_023,horse,uncertainty_ensemble,mild,point_box_noise,sam_consistency_medoid,0,0.605555,0.754325,0.899490,21323,33245,cuda
sample_023,horse,uncertainty_ensemble,mild,point_box_noise,sam_vote_consensus,0,0.637183,0.778390,0.899490,22488,33245,cuda
sample_023,horse,uncertainty_ensemble,mild,point_box_noise,sam_oracle_best,0,0.672868,0.804448,0.893607,23676,33245,cuda
sample_023,horse,uncertainty_ensemble,mild,point_box_noise,sam_single_noisy,1,0.701837,0.824799,0.957734,26595,33245,cuda
sample_023,horse,uncertainty_ensemble,mild,point_box_noise,sam_score_select,1,0.753991,0.859743,0.962800,28948,33245,cuda
sample_023,horse,uncertainty_ensemble,mild,point_box_noise,sam_consistency_medoid,1,0.702043,0.824942,0.954009,26655,33245,cuda
sample_023,horse,uncertainty_ensemble,mild,point_box_noise,sam_vote_consensus,1,0.738848,0.849813,0.954009,27992,33245,cuda
sample_023,horse,uncertainty_ensemble,mild,point_box_noise,sam_oracle_best,1,0.818238,0.900034,0.948471,30917,33245,cuda
sample_023,horse,noise_decomposition,moderate,point_noise,sam_single_prompt,0,0.810997,0.895636,0.965771,35131,33245,cuda
sample_023,horse,noise_decomposition,moderate,point_noise,sam_single_prompt,1,0.834703,0.909905,0.944044,33074,33245,cuda
sample_023,horse,noise_decomposition,moderate,box_noise,sam_single_prompt,0,0.699634,0.823276,0.958999,26594,33245,cuda
sample_023,horse,noise_decomposition,moderate,box_noise,sam_single_prompt,1,0.505269,0.671334,0.865775,17749,33245,cuda
sample_023,horse,noise_decomposition,moderate,point_box_noise,sam_single_prompt,0,0.719575,0.836922,0.937622,35722,33245,cuda
sample_023,horse,noise_decomposition,moderate,point_box_noise,sam_single_prompt,1,0.696407,0.821038,0.952212,26438,33245,cuda
sample_023,horse,uncertainty_ensemble,moderate,point_box_noise,sam_single_noisy,0,0.719575,0.836922,0.937622,35722,33245,cuda
sample_023,horse,uncertainty_ensemble,moderate,point_box_noise,sam_score_select,0,0.754582,0.860128,0.947219,30985,33245,cuda
sample_023,horse,uncertainty_ensemble,moderate,point_box_noise,sam_consistency_medoid,0,0.754582,0.860128,0.932416,30985,33245,cuda
sample_023,horse,uncertainty_ensemble,moderate,point_box_noise,sam_vote_consensus,0,0.809568,0.894764,0.932416,32379,33245,cuda
sample_023,horse,uncertainty_ensemble,moderate,point_box_noise,sam_oracle_best,0,0.805849,0.892487,0.945620,30794,33245,cuda
sample_023,horse,uncertainty_ensemble,moderate,point_box_noise,sam_single_noisy,1,0.696407,0.821038,0.952212,26438,33245,cuda
sample_023,horse,uncertainty_ensemble,moderate,point_box_noise,sam_score_select,1,0.696407,0.821038,0.952212,26438,33245,cuda
sample_023,horse,uncertainty_ensemble,moderate,point_box_noise,sam_consistency_medoid,1,0.699349,0.823079,0.924176,35198,33245,cuda
sample_023,horse,uncertainty_ensemble,moderate,point_box_noise,sam_vote_consensus,1,0.722883,0.839155,0.924176,34721,33245,cuda
sample_023,horse,uncertainty_ensemble,moderate,point_box_noise,sam_oracle_best,1,0.710584,0.830808,0.874585,36593,33245,cuda
sample_024,horse,modality,clean,point_only,sam_vit_b,0,0.079861,0.147910,0.871533,4211,52729,cuda
sample_024,horse,modality,clean,box_only,sam_vit_b,0,0.856398,0.922645,0.985605,57218,52729,cuda
sample_024,horse,modality,clean,point_box,sam_vit_b,0,0.880965,0.936716,0.950755,58041,52729,cuda
sample_024,horse,noise_decomposition,clean,clean,sam_single_prompt,0,0.880965,0.936716,0.950755,58041,52729,cuda
sample_024,horse,noise_decomposition,mild,point_noise,sam_single_prompt,0,0.872064,0.931661,0.964033,58305,52729,cuda
sample_024,horse,noise_decomposition,mild,point_noise,sam_single_prompt,1,0.865751,0.928045,0.958313,58063,52729,cuda
sample_024,horse,noise_decomposition,mild,box_noise,sam_single_prompt,0,0.874250,0.932907,0.883957,54167,52729,cuda
sample_024,horse,noise_decomposition,mild,box_noise,sam_single_prompt,1,0.860579,0.925066,0.972713,60424,52729,cuda
sample_024,horse,noise_decomposition,mild,point_box_noise,sam_single_prompt,0,0.771169,0.870802,0.968430,49138,52729,cuda
sample_024,horse,noise_decomposition,mild,point_box_noise,sam_single_prompt,1,0.305780,0.468348,0.689248,17078,52729,cuda
sample_024,horse,uncertainty_ensemble,mild,point_box_noise,sam_single_noisy,0,0.771169,0.870802,0.968430,49138,52729,cuda
sample_024,horse,uncertainty_ensemble,mild,point_box_noise,sam_score_select,0,0.771169,0.870802,0.968430,49138,52729,cuda
sample_024,horse,uncertainty_ensemble,mild,point_box_noise,sam_consistency_medoid,0,0.845763,0.916437,0.939874,55226,52729,cuda
sample_024,horse,uncertainty_ensemble,mild,point_box_noise,sam_vote_consensus,0,0.852995,0.920666,0.939874,56405,52729,cuda
sample_024,horse,uncertainty_ensemble,mild,point_box_noise,sam_oracle_best,0,0.867111,0.928826,0.955306,58745,52729,cuda
sample_024,horse,uncertainty_ensemble,mild,point_box_noise,sam_single_noisy,1,0.305780,0.468348,0.689248,17078,52729,cuda
sample_024,horse,uncertainty_ensemble,mild,point_box_noise,sam_score_select,1,0.498328,0.665179,0.821060,40488,52729,cuda
sample_024,horse,uncertainty_ensemble,mild,point_box_noise,sam_consistency_medoid,1,0.329527,0.495706,0.752002,19814,52729,cuda
sample_024,horse,uncertainty_ensemble,mild,point_box_noise,sam_vote_consensus,1,0.401558,0.573017,0.752002,24096,52729,cuda
sample_024,horse,uncertainty_ensemble,mild,point_box_noise,sam_oracle_best,1,0.498328,0.665179,0.821060,40488,52729,cuda
sample_024,horse,noise_decomposition,moderate,point_noise,sam_single_prompt,0,0.867482,0.929039,0.960158,59234,52729,cuda
sample_024,horse,noise_decomposition,moderate,point_noise,sam_single_prompt,1,0.888771,0.941110,0.951531,57613,52729,cuda
sample_024,horse,noise_decomposition,moderate,box_noise,sam_single_prompt,0,0.502793,0.669145,0.969838,30655,52729,cuda
sample_024,horse,noise_decomposition,moderate,box_noise,sam_single_prompt,1,0.880217,0.936293,0.876599,57055,52729,cuda
sample_024,horse,noise_decomposition,moderate,point_box_noise,sam_single_prompt,0,0.477838,0.646671,0.946626,27290,52729,cuda
sample_024,horse,noise_decomposition,moderate,point_box_noise,sam_single_prompt,1,0.743557,0.852919,0.937845,47597,52729,cuda
sample_024,horse,uncertainty_ensemble,moderate,point_box_noise,sam_single_noisy,0,0.477838,0.646671,0.946626,27290,52729,cuda
sample_024,horse,uncertainty_ensemble,moderate,point_box_noise,sam_score_select,0,0.477838,0.646671,0.946626,27290,52729,cuda
sample_024,horse,uncertainty_ensemble,moderate,point_box_noise,sam_consistency_medoid,0,0.369521,0.539635,0.872314,20565,52729,cuda
sample_024,horse,uncertainty_ensemble,moderate,point_box_noise,sam_vote_consensus,0,0.377502,0.548097,0.872314,21101,52729,cuda
sample_024,horse,uncertainty_ensemble,moderate,point_box_noise,sam_oracle_best,0,0.477838,0.646671,0.946626,27290,52729,cuda
sample_024,horse,uncertainty_ensemble,moderate,point_box_noise,sam_single_noisy,1,0.743557,0.852919,0.937845,47597,52729,cuda
sample_024,horse,uncertainty_ensemble,moderate,point_box_noise,sam_score_select,1,0.507763,0.673532,0.972994,30881,52729,cuda
sample_024,horse,uncertainty_ensemble,moderate,point_box_noise,sam_consistency_medoid,1,0.743557,0.852919,0.901852,47597,52729,cuda
sample_024,horse,uncertainty_ensemble,moderate,point_box_noise,sam_vote_consensus,1,0.742309,0.852098,0.901852,46607,52729,cuda
sample_024,horse,uncertainty_ensemble,moderate,point_box_noise,sam_oracle_best,1,0.771788,0.871197,0.929106,51725,52729,cuda
sample_025,sofa,modality,clean,point_only,sam_vit_b,0,0.048928,0.093292,0.769046,767,15676,cuda
sample_025,sofa,modality,clean,box_only,sam_vit_b,0,0.801658,0.889912,0.935137,16916,15676,cuda
sample_025,sofa,modality,clean,point_box,sam_vit_b,0,0.765448,0.867143,0.951327,19580,15676,cuda
sample_025,sofa,noise_decomposition,clean,clean,sam_single_prompt,0,0.765448,0.867143,0.951327,19580,15676,cuda
sample_025,sofa,noise_decomposition,mild,point_noise,sam_single_prompt,0,0.760100,0.863701,0.955321,19658,15676,cuda
sample_025,sofa,noise_decomposition,mild,point_noise,sam_single_prompt,1,0.748802,0.856360,0.950465,20094,15676,cuda
sample_025,sofa,noise_decomposition,mild,box_noise,sam_single_prompt,0,0.675436,0.806281,0.953757,22410,15676,cuda
sample_025,sofa,noise_decomposition,mild,box_noise,sam_single_prompt,1,0.685507,0.813413,0.943743,22167,15676,cuda
sample_025,sofa,noise_decomposition,mild,point_box_noise,sam_single_prompt,0,0.795367,0.886022,0.944936,18892,15676,cuda
sample_025,sofa,noise_decomposition,mild,point_box_noise,sam_single_prompt,1,0.671747,0.803647,0.904636,22602,15676,cuda
sample_025,sofa,uncertainty_ensemble,mild,point_box_noise,sam_single_noisy,0,0.795367,0.886022,0.944936,18892,15676,cuda
sample_025,sofa,uncertainty_ensemble,mild,point_box_noise,sam_score_select,0,0.772943,0.871932,0.959771,19446,15676,cuda
sample_025,sofa,uncertainty_ensemble,mild,point_box_noise,sam_consistency_medoid,0,0.795367,0.886022,0.943775,18892,15676,cuda
sample_025,sofa,uncertainty_ensemble,mild,point_box_noise,sam_vote_consensus,0,0.787689,0.881237,0.943775,19175,15676,cuda
sample_025,sofa,uncertainty_ensemble,mild,point_box_noise,sam_oracle_best,0,0.821613,0.902072,0.933787,18257,15676,cuda
sample_025,sofa,uncertainty_ensemble,mild,point_box_noise,sam_single_noisy,1,0.671747,0.803647,0.904636,22602,15676,cuda
sample_025,sofa,uncertainty_ensemble,mild,point_box_noise,sam_score_select,1,0.770981,0.870683,0.932423,19269,15676,cuda
sample_025,sofa,uncertainty_ensemble,mild,point_box_noise,sam_consistency_medoid,1,0.671747,0.803647,0.915447,22602,15676,cuda
sample_025,sofa,uncertainty_ensemble,mild,point_box_noise,sam_vote_consensus,1,0.671954,0.803795,0.915447,22585,15676,cuda
sample_025,sofa,uncertainty_ensemble,mild,point_box_noise,sam_oracle_best,1,0.770981,0.870683,0.932423,19269,15676,cuda
sample_025,sofa,noise_decomposition,moderate,point_noise,sam_single_prompt,0,0.766991,0.868132,0.954941,19397,15676,cuda
sample_025,sofa,noise_decomposition,moderate,point_noise,sam_single_prompt,1,0.766183,0.867615,0.955556,19411,15676,cuda
sample_025,sofa,noise_decomposition,moderate,box_noise,sam_single_prompt,0,0.753449,0.859391,0.903157,19784,15676,cuda
sample_025,sofa,noise_decomposition,moderate,box_noise,sam_single_prompt,1,0.644935,0.784147,0.786025,10842,15676,cuda
sample_025,sofa,noise_decomposition,moderate,point_box_noise,sam_single_prompt,0,0.704672,0.826754,0.951319,13479,15676,cuda
sample_025,sofa,noise_decomposition,moderate,point_box_noise,sam_single_prompt,1,0.621254,0.766387,0.905083,12670,15676,cuda
sample_025,sofa,uncertainty_ensemble,moderate,point_box_noise,sam_single_noisy,0,0.704672,0.826754,0.951319,13479,15676,cuda
sample_025,sofa,uncertainty_ensemble,moderate,point_box_noise,sam_score_select,0,0.423552,0.595063,0.968182,7051,15676,cuda
sample_025,sofa,uncertainty_ensemble,moderate,point_box_noise,sam_consistency_medoid,0,0.737547,0.848952,0.939624,12752,15676,cuda
sample_025,sofa,uncertainty_ensemble,moderate,point_box_noise,sam_vote_consensus,0,0.737215,0.848732,0.939624,12790,15676,cuda
sample_025,sofa,uncertainty_ensemble,moderate,point_box_noise,sam_oracle_best,0,0.737547,0.848952,0.961316,12752,15676,cuda
sample_025,sofa,uncertainty_ensemble,moderate,point_box_noise,sam_single_noisy,1,0.621254,0.766387,0.905083,12670,15676,cuda
sample_025,sofa,uncertainty_ensemble,moderate,point_box_noise,sam_score_select,1,0.667448,0.800562,0.968954,11365,15676,cuda
sample_025,sofa,uncertainty_ensemble,moderate,point_box_noise,sam_consistency_medoid,1,0.667448,0.800562,0.941785,11365,15676,cuda
sample_025,sofa,uncertainty_ensemble,moderate,point_box_noise,sam_vote_consensus,1,0.806117,0.892652,0.941785,15978,15676,cuda
sample_025,sofa,uncertainty_ensemble,moderate,point_box_noise,sam_oracle_best,1,0.845647,0.916369,0.923636,14026,15676,cuda
sample_026,diningtable,modality,clean,point_only,sam_vit_b,0,0.090180,0.165441,0.948167,731,8106,cuda
sample_026,diningtable,modality,clean,box_only,sam_vit_b,0,0.435799,0.607047,0.931064,16215,8106,cuda
sample_026,diningtable,modality,clean,point_box,sam_vit_b,0,0.514576,0.679498,0.929018,14287,8106,cuda
sample_026,diningtable,noise_decomposition,clean,clean,sam_single_prompt,0,0.514576,0.679498,0.929018,14287,8106,cuda
sample_026,diningtable,noise_decomposition,mild,point_noise,sam_single_prompt,0,0.495963,0.663068,0.929360,14682,8106,cuda
sample_026,diningtable,noise_decomposition,mild,point_noise,sam_single_prompt,1,0.465435,0.635218,0.930676,15848,8106,cuda
sample_026,diningtable,noise_decomposition,mild,box_noise,sam_single_prompt,0,0.446325,0.617185,0.833081,11039,8106,cuda
sample_026,diningtable,noise_decomposition,mild,box_noise,sam_single_prompt,1,0.474842,0.643923,0.919963,14083,8106,cuda
sample_026,diningtable,noise_decomposition,mild,point_box_noise,sam_single_prompt,0,0.541713,0.702742,0.913087,14033,8106,cuda
sample_026,diningtable,noise_decomposition,mild,point_box_noise,sam_single_prompt,1,0.420683,0.592226,0.936608,16746,8106,cuda
sample_026,diningtable,uncertainty_ensemble,mild,point_box_noise,sam_single_noisy,0,0.541713,0.702742,0.913087,14033,8106,cuda
sample_026,diningtable,uncertainty_ensemble,mild,point_box_noise,sam_score_select,0,0.549802,0.709513,0.930198,14611,8106,cuda
sample_026,diningtable,uncertainty_ensemble,mild,point_box_noise,sam_consistency_medoid,0,0.541713,0.702742,0.920117,14033,8106,cuda
sample_026,diningtable,uncertainty_ensemble,mild,point_box_noise,sam_vote_consensus,0,0.515733,0.680506,0.920117,14968,8106,cuda
sample_026,diningtable,uncertainty_ensemble,mild,point_box_noise,sam_oracle_best,0,0.566634,0.723377,0.920680,14159,8106,cuda
sample_026,diningtable,uncertainty_ensemble,mild,point_box_noise,sam_single_noisy,1,0.420683,0.592226,0.936608,16746,8106,cuda
sample_026,diningtable,uncertainty_ensemble,mild,point_box_noise,sam_score_select,1,0.419859,0.591410,0.939693,17318,8106,cuda
sample_026,diningtable,uncertainty_ensemble,mild,point_box_noise,sam_consistency_medoid,1,0.420683,0.592226,0.931856,16746,8106,cuda
sample_026,diningtable,uncertainty_ensemble,mild,point_box_noise,sam_vote_consensus,1,0.427408,0.598859,0.931856,16955,8106,cuda
sample_026,diningtable,uncertainty_ensemble,mild,point_box_noise,sam_oracle_best,1,0.504129,0.670327,0.924056,15208,8106,cuda
sample_026,diningtable,noise_decomposition,moderate,point_noise,sam_single_prompt,0,0.499674,0.666376,0.929299,14860,8106,cuda
sample_026,diningtable,noise_decomposition,moderate,point_noise,sam_single_prompt,1,0.490510,0.658178,0.926660,15532,8106,cuda
sample_026,diningtable,noise_decomposition,moderate,box_noise,sam_single_prompt,0,0.142350,0.249222,0.781551,7647,8106,cuda
sample_026,diningtable,noise_decomposition,moderate,box_noise,sam_single_prompt,1,0.305430,0.467938,0.836021,10140,8106,cuda
sample_026,diningtable,noise_decomposition,moderate,point_box_noise,sam_single_prompt,0,0.481926,0.650405,0.918044,13868,8106,cuda
sample_026,diningtable,noise_decomposition,moderate,point_box_noise,sam_single_prompt,1,0.434055,0.605354,0.944646,17446,8106,cuda
sample_026,diningtable,uncertainty_ensemble,moderate,point_box_noise,sam_single_noisy,0,0.481926,0.650405,0.918044,13868,8106,cuda
sample_026,diningtable,uncertainty_ensemble,moderate,point_box_noise,sam_score_select,0,0.513249,0.678340,0.936878,13367,8106,cuda
sample_026,diningtable,uncertainty_ensemble,moderate,point_box_noise,sam_consistency_medoid,0,0.493376,0.660753,0.917883,13763,8106,cuda
sample_026,diningtable,uncertainty_ensemble,moderate,point_box_noise,sam_vote_consensus,0,0.490665,0.658317,0.917883,13850,8106,cuda
sample_026,diningtable,uncertainty_ensemble,moderate,point_box_noise,sam_oracle_best,0,0.516136,0.680857,0.892041,13129,8106,cuda
sample_026,diningtable,uncertainty_ensemble,moderate,point_box_noise,sam_single_noisy,1,0.434055,0.605354,0.944646,17446,8106,cuda
sample_026,diningtable,uncertainty_ensemble,moderate,point_box_noise,sam_score_select,1,0.434055,0.605354,0.944646,17446,8106,cuda
sample_026,diningtable,uncertainty_ensemble,moderate,point_box_noise,sam_consistency_medoid,1,0.434055,0.605354,0.925367,17446,8106,cuda
sample_026,diningtable,uncertainty_ensemble,moderate,point_box_noise,sam_vote_consensus,1,0.425253,0.596740,0.925367,17845,8106,cuda
sample_026,diningtable,uncertainty_ensemble,moderate,point_box_noise,sam_oracle_best,1,0.482578,0.650998,0.934809,16232,8106,cuda
sample_027,boat,modality,clean,point_only,sam_vit_b,0,0.864906,0.927560,0.957538,1779,1893,cuda
sample_027,boat,modality,clean,box_only,sam_vit_b,0,0.903894,0.949521,0.973618,1970,1893,cuda
sample_027,boat,modality,clean,point_box,sam_vit_b,0,0.893100,0.943532,0.958268,2003,1893,cuda
sample_027,boat,noise_decomposition,clean,clean,sam_single_prompt,0,0.893100,0.943532,0.958268,2003,1893,cuda
sample_027,boat,noise_decomposition,mild,point_noise,sam_single_prompt,0,0.893100,0.943532,0.958268,2003,1893,cuda
sample_027,boat,noise_decomposition,mild,point_noise,sam_single_prompt,1,0.883055,0.937896,0.963605,2052,1893,cuda
sample_027,boat,noise_decomposition,mild,box_noise,sam_single_prompt,0,0.893607,0.943814,0.961706,1987,1893,cuda
sample_027,boat,noise_decomposition,mild,box_noise,sam_single_prompt,1,0.891918,0.942872,0.953643,1993,1893,cuda
sample_027,boat,noise_decomposition,mild,point_box_noise,sam_single_prompt,0,0.910529,0.953169,0.964713,1972,1893,cuda
sample_027,boat,noise_decomposition,mild,point_box_noise,sam_single_prompt,1,0.896117,0.945212,0.962123,2013,1893,cuda
sample_027,boat,uncertainty_ensemble,mild,point_box_noise,sam_single_noisy,0,0.910529,0.953169,0.964713,1972,1893,cuda
sample_027,boat,uncertainty_ensemble,mild,point_box_noise,sam_score_select,0,0.902153,0.948560,0.968137,1995,1893,cuda
sample_027,boat,uncertainty_ensemble,mild,point_box_noise,sam_consistency_medoid,0,0.909225,0.952455,0.963338,1977,1893,cuda
sample_027,boat,uncertainty_ensemble,mild,point_box_noise,sam_vote_consensus,0,0.908732,0.952184,0.963338,1976,1893,cuda
sample_027,boat,uncertainty_ensemble,mild,point_box_noise,sam_oracle_best,0,0.921844,0.959333,0.960357,1943,1893,cuda
sample_027,boat,uncertainty_ensemble,mild,point_box_noise,sam_single_noisy,1,0.896117,0.945212,0.962123,2013,1893,cuda
sample_027,boat,uncertainty_ensemble,mild,point_box_noise,sam_score_select,1,0.892218,0.943040,0.962700,2022,1893,cuda
sample_027,boat,uncertainty_ensemble,mild,point_box_noise,sam_consistency_medoid,1,0.892218,0.943040,0.959075,2022,1893,cuda
sample_027,boat,uncertainty_ensemble,mild,point_box_noise,sam_vote_consensus,1,0.892650,0.943281,0.959075,2021,1893,cuda
sample_027,boat,uncertainty_ensemble,mild,point_box_noise,sam_oracle_best,1,0.925889,0.961518,0.956961,1953,1893,cuda
sample_027,boat,noise_decomposition,moderate,point_noise,sam_single_prompt,0,0.880476,0.936440,0.964028,2056,1893,cuda
sample_027,boat,noise_decomposition,moderate,point_noise,sam_single_prompt,1,0.891695,0.942747,0.957796,2002,1893,cuda
sample_027,boat,noise_decomposition,moderate,box_noise,sam_single_prompt,0,0.908644,0.952136,0.955745,1993,1893,cuda
sample_027,boat,noise_decomposition,moderate,box_noise,sam_single_prompt,1,0.903969,0.949563,0.954914,1993,1893,cuda
sample_027,boat,noise_decomposition,moderate,point_box_noise,sam_single_prompt,0,0.258644,0.410988,0.915588,1820,1893,cuda
sample_027,boat,noise_decomposition,moderate,point_box_noise,sam_single_prompt,1,0.000000,0.000000,0.917845,6841,1893,cuda
sample_027,boat,uncertainty_ensemble,moderate,point_box_noise,sam_single_noisy,0,0.258644,0.410988,0.915588,1820,1893,cuda
sample_027,boat,uncertainty_ensemble,moderate,point_box_noise,sam_score_select,0,0.883168,0.937960,0.947534,1911,1893,cuda
sample_027,boat,uncertainty_ensemble,moderate,point_box_noise,sam_consistency_medoid,0,0.871094,0.931106,0.922241,1939,1893,cuda
sample_027,boat,uncertainty_ensemble,moderate,point_box_noise,sam_vote_consensus,0,0.633748,0.775821,0.922241,2706,1893,cuda
sample_027,boat,uncertainty_ensemble,moderate,point_box_noise,sam_oracle_best,0,0.883168,0.937960,0.947534,1911,1893,cuda
sample_027,boat,uncertainty_ensemble,moderate,point_box_noise,sam_single_noisy,1,0.000000,0.000000,0.917845,6841,1893,cuda
sample_027,boat,uncertainty_ensemble,moderate,point_box_noise,sam_score_select,1,0.875826,0.933803,0.962202,2080,1893,cuda
sample_027,boat,uncertainty_ensemble,moderate,point_box_noise,sam_consistency_medoid,1,0.000000,0.000000,0.936450,8882,1893,cuda
sample_027,boat,uncertainty_ensemble,moderate,point_box_noise,sam_vote_consensus,1,0.000000,0.000000,0.936450,7807,1893,cuda
sample_027,boat,uncertainty_ensemble,moderate,point_box_noise,sam_oracle_best,1,0.888515,0.940967,0.934609,2037,1893,cuda
sample_028,diningtable,modality,clean,point_only,sam_vit_b,0,0.940354,0.969260,0.978539,33893,35496,cuda
sample_028,diningtable,modality,clean,box_only,sam_vit_b,0,0.938705,0.968383,0.996663,33803,35496,cuda
sample_028,diningtable,modality,clean,point_box,sam_vit_b,0,0.947105,0.972834,0.991180,34113,35496,cuda
sample_028,diningtable,noise_decomposition,clean,clean,sam_single_prompt,0,0.947105,0.972834,0.991180,34113,35496,cuda
sample_028,diningtable,noise_decomposition,mild,point_noise,sam_single_prompt,0,0.948508,0.973574,0.989064,34169,35496,cuda
sample_028,diningtable,noise_decomposition,mild,point_noise,sam_single_prompt,1,0.957559,0.978319,0.988048,34520,35496,cuda
sample_028,diningtable,noise_decomposition,mild,box_noise,sam_single_prompt,0,0.957506,0.978292,0.989574,34524,35496,cuda
sample_028,diningtable,noise_decomposition,mild,box_noise,sam_single_prompt,1,0.957134,0.978098,0.987367,34497,35496,cuda
sample_028,diningtable,noise_decomposition,mild,point_box_noise,sam_single_prompt,0,0.953404,0.976146,0.990998,34346,35496,cuda
sample_028,diningtable,noise_decomposition,mild,point_box_noise,sam_single_prompt,1,0.753229,0.859247,0.965972,27089,35496,cuda
sample_028,diningtable,uncertainty_ensemble,mild,point_box_noise,sam_single_noisy,0,0.953404,0.976146,0.990998,34346,35496,cuda
sample_028,diningtable,uncertainty_ensemble,mild,point_box_noise,sam_score_select,0,0.954421,0.976679,0.997849,34441,35496,cuda
sample_028,diningtable,uncertainty_ensemble,mild,point_box_noise,sam_consistency_medoid,0,0.952813,0.975836,0.986370,34319,35496,cuda
sample_028,diningtable,uncertainty_ensemble,mild,point_box_noise,sam_vote_consensus,0,0.952674,0.975763,0.986370,34316,35496,cuda
sample_028,diningtable,uncertainty_ensemble,mild,point_box_noise,sam_oracle_best,0,0.954421,0.976679,0.997849,34441,35496,cuda
sample_028,diningtable,uncertainty_ensemble,mild,point_box_noise,sam_single_noisy,1,0.753229,0.859247,0.965972,27089,35496,cuda
sample_028,diningtable,uncertainty_ensemble,mild,point_box_noise,sam_score_select,1,0.753229,0.859247,0.965972,27089,35496,cuda
sample_028,diningtable,uncertainty_ensemble,mild,point_box_noise,sam_consistency_medoid,1,0.753229,0.859247,0.946738,27089,35496,cuda
sample_028,diningtable,uncertainty_ensemble,mild,point_box_noise,sam_vote_consensus,1,0.746796,0.855047,0.946738,26938,35496,cuda
sample_028,diningtable,uncertainty_ensemble,mild,point_box_noise,sam_oracle_best,1,0.835820,0.910569,0.963768,29962,35496,cuda
sample_028,diningtable,noise_decomposition,moderate,point_noise,sam_single_prompt,0,0.948057,0.973336,0.989139,34149,35496,cuda
sample_028,diningtable,noise_decomposition,moderate,point_noise,sam_single_prompt,1,0.942841,0.970580,0.990196,33980,35496,cuda
sample_028,diningtable,noise_decomposition,moderate,box_noise,sam_single_prompt,0,0.852002,0.920088,0.977919,30739,35496,cuda
sample_028,diningtable,noise_decomposition,moderate,box_noise,sam_single_prompt,1,0.656031,0.792293,0.974467,23621,35496,cuda
sample_028,diningtable,noise_decomposition,moderate,point_box_noise,sam_single_prompt,0,0.957450,0.978263,0.991210,34522,35496,cuda
sample_028,diningtable,noise_decomposition,moderate,point_box_noise,sam_single_prompt,1,0.752581,0.858826,0.989060,26980,35496,cuda
sample_028,diningtable,uncertainty_ensemble,moderate,point_box_noise,sam_single_noisy,0,0.957450,0.978263,0.991210,34522,35496,cuda
sample_028,diningtable,uncertainty_ensemble,moderate,point_box_noise,sam_score_select,0,0.956581,0.977809,1.001394,34487,35496,cuda
sample_028,diningtable,uncertainty_ensemble,moderate,point_box_noise,sam_consistency_medoid,0,0.957251,0.978159,0.993549,34509,35496,cuda
sample_028,diningtable,uncertainty_ensemble,moderate,point_box_noise,sam_vote_consensus,0,0.957199,0.978131,0.993549,34513,35496,cuda
sample_028,diningtable,uncertainty_ensemble,moderate,point_box_noise,sam_oracle_best,0,0.957450,0.978263,0.991210,34522,35496,cuda
sample_028,diningtable,uncertainty_ensemble,moderate,point_box_noise,sam_single_noisy,1,0.752581,0.858826,0.989060,26980,35496,cuda
sample_028,diningtable,uncertainty_ensemble,moderate,point_box_noise,sam_score_select,1,0.752581,0.858826,0.989060,26980,35496,cuda
sample_028,diningtable,uncertainty_ensemble,moderate,point_box_noise,sam_consistency_medoid,1,0.752581,0.858826,0.963685,26980,35496,cuda
sample_028,diningtable,uncertainty_ensemble,moderate,point_box_noise,sam_vote_consensus,1,0.725788,0.841109,0.963685,26125,35496,cuda
sample_028,diningtable,uncertainty_ensemble,moderate,point_box_noise,sam_oracle_best,1,0.846400,0.916811,0.967164,30282,35496,cuda
sample_029,boat,modality,clean,point_only,sam_vit_b,0,0.741379,0.851485,0.955553,432,376,cuda
sample_029,boat,modality,clean,box_only,sam_vit_b,0,0.751092,0.857855,0.957933,426,376,cuda
sample_029,boat,modality,clean,point_box,sam_vit_b,0,0.736170,0.848039,0.946341,440,376,cuda
sample_029,boat,noise_decomposition,clean,clean,sam_single_prompt,0,0.736170,0.848039,0.946341,440,376,cuda
sample_029,boat,noise_decomposition,mild,point_noise,sam_single_prompt,0,0.736170,0.848039,0.946341,440,376,cuda
sample_029,boat,noise_decomposition,mild,point_noise,sam_single_prompt,1,0.739872,0.850490,0.946824,440,376,cuda
sample_029,boat,noise_decomposition,mild,box_noise,sam_single_prompt,0,0.763441,0.865854,0.944987,444,376,cuda
sample_029,boat,noise_decomposition,mild,box_noise,sam_single_prompt,1,0.744726,0.853688,0.946821,451,376,cuda
sample_029,boat,noise_decomposition,mild,point_box_noise,sam_single_prompt,0,0.745652,0.854296,0.949446,427,376,cuda
sample_029,boat,noise_decomposition,mild,point_box_noise,sam_single_prompt,1,0.749455,0.856787,0.949166,427,376,cuda
sample_029,boat,uncertainty_ensemble,mild,point_box_noise,sam_single_noisy,0,0.745652,0.854296,0.949446,427,376,cuda
sample_029,boat,uncertainty_ensemble,mild,point_box_noise,sam_score_select,0,0.745652,0.854296,0.949446,427,376,cuda
sample_029,boat,uncertainty_ensemble,mild,point_box_noise,sam_consistency_medoid,0,0.744035,0.853234,0.947722,428,376,cuda
sample_029,boat,uncertainty_ensemble,mild,point_box_noise,sam_vote_consensus,0,0.739785,0.850433,0.947722,433,376,cuda
sample_029,boat,uncertainty_ensemble,mild,point_box_noise,sam_oracle_best,0,0.746237,0.854680,0.946088,436,376,cuda
sample_029,boat,uncertainty_ensemble,mild,point_box_noise,sam_single_noisy,1,0.749455,0.856787,0.949166,427,376,cuda
sample_029,boat,uncertainty_ensemble,mild,point_box_noise,sam_score_select,1,0.733475,0.846248,0.952417,437,376,cuda
sample_029,boat,uncertainty_ensemble,mild,point_box_noise,sam_consistency_medoid,1,0.749455,0.856787,0.949522,427,376,cuda
sample_029,boat,uncertainty_ensemble,mild,point_box_noise,sam_vote_consensus,1,0.738197,0.849383,0.949522,434,376,cuda
sample_029,boat,uncertainty_ensemble,mild,point_box_noise,sam_oracle_best,1,0.751092,0.857855,0.951390,426,376,cuda
sample_029,boat,noise_decomposition,moderate,point_noise,sam_single_prompt,0,0.734043,0.846626,0.946246,439,376,cuda
sample_029,boat,noise_decomposition,moderate,point_noise,sam_single_prompt,1,0.733475,0.846248,0.946167,437,376,cuda
sample_029,boat,noise_decomposition,moderate,box_noise,sam_single_prompt,0,0.737395,0.848851,0.950179,451,376,cuda
sample_029,boat,noise_decomposition,moderate,box_noise,sam_single_prompt,1,0.722343,0.838791,0.942691,418,376,cuda
sample_029,boat,noise_decomposition,moderate,point_box_noise,sam_single_prompt,0,0.742981,0.852540,0.954761,431,376,cuda
sample_029,boat,noise_decomposition,moderate,point_box_noise,sam_single_prompt,1,0.786780,0.880668,0.941896,462,376,cuda
sample_029,boat,uncertainty_ensemble,moderate,point_box_noise,sam_single_noisy,0,0.742981,0.852540,0.954761,431,376,cuda
sample_029,boat,uncertainty_ensemble,moderate,point_box_noise,sam_score_select,0,0.742981,0.852540,0.954761,431,376,cuda
sample_029,boat,uncertainty_ensemble,moderate,point_box_noise,sam_consistency_medoid,0,0.747826,0.855721,0.952518,428,376,cuda
sample_029,boat,uncertainty_ensemble,moderate,point_box_noise,sam_vote_consensus,0,0.742981,0.852540,0.952518,431,376,cuda
sample_029,boat,uncertainty_ensemble,moderate,point_box_noise,sam_oracle_best,0,0.747826,0.855721,0.952326,428,376,cuda
sample_029,boat,uncertainty_ensemble,moderate,point_box_noise,sam_single_noisy,1,0.786780,0.880668,0.941896,462,376,cuda
sample_029,boat,uncertainty_ensemble,moderate,point_box_noise,sam_score_select,1,0.752735,0.858926,0.945616,425,376,cuda
sample_029,boat,uncertainty_ensemble,moderate,point_box_noise,sam_consistency_medoid,1,0.792657,0.884337,0.937372,454,376,cuda
sample_029,boat,uncertainty_ensemble,moderate,point_box_noise,sam_vote_consensus,1,0.789247,0.882212,0.937372,456,376,cuda
sample_029,boat,uncertainty_ensemble,moderate,point_box_noise,sam_oracle_best,1,0.808279,0.893976,0.924746,454,376,cuda
