sample_id,source_row_index,method,object_name,mask_area_px,iou,dice,success,latency_ms
ADE_val_00000025,0,center_color,wall,33078,0.557623235951243,0.7159924468007843,True,9.47
ADE_val_00000025,0,grabcut_point_box,wall,33078,0.9004721915910312,0.947629958044455,True,242.35
ADE_val_00000025,0,robust_superpixel,wall,33078,0.6350178040095605,0.7767717298885723,True,74.68
ADE_val_00000025,0,robust_no_color_seed,wall,33078,0.46143640770506444,0.6314833889073166,True,68.06
ADE_val_00000025,0,robust_no_spatial_prior,wall,33078,0.6031123139377538,0.7524267747108973,True,72.48
ADE_val_00000025,0,robust_single_box,wall,33078,0.6448308660341926,0.7840695105496494,True,69.71
ADE_val_00000025,0,adaptive_superpixel,wall,33078,0.6966892224728423,0.8212337453967575,True,75.02
ADE_val_00001030,5,center_color,"person, individual, someone, somebody, mortal, soul",314257,0.31230669805659417,0.47596602001512567,True,63.19
ADE_val_00001030,5,grabcut_point_box,"person, individual, someone, somebody, mortal, soul",314257,0.005940997336574842,0.011811820677961812,True,8647.76
ADE_val_00001030,5,robust_superpixel,"person, individual, someone, somebody, mortal, soul",314257,0.34244914370437385,0.5101856488349564,True,1016.41
ADE_val_00001030,5,robust_no_color_seed,"person, individual, someone, somebody, mortal, soul",314257,0.23909800256716285,0.3859226664425246,True,956.71
ADE_val_00001030,5,robust_no_spatial_prior,"person, individual, someone, somebody, mortal, soul",314257,0.31250287944848615,0.4761938192163051,True,1006.35
ADE_val_00001030,5,robust_single_box,"person, individual, someone, somebody, mortal, soul",314257,0.34244914370437385,0.5101856488349564,True,952.91
ADE_val_00001030,5,adaptive_superpixel,"person, individual, someone, somebody, mortal, soul",314257,0.33845006264955224,0.5057343147783452,True,1013.79
ADE_val_00000040,17,center_color,wall,793137,0.7345412605549214,0.8469573797511442,True,141.24
ADE_val_00000040,17,grabcut_point_box,wall,793137,0.8704060656337091,0.9307134762085028,True,38631.22
ADE_val_00000040,17,robust_superpixel,wall,793137,0.7847860065061931,0.8794174804658521,True,2215.84
ADE_val_00000040,17,robust_no_color_seed,wall,793137,0.4235169964331509,0.5950290688405412,True,2084.69
ADE_val_00000040,17,robust_no_spatial_prior,wall,793137,0.776782993126544,0.8743701353868383,True,2243.29
ADE_val_00000040,17,robust_single_box,wall,793137,0.7847860065061931,0.8794174804658521,True,2077.99
ADE_val_00000040,17,adaptive_superpixel,wall,793137,0.7993768979168608,0.8885041247804167,True,2221.17
ADE_val_00000499,67,center_color,"floor, flooring",33808,0.7055362626639498,0.827348298724464,True,5.51
ADE_val_00000499,67,grabcut_point_box,"floor, flooring",33808,0.9436972611813496,0.9710331747936762,True,171.92
ADE_val_00000499,67,robust_superpixel,"floor, flooring",33808,0.8077011099668154,0.8936224086089571,True,71.49
ADE_val_00000499,67,robust_no_color_seed,"floor, flooring",33808,0.3909214492582304,0.5621042790974377,True,67.54
ADE_val_00000499,67,robust_no_spatial_prior,"floor, flooring",33808,0.7105013919582126,0.8307521938287555,True,71.0
ADE_val_00000499,67,robust_single_box,"floor, flooring",33808,0.8077011099668154,0.8936224086089571,True,66.74
ADE_val_00000499,67,adaptive_superpixel,"floor, flooring",33808,0.8153175126976384,0.8982643609117638,True,73.06
ADE_val_00001548,69,center_color,wall,69301,0.4049682328198465,0.5764802696030409,True,15.12
ADE_val_00001548,69,grabcut_point_box,wall,69301,0.7185318719353908,0.8362159395114255,True,1605.21
ADE_val_00001548,69,robust_superpixel,wall,69301,0.6587242905493361,0.7942541075722475,True,209.31
ADE_val_00001548,69,robust_no_color_seed,wall,69301,0.6806907491527868,0.8100130847937537,True,197.22
ADE_val_00001548,69,robust_no_spatial_prior,wall,69301,0.6749402563545513,0.8059275592593793,True,211.33
ADE_val_00001548,69,robust_single_box,wall,69301,0.6587242905493361,0.7942541075722475,True,197.21
ADE_val_00001548,69,adaptive_superpixel,wall,69301,0.654913364837029,0.7914775223312345,True,212.29
ADE_val_00001883,89,center_color,"floor, flooring",339518,0.5109175752218628,0.6763010552006317,True,54.83
ADE_val_00001883,89,grabcut_point_box,"floor, flooring",339518,0.8637582343924268,0.9268994426994512,True,5664.83
ADE_val_00001883,89,robust_superpixel,"floor, flooring",339518,0.5464698529591198,0.7067319830560777,True,884.64
ADE_val_00001883,89,robust_no_color_seed,"floor, flooring",339518,0.2129785437877835,0.3511662178668267,True,848.82
ADE_val_00001883,89,robust_no_spatial_prior,"floor, flooring",339518,0.5454693350758794,0.7058947372114607,True,889.19
ADE_val_00001883,89,robust_single_box,"floor, flooring",339518,0.5464698529591198,0.7067319830560777,True,834.28
ADE_val_00001883,89,adaptive_superpixel,"floor, flooring",339518,0.5471965163539936,0.7073393852301005,True,937.21
ADE_val_00001046,105,center_color,wall,21067,0.6507381175868248,0.7884207805634531,True,5.0
ADE_val_00001046,105,grabcut_point_box,wall,21067,0.7604925957185605,0.8639543245658001,True,369.51
ADE_val_00001046,105,robust_superpixel,wall,21067,0.7903989976114961,0.8829305631492619,True,57.17
ADE_val_00001046,105,robust_no_color_seed,wall,21067,0.654642590905326,0.79127975371061,True,53.14
ADE_val_00001046,105,robust_no_spatial_prior,wall,21067,0.7588926867745934,0.8629209644008798,True,58.31
ADE_val_00001046,105,robust_single_box,wall,21067,0.7903989976114961,0.8829305631492619,True,54.55
ADE_val_00001046,105,adaptive_superpixel,wall,21067,0.7927309597161019,0.8843836331600357,True,59.15
ADE_val_00001047,106,center_color,wall,1311570,0.4919302907571462,0.6594547933033713,True,145.47
ADE_val_00001047,106,grabcut_point_box,wall,1311570,0.6980876819470283,0.8222045179040467,True,29153.37
ADE_val_00001047,106,robust_superpixel,wall,1311570,0.635335206077921,0.7770091461574616,True,2212.76
ADE_val_00001047,106,robust_no_color_seed,wall,1311570,0.47296754389924617,0.642196830280733,True,2098.48
ADE_val_00001047,106,robust_no_spatial_prior,wall,1311570,0.5541484699674253,0.7131216620237578,True,2250.94
ADE_val_00001047,106,robust_single_box,wall,1311570,0.635335206077921,0.7770091461574616,True,2094.53
ADE_val_00001047,106,adaptive_superpixel,wall,1311570,0.6424521783716851,0.7823085345578918,True,2218.78
ADE_val_00001073,110,center_color,door,86223,0.37258708077213415,0.5428975487115022,True,24.07
ADE_val_00001073,110,grabcut_point_box,door,86223,0.003003838882896675,0.005989685714946463,True,1400.16
ADE_val_00001073,110,robust_superpixel,door,86223,0.31545475078159363,0.4796132297126333,True,352.69
ADE_val_00001073,110,robust_no_color_seed,door,86223,0.19807597434632462,0.3306567840230595,True,317.73
ADE_val_00001073,110,robust_no_spatial_prior,door,86223,0.37121562148514253,0.5414401873325868,True,344.56
ADE_val_00001073,110,robust_single_box,door,86223,0.31545475078159363,0.4796132297126333,True,322.53
ADE_val_00001073,110,adaptive_superpixel,door,86223,0.3160207354248698,0.4802671066164384,True,349.88
ADE_val_00000086,122,center_color,"curtain, drape, drapery, mantle, pall",24209,0.7047256693809337,0.8267907054357349,True,6.55
ADE_val_00000086,122,grabcut_point_box,"curtain, drape, drapery, mantle, pall",24209,0.8111566742081447,0.8957333021040715,True,306.86
ADE_val_00000086,122,robust_superpixel,"curtain, drape, drapery, mantle, pall",24209,0.7205589532072252,0.8375870549091736,True,90.22
ADE_val_00000086,122,robust_no_color_seed,"curtain, drape, drapery, mantle, pall",24209,0.5612363992319567,0.7189640204495032,True,85.92
ADE_val_00000086,122,robust_no_spatial_prior,"curtain, drape, drapery, mantle, pall",24209,0.7199189304508605,0.8371544933948026,True,89.28
ADE_val_00000086,122,robust_single_box,"curtain, drape, drapery, mantle, pall",24209,0.7205589532072252,0.8375870549091736,True,86.45
ADE_val_00000086,122,adaptive_superpixel,"curtain, drape, drapery, mantle, pall",24209,0.7488,0.8563586459286368,True,95.9
ADE_val_00000092,128,center_color,wall,147677,0.9234864348590971,0.9602214168219451,True,51.79
ADE_val_00000092,128,grabcut_point_box,wall,147677,0.9613959152338217,0.9803180558976661,True,1480.8
ADE_val_00000092,128,robust_superpixel,wall,147677,0.9246089313964251,0.960827850596706,True,886.83
ADE_val_00000092,128,robust_no_color_seed,wall,147677,0.04662879121325596,0.08910282538511805,True,842.91
ADE_val_00000092,128,robust_no_spatial_prior,wall,147677,0.9246089313964251,0.960827850596706,True,891.46
ADE_val_00000092,128,robust_single_box,wall,147677,0.9246089313964251,0.960827850596706,True,841.11
ADE_val_00000092,128,adaptive_superpixel,wall,147677,0.9309713370570436,0.9642518448522589,True,908.64
ADE_val_00000093,129,center_color,wall,773051,0.8700934470272165,0.9305347263906578,True,139.8
ADE_val_00000093,129,grabcut_point_box,wall,773051,0.5455383031189877,0.705952485316034,True,5880.49
ADE_val_00000093,129,robust_superpixel,wall,773051,0.8542277046701127,0.921383821974647,True,2198.76
ADE_val_00000093,129,robust_no_color_seed,wall,773051,0.5716974021740843,0.7274904207174632,True,2063.74
ADE_val_00000093,129,robust_no_spatial_prior,wall,773051,0.8659887478666489,0.9281821756500066,True,2237.06
ADE_val_00000093,129,robust_single_box,wall,773051,0.8542277046701127,0.921383821974647,True,2069.03
ADE_val_00000093,129,adaptive_superpixel,wall,773051,0.8375175323312755,0.9115750109537287,True,2180.05
ADE_val_00000097,133,center_color,wall,330284,0.6253471730291665,0.7694936606850638,True,68.36
ADE_val_00000097,133,grabcut_point_box,wall,330284,0.9367379743155663,0.9673357849521228,True,3879.7
ADE_val_00000097,133,robust_superpixel,wall,330284,0.7924948110363521,0.8842366584907009,True,1090.23
ADE_val_00000097,133,robust_no_color_seed,wall,330284,0.4562107435273958,0.6265724182508245,True,1036.02
ADE_val_00000097,133,robust_no_spatial_prior,wall,330284,0.7935291351876984,0.8848801166585488,True,1083.76
ADE_val_00000097,133,robust_single_box,wall,330284,0.7924948110363521,0.8842366584907009,True,1021.69
ADE_val_00000097,133,adaptive_superpixel,wall,330284,0.8150319984935644,0.898091052025554,True,1089.1
ADE_val_00001096,166,center_color,wall,393204,0.5494664045755777,0.7092330662388061,True,86.85
ADE_val_00001096,166,grabcut_point_box,wall,393204,0.46126983260869026,0.6313273870647441,True,10369.92
ADE_val_00001096,166,robust_superpixel,wall,393204,0.5662366180587456,0.7230537347039698,True,1376.48
ADE_val_00001096,166,robust_no_color_seed,wall,393204,0.4269689515549582,0.598427808943836,True,1323.19
ADE_val_00001096,166,robust_no_spatial_prior,wall,393204,0.5515159437375603,0.7109381582105734,True,1387.81
ADE_val_00001096,166,robust_single_box,wall,393204,0.5662366180587456,0.7230537347039698,True,1302.09
ADE_val_00001096,166,adaptive_superpixel,wall,393204,0.6717407167619044,0.8036422275615079,True,1402.51
ADE_val_00001102,172,center_color,wall,897074,0.543721632575133,0.7044296343352175,True,257.34
ADE_val_00001102,172,grabcut_point_box,wall,897074,0.9676560581466097,0.9835621974076831,True,11940.42
ADE_val_00001102,172,robust_superpixel,wall,897074,0.8684032461645897,0.9295672633273633,True,4269.87
ADE_val_00001102,172,robust_no_color_seed,wall,897074,0.384365169428609,0.5552944814224908,True,4077.38
ADE_val_00001102,172,robust_no_spatial_prior,wall,897074,0.7050275742073772,0.8269984425737232,True,4281.47
ADE_val_00001102,172,robust_single_box,wall,897074,0.8684032461645897,0.9295672633273633,True,3975.55
ADE_val_00001102,172,adaptive_superpixel,wall,897074,0.8972365961249019,0.9458352194528653,True,4252.03
ADE_val_00001105,175,center_color,wall,796838,0.31865071695877956,0.48329813628538065,True,138.57
ADE_val_00001105,175,grabcut_point_box,wall,796838,0.46865442880902725,0.6382092609615077,True,15316.63
ADE_val_00001105,175,robust_superpixel,wall,796838,0.32445867290465563,0.4899491083298038,True,2180.64
ADE_val_00001105,175,robust_no_color_seed,wall,796838,0.2513823386936868,0.4017674389684992,True,2036.33
ADE_val_00001105,175,robust_no_spatial_prior,wall,796838,0.32445867290465563,0.4899491083298038,True,2185.69
ADE_val_00001105,175,robust_single_box,wall,796838,0.32445867290465563,0.4899491083298038,True,2055.49
ADE_val_00001105,175,adaptive_superpixel,wall,796838,0.35116171668519824,0.5197922829647696,True,2192.9
ADE_val_00001108,178,center_color,wall,74416,0.8070366612808276,0.8932155927692137,True,15.74
ADE_val_00001108,178,grabcut_point_box,wall,74416,0.6316728365255647,0.7742640833203179,True,743.27
ADE_val_00001108,178,robust_superpixel,wall,74416,0.8086148373601874,0.8941813598526296,True,235.57
ADE_val_00001108,178,robust_no_color_seed,wall,74416,0.20126048161685658,0.33508216527021134,True,228.34
ADE_val_00001108,178,robust_no_spatial_prior,wall,74416,0.8086148373601874,0.8941813598526296,True,248.87
ADE_val_00001108,178,robust_single_box,wall,74416,0.8086148373601874,0.8941813598526296,True,228.05
ADE_val_00001108,178,adaptive_superpixel,wall,74416,0.8088778667067473,0.8943421571953829,True,244.81
ADE_val_00000118,182,center_color,"floor, flooring",296081,0.5331665146026613,0.6955102521800612,True,72.66
ADE_val_00000118,182,grabcut_point_box,"floor, flooring",296081,0.9679363840637236,0.9837069855530258,True,2631.61
ADE_val_00000118,182,robust_superpixel,"floor, flooring",296081,0.7005943327926907,0.8239405709910665,True,1146.98
ADE_val_00000118,182,robust_no_color_seed,"floor, flooring",296081,0.5743390577668815,0.7296256228077728,True,1066.14
ADE_val_00000118,182,robust_no_spatial_prior,"floor, flooring",296081,0.6108965195320477,0.7584553223934063,True,1180.56
ADE_val_00000118,182,robust_single_box,"floor, flooring",296081,0.7005943327926907,0.8239405709910665,True,979.41
ADE_val_00000118,182,adaptive_superpixel,"floor, flooring",296081,0.7362186659910765,0.8480713638346064,True,1065.27
ADE_val_00000120,184,center_color,wall,693551,0.6990315900325427,0.8228588498688876,True,135.28
ADE_val_00000120,184,grabcut_point_box,wall,693551,0.8854920175819792,0.9392689115889921,True,51016.97
ADE_val_00000120,184,robust_superpixel,wall,693551,0.7161788632228001,0.8346203051095652,True,2232.87
ADE_val_00000120,184,robust_no_color_seed,wall,693551,0.3265513278763926,0.4923312366648515,True,2096.0
ADE_val_00000120,184,robust_no_spatial_prior,wall,693551,0.7117171884392687,0.8315826857919295,True,2262.32
ADE_val_00000120,184,robust_single_box,wall,693551,0.7161788632228001,0.8346203051095652,True,2070.07
ADE_val_00000120,184,adaptive_superpixel,wall,693551,0.7068076394475958,0.8282217903317475,True,2190.13
ADE_val_00000130,194,center_color,wall,152458,0.6670600248243646,0.8002831510456783,True,37.89
ADE_val_00000130,194,grabcut_point_box,wall,152458,0.4896380090497738,0.65739193827648,True,1582.52
ADE_val_00000130,194,robust_superpixel,wall,152458,0.7025784321518321,0.8253110915587797,True,609.18
ADE_val_00000130,194,robust_no_color_seed,wall,152458,0.3771077778725135,0.5476808481251995,True,568.0
ADE_val_00000130,194,robust_no_spatial_prior,wall,152458,0.6782065313759179,0.8082515693939935,True,606.4
ADE_val_00000130,194,robust_single_box,wall,152458,0.7025784321518321,0.8253110915587797,True,558.97
ADE_val_00000130,194,adaptive_superpixel,wall,152458,0.7028302752013109,0.8254848242209241,True,616.25
ADE_val_00000132,196,center_color,"floor, flooring",143689,0.6060671871854905,0.7547220838843943,True,69.23
ADE_val_00000132,196,grabcut_point_box,"floor, flooring",143689,0.5887142725852403,0.7411203924381609,True,6215.29
ADE_val_00000132,196,robust_superpixel,"floor, flooring",143689,0.5998506369472489,0.7498832992207979,True,1132.1
ADE_val_00000132,196,robust_no_color_seed,"floor, flooring",143689,0.23215745192307694,0.37683082070516166,True,1064.68
ADE_val_00000132,196,robust_no_spatial_prior,"floor, flooring",143689,0.6352126575998902,0.7769174910035663,True,1128.19
ADE_val_00000132,196,robust_single_box,"floor, flooring",143689,0.5998506369472489,0.7498832992207979,True,1067.92
ADE_val_00000132,196,adaptive_superpixel,"floor, flooring",143689,0.5591441606416987,0.717244979337345,True,1139.4
ADE_val_00000137,201,center_color,wall,32902,0.20179808042765157,0.33582693085321474,True,10.58
ADE_val_00000137,201,grabcut_point_box,wall,32902,0.4963217367338718,0.66338906205724,True,969.94
ADE_val_00000137,201,robust_superpixel,wall,32902,0.20504798930871096,0.34031505986137367,True,155.77
ADE_val_00000137,201,robust_no_color_seed,wall,32902,0.08532879542968275,0.157240452458282,True,147.29
ADE_val_00000137,201,robust_no_spatial_prior,wall,32902,0.20504798930871096,0.34031505986137367,True,157.29
ADE_val_00000137,201,robust_single_box,wall,32902,0.20504798930871096,0.34031505986137367,True,148.57
ADE_val_00000137,201,adaptive_superpixel,wall,32902,0.2043791187099517,0.3393933281222421,True,158.46
ADE_val_00000163,227,center_color,"floor, flooring",105554,0.41503217689599303,0.5866045785706518,True,21.34
ADE_val_00000163,227,grabcut_point_box,"floor, flooring",105554,0.8904086782797659,0.9420277091512508,True,1001.94
ADE_val_00000163,227,robust_superpixel,"floor, flooring",105554,0.6138315010533397,0.760713247514,True,318.9
ADE_val_00000163,227,robust_no_color_seed,"floor, flooring",105554,0.4869736708720775,0.6549862723345707,True,301.6
ADE_val_00000163,227,robust_no_spatial_prior,"floor, flooring",105554,0.4152041490546057,0.5867763309370922,True,306.51
ADE_val_00000163,227,robust_single_box,"floor, flooring",105554,0.6138315010533397,0.760713247514,True,278.11
ADE_val_00000163,227,adaptive_superpixel,"floor, flooring",105554,0.6711683389272146,0.8032324731068836,True,314.91
ADE_val_00000173,237,center_color,wall,158249,0.8742811311787072,0.9329242199956257,True,22.81
ADE_val_00000173,237,grabcut_point_box,wall,158249,0.8309413507295704,0.9076657211313376,True,1448.53
ADE_val_00000173,237,robust_superpixel,wall,158249,0.9137654467680608,0.9549398525417152,True,344.43
ADE_val_00000173,237,robust_no_color_seed,wall,158249,0.3173416577671897,0.48179097031678725,True,314.32
ADE_val_00000173,237,robust_no_spatial_prior,wall,158249,0.9137654467680608,0.9549398525417152,True,340.41
ADE_val_00000173,237,robust_single_box,wall,158249,0.9137654467680608,0.9549398525417152,True,321.16
ADE_val_00000173,237,adaptive_superpixel,wall,158249,0.8757723384030418,0.9337725271592817,True,347.95
ADE_val_00001127,261,center_color,bed,767596,0.9201912376357657,0.958437076057852,True,252.82
ADE_val_00001127,261,grabcut_point_box,bed,767596,0.7410953363062986,0.8512978248262023,True,9506.54
ADE_val_00001127,261,robust_superpixel,bed,767596,0.9184197953700773,0.9574753112812906,True,4289.14
ADE_val_00001127,261,robust_no_color_seed,bed,767596,0.6985251015633362,0.8225078344975981,True,4021.71
ADE_val_00001127,261,robust_no_spatial_prior,bed,767596,0.9185520193514196,0.9575471606570697,True,4274.17
ADE_val_00001127,261,robust_single_box,bed,767596,0.9184197953700773,0.9574753112812906,True,3993.63
ADE_val_00001127,261,adaptive_superpixel,bed,767596,0.9148385183720873,0.9555255021189394,True,4266.31
ADE_val_00001153,287,center_color,bed,1490566,0.48437709277155805,0.6526334785551726,True,276.63
ADE_val_00001153,287,grabcut_point_box,bed,1490566,0.7871898388781751,0.8809247028533876,True,18063.85
ADE_val_00001153,287,robust_superpixel,bed,1490566,0.5941097597218404,0.7453812463020212,True,4450.81
ADE_val_00001153,287,robust_no_color_seed,bed,1490566,0.6887213557210703,0.8156719915784945,True,4090.7
ADE_val_00001153,287,robust_no_spatial_prior,bed,1490566,0.4986608087343191,0.6654752107055615,True,4395.01
ADE_val_00001153,287,robust_single_box,bed,1490566,0.5941097597218404,0.7453812463020212,True,4130.8
ADE_val_00001153,287,adaptive_superpixel,bed,1490566,0.6488445172833752,0.7870293535650128,True,4378.69
ADE_val_00001154,288,center_color,wall,83127,0.6680513722968628,0.8009961604203757,True,24.43
ADE_val_00001154,288,grabcut_point_box,wall,83127,0.7172871187354262,0.8353723857937293,True,3138.27
ADE_val_00001154,288,robust_superpixel,wall,83127,0.6669726932232721,0.8002202986704098,True,363.55
ADE_val_00001154,288,robust_no_color_seed,wall,83127,0.5203507481810787,0.6845140817717456,True,343.59
ADE_val_00001154,288,robust_no_spatial_prior,wall,83127,0.6625935683519425,0.7970601847193995,True,364.84
ADE_val_00001154,288,robust_single_box,wall,83127,0.6669726932232721,0.8002202986704098,True,344.37
ADE_val_00001154,288,adaptive_superpixel,wall,83127,0.6464181803884564,0.7852417910447761,True,384.3
ADE_val_00001155,289,center_color,wall,43923,0.7348365670337353,0.8471536523929472,True,13.28
ADE_val_00001155,289,grabcut_point_box,wall,43923,0.7792406889710524,0.8759249873289408,True,1402.73
ADE_val_00001155,289,robust_superpixel,wall,43923,0.7313804258949839,0.844852367459242,True,200.1
ADE_val_00001155,289,robust_no_color_seed,wall,43923,0.6794212719554465,0.8091135718012639,True,191.31
ADE_val_00001155,289,robust_no_spatial_prior,wall,43923,0.7282694264703059,0.8427730252194201,True,202.06
ADE_val_00001155,289,robust_single_box,wall,43923,0.7313804258949839,0.844852367459242,True,189.49
ADE_val_00001155,289,adaptive_superpixel,wall,43923,0.7189516987020356,0.8365001753625879,True,204.0
ADE_val_00001163,297,center_color,"floor, flooring",349528,0.7366571472544761,0.848362209454037,True,135.65
ADE_val_00001163,297,grabcut_point_box,"floor, flooring",349528,0.960600608053608,0.979904427355296,True,5839.02
ADE_val_00001163,297,robust_superpixel,"floor, flooring",349528,0.8649919359894227,0.927609304144818,True,2247.13
ADE_val_00001163,297,robust_no_color_seed,"floor, flooring",349528,0.5501275714514542,0.7097836095339495,True,2104.51
ADE_val_00001163,297,robust_no_spatial_prior,"floor, flooring",349528,0.7579112075083437,0.8622861089583745,True,2266.2
ADE_val_00001163,297,robust_single_box,"floor, flooring",349528,0.8649919359894227,0.927609304144818,True,2105.42
ADE_val_00001163,297,adaptive_superpixel,"floor, flooring",349528,0.8758184755803736,0.9337987518322076,True,2220.94
ADE_val_00001170,304,center_color,wall,1193280,0.652196645281753,0.7894903395963891,True,234.12
ADE_val_00001170,304,grabcut_point_box,wall,1193280,0.8498440271979635,0.9188277656957468,True,16963.6
ADE_val_00001170,304,robust_superpixel,wall,1193280,0.6523631180090865,0.7896122963517987,True,3821.13
ADE_val_00001170,304,robust_no_color_seed,wall,1193280,0.49086132341110217,0.6584936046070438,True,3556.25
ADE_val_00001170,304,robust_no_spatial_prior,wall,1193280,0.6523631180090865,0.7896122963517987,True,3778.88
ADE_val_00001170,304,robust_single_box,wall,1193280,0.6523631180090865,0.7896122963517987,True,3539.74
ADE_val_00001170,304,adaptive_superpixel,wall,1193280,0.6523564256381384,0.7896073940417535,True,3784.18
ADE_val_00001301,339,center_color,wall,43764,0.5048502171907002,0.6709640752594896,True,6.16
ADE_val_00001301,339,grabcut_point_box,wall,43764,0.5228541600472062,0.6866766020864381,True,529.35
ADE_val_00001301,339,robust_superpixel,wall,43764,0.7506806164922939,0.8575871685794703,True,74.85
ADE_val_00001301,339,robust_no_color_seed,wall,43764,0.6717164792980532,0.8036248821093206,True,68.25
ADE_val_00001301,339,robust_no_spatial_prior,wall,43764,0.5823152210597368,0.7360293490316526,True,74.38
ADE_val_00001301,339,robust_single_box,wall,43764,0.7507931150860614,0.8576605752178271,True,69.2
ADE_val_00001301,339,adaptive_superpixel,wall,43764,0.8099608584154406,0.8950037285607756,True,76.78
ADE_val_00001306,362,center_color,"floor, flooring",20231,0.5269743491024592,0.6902203031926628,True,7.34
ADE_val_00001306,362,grabcut_point_box,"floor, flooring",20231,0.6712948242360007,0.803323045702448,True,258.96
ADE_val_00001306,362,robust_superpixel,"floor, flooring",20231,0.7362140871177015,0.8480683258824314,True,93.62
ADE_val_00001306,362,robust_no_color_seed,"floor, flooring",20231,0.43329910749545847,0.6046178431696699,True,86.57
ADE_val_00001306,362,robust_no_spatial_prior,"floor, flooring",20231,0.740328014512606,0.8507913546630361,True,92.9
ADE_val_00001306,362,robust_single_box,"floor, flooring",20231,0.7362140871177015,0.8480683258824314,True,90.59
ADE_val_00001306,362,adaptive_superpixel,"floor, flooring",20231,0.7332995951417004,0.8461313868613138,True,99.2
ADE_val_00000332,385,center_color,"floor, flooring",913619,0.4637888091723814,0.6336826819090182,True,239.67
ADE_val_00000332,385,grabcut_point_box,"floor, flooring",913619,0.7967238882258593,0.8868629102633784,True,57275.64
ADE_val_00000332,385,robust_superpixel,"floor, flooring",913619,0.4871900385115566,0.655181955090497,True,3879.43
ADE_val_00000332,385,robust_no_color_seed,"floor, flooring",913619,0.3584121415905338,0.5276927827969459,True,3626.11
ADE_val_00000332,385,robust_no_spatial_prior,"floor, flooring",913619,0.4648675838671183,0.6346888810794895,True,3849.48
ADE_val_00000332,385,robust_single_box,"floor, flooring",913619,0.4871900385115566,0.655181955090497,True,3621.63
ADE_val_00000332,385,adaptive_superpixel,"floor, flooring",913619,0.47284214647311285,0.6420812272454137,True,3886.84
ADE_val_00000421,406,center_color,wall,34335,0.4008304056212073,0.5722754217966256,True,6.08
ADE_val_00000421,406,grabcut_point_box,wall,34335,0.8590130624092889,0.9241603297784301,True,268.46
ADE_val_00000421,406,robust_superpixel,wall,34335,0.5949885311111757,0.7460724883039339,True,71.25
ADE_val_00000421,406,robust_no_color_seed,wall,34335,0.00399009756807922,0.00794847992573683,True,66.26
ADE_val_00000421,406,robust_no_spatial_prior,wall,34335,0.5928399291542057,0.7443810495998834,True,70.22
ADE_val_00000421,406,robust_single_box,wall,34335,0.5949885311111757,0.7460724883039339,True,66.58
ADE_val_00000421,406,adaptive_superpixel,wall,34335,0.590052553642461,0.7421799390099154,True,74.49
ADE_val_00001422,412,center_color,wall,710046,0.7468801337473372,0.8551017546294489,True,130.74
ADE_val_00001422,412,grabcut_point_box,wall,710046,0.4959811669749454,0.6630847739585909,True,19028.18
ADE_val_00001422,412,robust_superpixel,wall,710046,0.7564878161224815,0.8613641485910892,True,2113.68
ADE_val_00001422,412,robust_no_color_seed,wall,710046,0.6169913100599556,0.7631349732325754,True,1985.39
ADE_val_00001422,412,robust_no_spatial_prior,wall,710046,0.7585365392969797,0.8626906775564916,True,2084.07
ADE_val_00001422,412,robust_single_box,wall,710046,0.7564878161224815,0.8613641485910892,True,1998.5
ADE_val_00001422,412,adaptive_superpixel,wall,710046,0.7564888665240911,0.8613648295091149,True,2090.67
ADE_val_00000425,415,center_color,wall,1245020,0.27108724556651,0.4265438843982567,True,259.25
ADE_val_00000425,415,grabcut_point_box,wall,1245020,0.2710959703857677,0.42655468462148016,True,41369.63
ADE_val_00000425,415,robust_superpixel,wall,1245020,0.2957266561132202,0.4564645710080687,True,4524.59
ADE_val_00000425,415,robust_no_color_seed,wall,1245020,0.24983614721048658,0.39979024093373633,True,4247.62
ADE_val_00000425,415,robust_no_spatial_prior,wall,1245020,0.27660374695465706,0.43334315384001704,True,4390.16
ADE_val_00000425,415,robust_single_box,wall,1245020,0.2957266561132202,0.4564645710080687,True,4097.13
ADE_val_00000425,415,adaptive_superpixel,wall,1245020,0.27192205846737655,0.42757660606190523,True,4363.73
ADE_val_00000431,418,center_color,wall,36966,0.6765930466025574,0.8071046793061718,True,6.21
ADE_val_00000431,418,grabcut_point_box,wall,36966,0.6103329382609632,0.7580208089391456,True,225.12
ADE_val_00000431,418,robust_superpixel,wall,36966,0.7222445313325584,0.8387247202042019,True,87.09
ADE_val_00000431,418,robust_no_color_seed,wall,36966,0.4928472917061035,0.6602782407071951,True,84.64
ADE_val_00000431,418,robust_no_spatial_prior,wall,36966,0.6765930466025574,0.8071046793061718,True,89.22
ADE_val_00000431,418,robust_single_box,wall,36966,0.7222445313325584,0.8387247202042019,True,83.31
ADE_val_00000431,418,adaptive_superpixel,wall,36966,0.7119306773750397,0.8317283950617284,True,89.51
ADE_val_00000960,423,center_color,bed,1128735,0.5161120725862424,0.6808363074450539,True,269.55
ADE_val_00000960,423,grabcut_point_box,bed,1128735,0.8207299727462591,0.9015394759590063,True,15573.59
ADE_val_00000960,423,robust_superpixel,bed,1128735,0.551136794155795,0.7106230684905528,True,4381.45
ADE_val_00000960,423,robust_no_color_seed,bed,1128735,0.41781755035468127,0.5893812645359906,True,4129.31
ADE_val_00000960,423,robust_no_spatial_prior,bed,1128735,0.5277320345907829,0.6908698942509781,True,4408.23
ADE_val_00000960,423,robust_single_box,bed,1128735,0.551136794155795,0.7106230684905528,True,4112.6
ADE_val_00000960,423,adaptive_superpixel,bed,1128735,0.5488153328336572,0.7086904696760256,True,4420.38
ADE_val_00001429,425,center_color,wall,1201375,0.41844455163999317,0.5900048065413501,True,230.37
ADE_val_00001429,425,grabcut_point_box,wall,1201375,0.7617808978499307,0.8647850578691194,True,19700.2
ADE_val_00001429,425,robust_superpixel,wall,1201375,0.6317443918745517,0.7743178343622831,True,3902.41
ADE_val_00001429,425,robust_no_color_seed,wall,1201375,0.4980106361149364,0.6648959948729309,True,3650.04
ADE_val_00001429,425,robust_no_spatial_prior,wall,1201375,0.4198240407456882,0.5913747460216234,True,4003.18
ADE_val_00001429,425,robust_single_box,wall,1201375,0.6317443918745517,0.7743178343622831,True,3647.91
ADE_val_00001429,425,adaptive_superpixel,wall,1201375,0.615524423065534,0.7620119068179078,True,3885.03
ADE_val_00000460,436,center_color,"refrigerator, icebox",222869,0.713097983031497,0.8325244558044477,True,79.67
ADE_val_00000460,436,grabcut_point_box,"refrigerator, icebox",222869,0.9403018877979243,0.9692325650057333,True,3076.04
ADE_val_00000460,436,robust_superpixel,"refrigerator, icebox",222869,0.8056770611806318,0.8923822299141845,True,1313.07
ADE_val_00000460,436,robust_no_color_seed,"refrigerator, icebox",222869,0.5412506898671416,0.7023525678535766,True,1242.59
ADE_val_00000460,436,robust_no_spatial_prior,"refrigerator, icebox",222869,0.8056725840030445,0.892379483568308,True,1321.54
ADE_val_00000460,436,robust_single_box,"refrigerator, icebox",222869,0.8056770611806318,0.8923822299141845,True,1213.8
ADE_val_00000460,436,adaptive_superpixel,"refrigerator, icebox",222869,0.8482908374560677,0.9179192151638104,True,1337.93
ADE_val_00000473,449,center_color,wall,193594,0.3729634239214059,0.5432969552184602,True,54.21
ADE_val_00000473,449,grabcut_point_box,wall,193594,0.4346441613463445,0.6059260868401707,True,3815.82
ADE_val_00000473,449,robust_superpixel,wall,193594,0.3722603764638208,0.5425506454148286,True,845.35
ADE_val_00000473,449,robust_no_color_seed,wall,193594,0.34585447364423516,0.513955231292947,True,793.51
ADE_val_00000473,449,robust_no_spatial_prior,wall,193594,0.37232404905829075,0.5426182676224104,True,837.28
ADE_val_00000473,449,robust_single_box,wall,193594,0.3722603764638208,0.5425506454148286,True,794.56
ADE_val_00000473,449,adaptive_superpixel,wall,193594,0.3721192117270168,0.5424007018437549,True,868.94
ADE_val_00000484,460,center_color,"windowpane, window",30122,0.8428259575312562,0.914710316605643,True,5.51
ADE_val_00000484,460,grabcut_point_box,"windowpane, window",30122,0.9878667985492912,0.9938963709944935,True,118.92
ADE_val_00000484,460,robust_superpixel,"windowpane, window",30122,0.9587679915489238,0.9789500294935536,True,70.36
ADE_val_00000484,460,robust_no_color_seed,"windowpane, window",30122,0.7539012026637512,0.859684914428199,True,67.76
ADE_val_00000484,460,robust_no_spatial_prior,"windowpane, window",30122,0.9114283825765087,0.953662078981949,True,72.04
ADE_val_00000484,460,robust_single_box,"windowpane, window",30122,0.9587679915489238,0.9789500294935536,True,65.92
ADE_val_00000484,460,adaptive_superpixel,"windowpane, window",30122,0.9596526562551589,0.9794109718290874,True,73.26
ADE_val_00001473,483,center_color,cabinet,12450,0.47651215156456245,0.6454564577198149,True,4.98
ADE_val_00001473,483,grabcut_point_box,cabinet,12450,0.9287891815836786,0.963080040526849,True,211.04
ADE_val_00001473,483,robust_superpixel,cabinet,12450,0.7060330771022595,0.8276897870016384,True,69.92
ADE_val_00001473,483,robust_no_color_seed,cabinet,12450,0.5632931726907631,0.7206494373940296,True,64.67
ADE_val_00001473,483,robust_no_spatial_prior,cabinet,12450,0.47651215156456245,0.6454564577198149,True,69.76
ADE_val_00001473,483,robust_single_box,cabinet,12450,0.7060330771022595,0.8276897870016384,True,66.56
ADE_val_00001473,483,adaptive_superpixel,cabinet,12450,0.7640344747262986,0.8662353096527136,True,73.94
ADE_val_00001475,485,center_color,cabinet,358896,0.41298449719056296,0.5845563033588833,True,109.45
ADE_val_00001475,485,grabcut_point_box,cabinet,358896,0.8415772668515429,0.9139744305058104,True,6921.39
ADE_val_00001475,485,robust_superpixel,cabinet,358896,0.7072906141983515,0.828553274195156,True,1753.86
ADE_val_00001475,485,robust_no_color_seed,cabinet,358896,0.5690622157393602,0.7253532843134732,True,1642.64
ADE_val_00001475,485,robust_no_spatial_prior,cabinet,358896,0.41511977942754624,0.5866920743563817,True,1749.0
ADE_val_00001475,485,robust_single_box,cabinet,358896,0.7072906141983515,0.828553274195156,True,1635.85
ADE_val_00001475,485,adaptive_superpixel,cabinet,358896,0.7137230492410374,0.8329502827859221,True,1781.1
ADE_val_00001478,488,center_color,wall,540379,0.6398643652958723,0.7803869378921773,True,139.02
ADE_val_00001478,488,grabcut_point_box,wall,540379,0.7310141117089044,0.8446079171327232,True,20340.6
ADE_val_00001478,488,robust_superpixel,wall,540379,0.8115165359630426,0.8959526671189036,True,2289.31
ADE_val_00001478,488,robust_no_color_seed,wall,540379,0.47664032183746396,0.645574030166472,True,2145.37
ADE_val_00001478,488,robust_no_spatial_prior,wall,540379,0.668116496273445,0.801042970039575,True,2265.52
ADE_val_00001478,488,robust_single_box,wall,540379,0.8115165359630426,0.8959526671189036,True,2142.94
ADE_val_00001478,488,adaptive_superpixel,wall,540379,0.831679546160708,0.9081059488860374,True,2242.66
ADE_val_00001487,497,center_color,kitchen island,399500,0.4834444175525478,0.6517863586020375,True,130.76
ADE_val_00001487,497,grabcut_point_box,kitchen island,399500,0.8267227222556243,0.90514308732613,True,4708.76
ADE_val_00001487,497,robust_superpixel,kitchen island,399500,0.6823122084751563,0.8111600272979085,True,2116.13
ADE_val_00001487,497,robust_no_color_seed,kitchen island,399500,0.594887674618422,0.745993193233184,True,2017.0
ADE_val_00001487,497,robust_no_spatial_prior,kitchen island,399500,0.5093026694418853,0.6748847394939239,True,2121.99
ADE_val_00001487,497,robust_single_box,kitchen island,399500,0.6823122084751563,0.8111600272979085,True,1953.48
ADE_val_00001487,497,adaptive_superpixel,kitchen island,399500,0.7043389819969665,0.8265245229228937,True,2161.07
ADE_val_00000505,501,center_color,"rug, carpet, carpeting",2618870,0.28951580754491624,0.4490302574826433,True,284.36
ADE_val_00000505,501,grabcut_point_box,"rug, carpet, carpeting",2618870,0.7882878484969371,0.8816118156363878,True,40483.75
ADE_val_00000505,501,robust_superpixel,"rug, carpet, carpeting",2618870,0.394498250394444,0.5657923920418794,True,4382.18
ADE_val_00000505,501,robust_no_color_seed,"rug, carpet, carpeting",2618870,0.37724552956045926,0.5478261086545043,True,4140.58
ADE_val_00000505,501,robust_no_spatial_prior,"rug, carpet, carpeting",2618870,0.29794996021193826,0.4591085470864946,True,4413.41
ADE_val_00000505,501,robust_single_box,"rug, carpet, carpeting",2618870,0.394498250394444,0.5657923920418794,True,4194.58
ADE_val_00000505,501,adaptive_superpixel,"rug, carpet, carpeting",2618870,0.38475819397329236,0.5557045203239478,True,4333.04
ADE_val_00000507,503,center_color,wall,62015,0.6637924087355951,0.7979269592172819,True,19.73
ADE_val_00000507,503,grabcut_point_box,wall,62015,0.40275553723463287,0.5742348207423482,True,880.47
ADE_val_00000507,503,robust_superpixel,wall,62015,0.6702047605845776,0.8025420312537052,True,314.31
ADE_val_00000507,503,robust_no_color_seed,wall,62015,0.4625405619311436,0.6325165591584051,True,295.38
ADE_val_00000507,503,robust_no_spatial_prior,wall,62015,0.6696502831795319,0.8021443651113694,True,320.91
ADE_val_00000507,503,robust_single_box,wall,62015,0.6637255410806041,0.797878646077055,True,284.83
ADE_val_00000507,503,adaptive_superpixel,wall,62015,0.6602023281954548,0.795327553736245,True,314.86
ADE_val_00000513,509,center_color,"floor, flooring",18162,0.6176948428723947,0.7636728837876614,True,5.39
ADE_val_00000513,509,grabcut_point_box,"floor, flooring",18162,0.7325787053413513,0.8456512862392813,True,119.33
ADE_val_00000513,509,robust_superpixel,"floor, flooring",18162,0.7254979207704093,0.8409142799157766,True,71.01
ADE_val_00000513,509,robust_no_color_seed,"floor, flooring",18162,0.5909114328404349,0.7428589934581256,True,66.23
ADE_val_00000513,509,robust_no_spatial_prior,"floor, flooring",18162,0.7254979207704093,0.8409142799157766,True,70.34
ADE_val_00000513,509,robust_single_box,"floor, flooring",18162,0.7254979207704093,0.8409142799157766,True,65.97
ADE_val_00000513,509,adaptive_superpixel,"floor, flooring",18162,0.7229859056899252,0.8392243991112907,True,72.98
ADE_val_00000530,526,center_color,wall,344972,0.7362298169782355,0.8480787621302146,True,66.53
ADE_val_00000530,526,grabcut_point_box,wall,344972,0.7059124141739682,0.827606866927905,True,6986.92
ADE_val_00000530,526,robust_superpixel,wall,344972,0.8239924997961902,0.9035042631899656,True,1117.46
ADE_val_00000530,526,robust_no_color_seed,wall,344972,0.634051549377353,0.7760484051056469,True,1023.36
ADE_val_00000530,526,robust_no_spatial_prior,wall,344972,0.7705941821027915,0.8704356875132382,True,1091.15
ADE_val_00000530,526,robust_single_box,wall,344972,0.8239924997961902,0.9035042631899656,True,1009.35
ADE_val_00000530,526,adaptive_superpixel,wall,344972,0.8406843961801649,0.9134476262468184,True,1087.72
ADE_val_00000971,535,center_color,wall,364047,0.9196628984206016,0.9581504119053946,True,88.81
ADE_val_00000971,535,grabcut_point_box,wall,364047,0.9735702178416724,0.9866081369087382,True,3820.35
ADE_val_00000971,535,robust_superpixel,wall,364047,0.9122711288953559,0.9541232047176691,True,1438.83
ADE_val_00000971,535,robust_no_color_seed,wall,364047,0.7151507671834881,0.8339217529638673,True,1346.22
ADE_val_00000971,535,robust_no_spatial_prior,wall,364047,0.9208032128514057,0.9587689219703939,True,1435.1
ADE_val_00000971,535,robust_single_box,wall,364047,0.9122711288953559,0.9541232047176691,True,1357.44
ADE_val_00000971,535,adaptive_superpixel,wall,364047,0.8482297240222239,0.9178834351568133,True,1512.26
ADE_val_00001505,537,center_color,wall,1729961,0.8366825041767114,0.9110801701154685,True,262.22
ADE_val_00001505,537,grabcut_point_box,wall,1729961,0.6922816221973785,0.8181636119152212,True,55907.98
ADE_val_00001505,537,robust_superpixel,wall,1729961,0.8367360358061111,0.9111119066587948,True,4293.0
ADE_val_00001505,537,robust_no_color_seed,wall,1729961,0.5967606113271102,0.747464093357271,True,4085.79
ADE_val_00001505,537,robust_no_spatial_prior,wall,1729961,0.8367663440678655,0.911129874270985,True,4280.61
ADE_val_00001505,537,robust_single_box,wall,1729961,0.8367360358061111,0.9111119066587948,True,4024.27
ADE_val_00001505,537,adaptive_superpixel,wall,1729961,0.8366414774129672,0.9110558459035053,True,4242.39
ADE_val_00001506,538,center_color,"floor, flooring",116351,0.3455626510326272,0.5136329412345557,True,23.57
ADE_val_00001506,538,grabcut_point_box,"floor, flooring",116351,0.8287602176430887,0.9063629114933364,True,1055.29
ADE_val_00001506,538,robust_superpixel,"floor, flooring",116351,0.35137559063618473,0.520026546388585,True,378.79
ADE_val_00001506,538,robust_no_color_seed,"floor, flooring",116351,0.26254578441104987,0.41589903139001294,True,360.99
ADE_val_00001506,538,robust_no_spatial_prior,"floor, flooring",116351,0.3497728801454896,0.518269236684898,True,372.83
ADE_val_00001506,538,robust_single_box,"floor, flooring",116351,0.35137559063618473,0.520026546388585,True,341.69
ADE_val_00001506,538,adaptive_superpixel,"floor, flooring",116351,0.3873381409617913,0.5583903873546846,True,370.36
ADE_val_00001509,541,center_color,wall,66332,0.852179764606534,0.9201912048613338,True,29.96
ADE_val_00001509,541,grabcut_point_box,wall,66332,0.5883044821146387,0.7407955952266547,True,1232.12
ADE_val_00001509,541,robust_superpixel,wall,66332,0.8070166878110666,0.8932033591661491,True,494.6
ADE_val_00001509,541,robust_no_color_seed,wall,66332,0.5816961159850076,0.7355346075725223,True,450.67
ADE_val_00001509,541,robust_no_spatial_prior,wall,66332,0.8280782566246511,0.9059549323163091,True,472.84
ADE_val_00001509,541,robust_single_box,wall,66332,0.8070166878110666,0.8932033591661491,True,438.89
ADE_val_00001509,541,adaptive_superpixel,wall,66332,0.7458203393265258,0.8544067479638097,True,485.08
ADE_val_00001518,550,center_color,wall,80764,0.2540240701302561,0.4051342812006319,True,24.47
ADE_val_00001518,550,grabcut_point_box,wall,80764,0.7203430204859457,0.8374411520354472,True,3643.34
ADE_val_00001518,550,robust_superpixel,wall,80764,0.2540240701302561,0.4051342812006319,True,388.01
ADE_val_00001518,550,robust_no_color_seed,wall,80764,0.16785944232578873,0.28746514561974534,True,356.25
ADE_val_00001518,550,robust_no_spatial_prior,wall,80764,0.2540240701302561,0.4051342812006319,True,389.86
ADE_val_00001518,550,robust_single_box,wall,80764,0.2540240701302561,0.4051342812006319,True,353.86
ADE_val_00001518,550,adaptive_superpixel,wall,80764,0.2540735971472438,0.40519726709055726,True,387.96
ADE_val_00000699,582,center_color,"floor, flooring",861981,0.5780938231080022,0.7326482299632426,True,233.01
ADE_val_00000699,582,grabcut_point_box,"floor, flooring",861981,0.8487686512024364,0.918198878643251,True,11748.4
ADE_val_00000699,582,robust_superpixel,"floor, flooring",861981,0.5998920163112204,0.7499156320491643,True,3877.05
ADE_val_00000699,582,robust_no_color_seed,"floor, flooring",861981,0.4882974975264847,0.6561826494205945,True,3668.64
ADE_val_00000699,582,robust_no_spatial_prior,"floor, flooring",861981,0.5917150691458737,0.7434937076563488,True,3883.49
ADE_val_00000699,582,robust_single_box,"floor, flooring",861981,0.5998920163112204,0.7499156320491643,True,3638.72
ADE_val_00000699,582,adaptive_superpixel,"floor, flooring",861981,0.6362622690086005,0.7777020604332668,True,3877.38
ADE_val_00000709,588,center_color,wall,245656,0.8673411552416168,0.9289584314114159,True,32.66
ADE_val_00000709,588,grabcut_point_box,wall,245656,0.9192515582862913,0.9579271193684431,True,3288.57
ADE_val_00000709,588,robust_superpixel,wall,245656,0.8997431582676468,0.9472261072261072,True,474.93
ADE_val_00000709,588,robust_no_color_seed,wall,245656,0.7698414227634444,0.8699552545915756,True,441.2
ADE_val_00000709,588,robust_no_spatial_prior,wall,245656,0.8718783721288731,0.9315545124198347,True,473.43
ADE_val_00000709,588,robust_single_box,wall,245656,0.8997431582676468,0.9472261072261072,True,447.11
ADE_val_00000709,588,adaptive_superpixel,wall,245656,0.901758589863905,0.9483418081244868,True,488.93
ADE_val_00001537,630,center_color,"road, route",146756,0.5320560273937635,0.6945647128830705,True,22.68
ADE_val_00001537,630,grabcut_point_box,"road, route",146756,0.001798904303742266,0.003591348115902598,True,7397.4
ADE_val_00001537,630,robust_superpixel,"road, route",146756,0.5199098261696422,0.6841324626209941,True,335.75
ADE_val_00001537,630,robust_no_color_seed,"road, route",146756,0.22567199982865344,0.3682420743236395,True,322.62
ADE_val_00001537,630,robust_no_spatial_prior,"road, route",146756,0.5322633570808754,0.6947413505924903,True,338.31
ADE_val_00001537,630,robust_single_box,"road, route",146756,0.5199098261696422,0.6841324626209941,True,317.79
ADE_val_00001537,630,adaptive_superpixel,"road, route",146756,0.5180560434608275,0.6825255835479905,True,342.66
ADE_val_00000874,638,center_color,"earth, ground",91221,0.6356822409453988,0.777268622269793,True,16.57
ADE_val_00000874,638,grabcut_point_box,"earth, ground",91221,0.6631563383058422,0.7974672290656208,True,882.04
ADE_val_00000874,638,robust_superpixel,"earth, ground",91221,0.5649727195459655,0.7220224512410377,True,237.18
ADE_val_00000874,638,robust_no_color_seed,"earth, ground",91221,0.5086950217908589,0.674351031114327,True,219.15
ADE_val_00000874,638,robust_no_spatial_prior,"earth, ground",91221,0.5650230670624284,0.7220635643703133,True,239.29
ADE_val_00000874,638,robust_single_box,"earth, ground",91221,0.5649727195459655,0.7220224512410377,True,219.72
ADE_val_00000874,638,adaptive_superpixel,"earth, ground",91221,0.5684242336829236,0.7248348010387062,True,227.03
ADE_val_00000896,639,center_color,"earth, ground",2128163,0.7394496361788435,0.8502110331900592,True,279.12
ADE_val_00000896,639,grabcut_point_box,"earth, ground",2128163,0.004988339708941468,0.009927159374577738,True,33896.02
ADE_val_00000896,639,robust_superpixel,"earth, ground",2128163,0.8928010083736158,0.9433648908933672,True,4423.31
ADE_val_00000896,639,robust_no_color_seed,"earth, ground",2128163,0.5695813713517245,0.7257748871741522,True,4230.27
ADE_val_00000896,639,robust_no_spatial_prior,"earth, ground",2128163,0.8778209463025777,0.9349357275314282,True,4414.37
ADE_val_00000896,639,robust_single_box,"earth, ground",2128163,0.8928010083736158,0.9433648908933672,True,4157.13
ADE_val_00000896,639,adaptive_superpixel,"earth, ground",2128163,0.8927102691227357,0.9433142342874312,True,4372.02
ADE_val_00001189,654,center_color,tree,198183,0.835452556124884,0.9103504782370849,True,26.01
ADE_val_00001189,654,grabcut_point_box,tree,198183,0.8549919500705611,0.9218282052793151,True,3842.37
ADE_val_00001189,654,robust_superpixel,tree,198183,0.8389469940163975,0.9124210722181553,True,362.17
ADE_val_00001189,654,robust_no_color_seed,tree,198183,0.5027834881382891,0.669136295556665,True,342.83
ADE_val_00001189,654,robust_no_spatial_prior,tree,198183,0.8389469940163975,0.9124210722181553,True,360.4
ADE_val_00001189,654,robust_single_box,tree,198183,0.8389469940163975,0.9124210722181553,True,342.71
ADE_val_00001189,654,adaptive_superpixel,tree,198183,0.8389469940163975,0.9124210722181553,True,365.58
ADE_val_00000290,673,center_color,"earth, ground",168942,0.8114924198820342,0.8959379691303144,True,19.9
ADE_val_00000290,673,grabcut_point_box,"earth, ground",168942,0.00143836346201655,0.0028725950882170404,True,2251.19
ADE_val_00000290,673,robust_superpixel,"earth, ground",168942,0.7801041304431823,0.8764702211538201,True,261.58
ADE_val_00000290,673,robust_no_color_seed,"earth, ground",168942,0.40019557827528934,0.5716281132214914,True,228.52
ADE_val_00000290,673,robust_no_spatial_prior,"earth, ground",168942,0.7986186967488232,0.8880355777379648,True,243.08
ADE_val_00000290,673,robust_single_box,"earth, ground",168942,0.7801041304431823,0.8764702211538201,True,229.33
ADE_val_00000290,673,adaptive_superpixel,"earth, ground",168942,0.7789071999461722,0.8757142586974083,True,248.2
ADE_val_00001349,689,center_color,field,21508,0.5327427841027318,0.6951496227915366,True,5.57
ADE_val_00001349,689,grabcut_point_box,field,21508,0.6081187062772532,0.7563107174905388,True,529.89
ADE_val_00001349,689,robust_superpixel,field,21508,0.5746386692118898,0.7298673409303453,True,73.16
ADE_val_00001349,689,robust_no_color_seed,field,21508,0.5494600968102271,0.7092278115988465,True,67.44
ADE_val_00001349,689,robust_no_spatial_prior,field,21508,0.579261198371146,0.7335850446634128,True,71.98
ADE_val_00001349,689,robust_single_box,field,21508,0.5746386692118898,0.7298673409303453,True,68.94
ADE_val_00001349,689,adaptive_superpixel,field,21508,0.5780945318722364,0.7326487991646363,True,74.57
ADE_val_00000361,696,center_color,tree,28535,0.774643011683254,0.8730127767482688,True,5.55
ADE_val_00000361,696,grabcut_point_box,tree,28535,0.0,0.0,True,816.41
ADE_val_00000361,696,robust_superpixel,tree,28535,0.7841338988879972,0.8790079033605346,True,75.57
ADE_val_00000361,696,robust_no_color_seed,tree,28535,0.6419891511863995,0.7819651557655396,True,70.1
ADE_val_00000361,696,robust_no_spatial_prior,tree,28535,0.7841338988879972,0.8790079033605346,True,73.54
ADE_val_00000361,696,robust_single_box,tree,28535,0.7841338988879972,0.8790079033605346,True,70.5
ADE_val_00000361,696,adaptive_superpixel,tree,28535,0.7923857576973797,0.8841687725920476,True,75.81
ADE_val_00001361,701,center_color,tree,20180,0.6596875766745727,0.794953924998768,True,5.33
ADE_val_00001361,701,grabcut_point_box,tree,20180,0.0,0.0,True,219.94
ADE_val_00001361,701,robust_superpixel,tree,20180,0.7375816346724718,0.8489749430523919,True,72.5
ADE_val_00001361,701,robust_no_color_seed,tree,20180,0.6195685602565792,0.7651032200309253,True,68.14
ADE_val_00001361,701,robust_no_spatial_prior,tree,20180,0.6686022736566615,0.8013920203901578,True,73.69
ADE_val_00001361,701,robust_single_box,tree,20180,0.7375816346724718,0.8489749430523919,True,70.79
ADE_val_00001361,701,adaptive_superpixel,tree,20180,0.7405889988641895,0.8509636672959053,True,77.81
ADE_val_00001364,708,center_color,tree,18549,0.7160648822377341,0.8345429006203909,True,5.32
ADE_val_00001364,708,grabcut_point_box,tree,18549,0.8505704480103886,0.9192521678111373,True,452.5
ADE_val_00001364,708,robust_superpixel,tree,18549,0.8282393025353242,0.9060513045384784,True,75.47
ADE_val_00001364,708,robust_no_color_seed,tree,18549,0.6359911585530217,0.7774995057009161,True,69.16
ADE_val_00001364,708,robust_no_spatial_prior,tree,18549,0.760196412466179,0.8637631653857102,True,75.7
ADE_val_00001364,708,robust_single_box,tree,18549,0.8282393025353242,0.9060513045384784,True,71.34
ADE_val_00001364,708,adaptive_superpixel,tree,18549,0.8029339608471436,0.8906970286031658,True,78.96
ADE_val_00000419,722,center_color,field,30208,0.6839633336572409,0.8123256842793668,True,5.57
ADE_val_00000419,722,grabcut_point_box,field,30208,0.8842002253721606,0.9385416830607973,True,352.73
ADE_val_00000419,722,robust_superpixel,field,30208,0.6833613554061045,0.81190096613718,True,74.42
ADE_val_00000419,722,robust_no_color_seed,field,30208,0.34676648088909406,0.5149615554140752,True,69.77
ADE_val_00000419,722,robust_no_spatial_prior,field,30208,0.6834616130910032,0.8119717227601045,True,73.91
ADE_val_00000419,722,robust_single_box,field,30208,0.6833613554061045,0.81190096613718,True,68.79
ADE_val_00000419,722,adaptive_superpixel,field,30208,0.6842463092463092,0.8125252292255348,True,76.91
ADE_val_00001419,724,center_color,grass,39902,0.8432423174789587,0.9149554667693165,True,5.55
ADE_val_00001419,724,grabcut_point_box,grass,39902,0.9691315308190401,0.9843238155004707,True,133.49
ADE_val_00001419,724,robust_superpixel,grass,39902,0.8877754536167729,0.9405519622748473,True,72.47
ADE_val_00001419,724,robust_no_color_seed,grass,39902,0.688675240354601,0.8156396492317702,True,67.72
ADE_val_00001419,724,robust_no_spatial_prior,grass,39902,0.8877754536167729,0.9405519622748473,True,73.18
ADE_val_00001419,724,robust_single_box,grass,39902,0.8877754536167729,0.9405519622748473,True,71.64
ADE_val_00001419,724,adaptive_superpixel,grass,39902,0.9033897480789806,0.9492430533375918,True,80.16
ADE_val_00001552,743,center_color,tree,14505,0.9635031590267509,0.9814123848971348,True,5.42
ADE_val_00001552,743,grabcut_point_box,tree,14505,0.6524054517555736,0.7896433058392964,True,152.68
ADE_val_00001552,743,robust_superpixel,tree,14505,0.9635031590267509,0.9814123848971348,True,75.4
ADE_val_00001552,743,robust_no_color_seed,tree,14505,6.894174422612891e-05,0.00013787398317937404,True,68.74
ADE_val_00001552,743,robust_no_spatial_prior,tree,14505,0.9635031590267509,0.9814123848971348,True,73.33
ADE_val_00001552,743,robust_single_box,tree,14505,0.9635031590267509,0.9814123848971348,True,67.34
ADE_val_00001552,743,adaptive_superpixel,tree,14505,0.9257925535335348,0.961466542006144,True,72.45
ADE_val_00001643,761,center_color,sea,31130,0.6001022102976875,0.7500798466943469,True,5.3
ADE_val_00001643,761,grabcut_point_box,sea,31130,0.871799740498117,0.9315096285525893,True,286.47
ADE_val_00001643,761,robust_superpixel,sea,31130,0.8624952088922959,0.9261717343211401,True,69.81
ADE_val_00001643,761,robust_no_color_seed,sea,31130,0.7603919049148731,0.8638893450849437,True,64.6
ADE_val_00001643,761,robust_no_spatial_prior,sea,31130,0.6128146160725693,0.7599318730938329,True,72.78
ADE_val_00001643,761,robust_single_box,sea,31130,0.8624952088922959,0.9261717343211401,True,66.95
ADE_val_00001643,761,adaptive_superpixel,sea,31130,0.8944678676376645,0.9442945778257351,True,74.06
ADE_val_00001702,771,center_color,grass,2292560,0.1577915111126618,0.2725732735093573,True,277.02
ADE_val_00001702,771,grabcut_point_box,grass,2292560,0.9902995567589363,0.9951261390738286,True,7348.19
ADE_val_00001702,771,robust_superpixel,grass,2292560,0.5084287010222951,0.6741169810382445,True,4434.61
ADE_val_00001702,771,robust_no_color_seed,grass,2292560,0.49208875667376206,0.6595971646763837,True,4093.58
ADE_val_00001702,771,robust_no_spatial_prior,grass,2292560,0.16914055685426188,0.28934169781836755,True,4406.26
ADE_val_00001702,771,robust_single_box,grass,2292560,0.5084287010222951,0.6741169810382445,True,4109.28
ADE_val_00001702,771,adaptive_superpixel,grass,2292560,0.5949077143156205,0.7460089495784992,True,4378.79
ADE_val_00001740,779,center_color,sand,38666,0.6679263323240832,0.8009062743117639,True,6.29
ADE_val_00001740,779,grabcut_point_box,sand,38666,0.6523106743292414,0.7895738791302648,True,127.81
ADE_val_00001740,779,robust_superpixel,sand,38666,0.7218567168256426,0.8384631656882966,True,76.88
ADE_val_00001740,779,robust_no_color_seed,sand,38666,0.48572389179123776,0.6538548575208453,True,71.59
ADE_val_00001740,779,robust_no_spatial_prior,sand,38666,0.7135702415370956,0.8328462110745032,True,75.95
ADE_val_00001740,779,robust_single_box,sand,38666,0.7218567168256426,0.8384631656882966,True,72.85
ADE_val_00001740,779,adaptive_superpixel,sand,38666,0.7753795873902091,0.8734803451581975,True,79.47
ADE_val_00001997,790,center_color,"mountain, mount",34847,0.745757791676563,0.8543657032289274,True,5.45
ADE_val_00001997,790,grabcut_point_box,"mountain, mount",34847,0.8890688883746046,0.9412773603397583,True,222.57
ADE_val_00001997,790,robust_superpixel,"mountain, mount",34847,0.8586704593341762,0.9239620235227434,True,71.84
ADE_val_00001997,790,robust_no_color_seed,"mountain, mount",34847,0.7100345631831849,0.8304329964670117,True,66.63
ADE_val_00001997,790,robust_no_spatial_prior,"mountain, mount",34847,0.8438027426160337,0.915285266816368,True,71.51
ADE_val_00001997,790,robust_single_box,"mountain, mount",34847,0.8540335254059717,0.9212708548179751,True,67.15
ADE_val_00001997,790,adaptive_superpixel,"mountain, mount",34847,0.8571428571428571,0.9230769230769231,True,75.25
ADE_val_00001998,792,center_color,"waterfall, falls",20387,0.5000717806383691,0.6667304686253868,True,5.66
ADE_val_00001998,792,grabcut_point_box,"waterfall, falls",20387,0.6413904370783221,0.7815208649807881,True,269.98
ADE_val_00001998,792,robust_superpixel,"waterfall, falls",20387,0.5762671380117518,0.7311795369135653,True,73.83
ADE_val_00001998,792,robust_no_color_seed,"waterfall, falls",20387,0.5440904219039268,0.704739067331356,True,68.88
ADE_val_00001998,792,robust_no_spatial_prior,"waterfall, falls",20387,0.5192757846462523,0.6835833097506524,True,73.79
ADE_val_00001998,792,robust_single_box,"waterfall, falls",20387,0.5762671380117518,0.7311795369135653,True,68.04
ADE_val_00001998,792,adaptive_superpixel,"waterfall, falls",20387,0.7991321982738292,0.8883529504286052,True,74.24
ADE_val_00000060,805,center_color,"case, display case, showcase, vitrine",185821,0.6838852262511238,0.8122705937312305,True,14.76
ADE_val_00000060,805,grabcut_point_box,"case, display case, showcase, vitrine",185821,0.44340215994796345,0.6143847809732371,True,3981.92
ADE_val_00000060,805,robust_superpixel,"case, display case, showcase, vitrine",185821,0.8352936769553491,0.9102561485865904,True,209.68
ADE_val_00000060,805,robust_no_color_seed,"case, display case, showcase, vitrine",185821,0.32910704387555767,0.49523030577869914,True,192.39
ADE_val_00000060,805,robust_no_spatial_prior,"case, display case, showcase, vitrine",185821,0.8206365854702684,0.9014831318006267,True,204.62
ADE_val_00000060,805,robust_single_box,"case, display case, showcase, vitrine",185821,0.8352936769553491,0.9102561485865904,True,193.39
ADE_val_00000060,805,adaptive_superpixel,"case, display case, showcase, vitrine",185821,0.8456055481827133,0.9163448267863563,True,210.46
ADE_val_00001217,826,center_color,shelf,111379,0.7640829126767177,0.8662664404104934,True,9.9
ADE_val_00001217,826,grabcut_point_box,shelf,111379,0.7724449311527207,0.8716151543849165,True,840.25
ADE_val_00001217,826,robust_superpixel,shelf,111379,0.8261500276710997,0.904799731843165,True,125.32
ADE_val_00001217,826,robust_no_color_seed,shelf,111379,0.43784735003905584,0.6090317585203502,True,118.4
ADE_val_00001217,826,robust_no_spatial_prior,shelf,111379,0.7954938033507186,0.8861003049592064,True,130.39
ADE_val_00001217,826,robust_single_box,shelf,111379,0.8261500276710997,0.904799731843165,True,122.5
ADE_val_00001217,826,adaptive_superpixel,shelf,111379,0.8401113552130675,0.913109255951296,True,137.46
ADE_val_00000293,837,center_color,"computer, computing machine, computing device, data processor, electronic computer, information processing system",216997,0.5327895529067166,0.6951894366664455,True,39.33
ADE_val_00000293,837,grabcut_point_box,"computer, computing machine, computing device, data processor, electronic computer, information processing system",216997,0.834351692058498,0.9096965382054886,True,4380.84
ADE_val_00000293,837,robust_superpixel,"computer, computing machine, computing device, data processor, electronic computer, information processing system",216997,0.6610545390617605,0.7959456158918831,True,529.04
ADE_val_00000293,837,robust_no_color_seed,"computer, computing machine, computing device, data processor, electronic computer, information processing system",216997,0.7178721063100427,0.8357689768326452,True,506.51
ADE_val_00000293,837,robust_no_spatial_prior,"computer, computing machine, computing device, data processor, electronic computer, information processing system",216997,0.5430179730657727,0.7038388178808673,True,527.77
ADE_val_00000293,837,robust_single_box,"computer, computing machine, computing device, data processor, electronic computer, information processing system",216997,0.6610545390617605,0.7959456158918831,True,506.63
ADE_val_00000293,837,adaptive_superpixel,"computer, computing machine, computing device, data processor, electronic computer, information processing system",216997,0.6699772286413089,0.8023788793652012,True,544.56
ADE_val_00000954,849,center_color,wall,115144,0.27258053496395995,0.42839023146252914,True,12.11
ADE_val_00000954,849,grabcut_point_box,wall,115144,0.7909311121499298,0.8832624625080678,True,1909.92
ADE_val_00000954,849,robust_superpixel,wall,115144,0.5758496492156427,0.7308433891548777,True,165.03
ADE_val_00000954,849,robust_no_color_seed,wall,115144,0.5593056395198204,0.7173778191324383,True,154.25
ADE_val_00000954,849,robust_no_spatial_prior,wall,115144,0.2728709049294572,0.4287487503606342,True,164.77
ADE_val_00000954,849,robust_single_box,wall,115144,0.5758496492156427,0.7308433891548777,True,157.73
ADE_val_00000954,849,adaptive_superpixel,wall,115144,0.6353467370932016,0.7770177696046511,True,173.32
ADE_val_00000385,856,center_color,"floor, flooring",474104,0.7399308214075997,0.8505290121925624,True,139.29
ADE_val_00000385,856,grabcut_point_box,"floor, flooring",474104,0.887929682008317,0.9406385105019026,True,14856.52
ADE_val_00000385,856,robust_superpixel,"floor, flooring",474104,0.8411422975964189,0.9137178573264179,True,2283.66
ADE_val_00000385,856,robust_no_color_seed,"floor, flooring",474104,0.5902892073722888,0.7423671174221852,True,2194.81
ADE_val_00000385,856,robust_no_spatial_prior,"floor, flooring",474104,0.8154702390089489,0.8983570443480338,True,2365.69
ADE_val_00000385,856,robust_single_box,"floor, flooring",474104,0.8411422975964189,0.9137178573264179,True,2167.66
ADE_val_00000385,856,adaptive_superpixel,"floor, flooring",474104,0.8724424597750033,0.9318763898142299,True,2286.5
ADE_val_00000391,858,center_color,ceiling,616285,0.8263707987252401,0.9049321192629949,True,94.29
ADE_val_00000391,858,grabcut_point_box,ceiling,616285,0.89956959450496,0.9471299152262895,True,3489.81
ADE_val_00000391,858,robust_superpixel,ceiling,616285,0.848424437006998,0.9179974252891636,True,1526.12
ADE_val_00000391,858,robust_no_color_seed,ceiling,616285,0.6065937487836207,0.755130224106602,True,1519.32
ADE_val_00000391,858,robust_no_spatial_prior,ceiling,616285,0.8493341870754941,0.9185296989708679,True,1477.66
ADE_val_00000391,858,robust_single_box,ceiling,616285,0.8484259507342334,0.9179983113710569,True,1376.73
ADE_val_00000391,858,adaptive_superpixel,ceiling,616285,0.8504250961661993,0.9191672745123824,True,1473.31
ADE_val_00000749,879,center_color,ceiling,104118,0.7282902857318092,0.8427869921440073,True,42.9
ADE_val_00000749,879,grabcut_point_box,ceiling,104118,0.9455960207375168,0.9720373712309196,True,3474.04
ADE_val_00000749,879,robust_superpixel,ceiling,104118,0.7388770498690069,0.8498324248107916,True,693.56
ADE_val_00000749,879,robust_no_color_seed,ceiling,104118,0.14412493516971128,0.25193915583761456,True,667.95
ADE_val_00000749,879,robust_no_spatial_prior,ceiling,104118,0.7388770498690069,0.8498324248107916,True,714.07
ADE_val_00000749,879,robust_single_box,ceiling,104118,0.7388770498690069,0.8498324248107916,True,673.01
ADE_val_00000749,879,adaptive_superpixel,ceiling,104118,0.7389916210291545,0.8499082020784103,True,758.08
ADE_val_00000021,896,center_color,"sidewalk, pavement",308608,0.7693200527354962,0.8696222614400057,True,58.29
ADE_val_00000021,896,grabcut_point_box,"sidewalk, pavement",308608,0.8719504432472714,0.9315956481569025,True,2697.26
ADE_val_00000021,896,robust_superpixel,"sidewalk, pavement",308608,0.8931049053367137,0.9435345107595748,True,914.8
ADE_val_00000021,896,robust_no_color_seed,"sidewalk, pavement",308608,0.6490491710267148,0.7871798881807874,True,860.01
ADE_val_00000021,896,robust_no_spatial_prior,"sidewalk, pavement",308608,0.8867572306101084,0.9399802117873569,True,914.81
ADE_val_00000021,896,robust_single_box,"sidewalk, pavement",308608,0.8931049053367137,0.9435345107595748,True,858.27
ADE_val_00000021,896,adaptive_superpixel,"sidewalk, pavement",308608,0.88321579250541,0.937986815977567,True,931.27
ADE_val_00001026,899,center_color,bleachers,1180470,0.6126574011564766,0.7598109812005014,True,236.65
ADE_val_00001026,899,grabcut_point_box,bleachers,1180470,0.3889557890085168,0.5600693587031542,True,28081.39
ADE_val_00001026,899,robust_superpixel,bleachers,1180470,0.632238515256313,0.7746888819824616,True,3858.8
ADE_val_00001026,899,robust_no_color_seed,bleachers,1180470,0.4510446624543763,0.6216826733526654,True,3625.43
ADE_val_00001026,899,robust_no_spatial_prior,bleachers,1180470,0.7398018447498869,0.8504437985076864,True,3848.54
ADE_val_00001026,899,robust_single_box,bleachers,1180470,0.632238515256313,0.7746888819824616,True,3622.39
ADE_val_00001026,899,adaptive_superpixel,bleachers,1180470,0.6623367761071458,0.7968743585859944,True,3847.66
ADE_val_00000043,901,center_color,field,43620,0.7351997666958296,0.8473949579831933,True,10.38
ADE_val_00000043,901,grabcut_point_box,field,43620,0.8875914681612953,0.9404486967997361,True,254.06
ADE_val_00000043,901,robust_superpixel,field,43620,0.8040661793670941,0.8913932188997392,True,132.61
ADE_val_00000043,901,robust_no_color_seed,field,43620,0.6685376990756209,0.8013456327010106,True,122.13
ADE_val_00000043,901,robust_no_spatial_prior,field,43620,0.7910447761194029,0.8833333333333333,True,130.55
ADE_val_00000043,901,robust_single_box,field,43620,0.8040661793670941,0.8913932188997392,True,122.72
ADE_val_00000043,901,adaptive_superpixel,field,43620,0.8143203089207409,0.8976588146170773,True,136.37
ADE_val_00001075,911,center_color,court,864994,0.7818476806422837,0.8775696027625205,True,142.36
ADE_val_00001075,911,grabcut_point_box,court,864994,0.8473464767431271,0.9173660571101957,True,7798.0
ADE_val_00001075,911,robust_superpixel,court,864994,0.9075773826827185,0.9515497414907996,True,2202.45
ADE_val_00001075,911,robust_no_color_seed,court,864994,0.6282573768564599,0.7716929593396147,True,2070.58
ADE_val_00001075,911,robust_no_spatial_prior,court,864994,0.9061123964474961,0.9507439310884886,True,2205.79
ADE_val_00001075,911,robust_single_box,court,864994,0.9075773826827185,0.9515497414907996,True,2056.48
ADE_val_00001075,911,adaptive_superpixel,court,864994,0.9216967087434033,0.9592530439895486,True,2180.62
ADE_val_00000197,917,center_color,wall,97411,0.5595510249971892,0.7175796316099343,True,23.74
ADE_val_00000197,917,grabcut_point_box,wall,97411,0.8952575514373268,0.9447344512711539,True,1375.97
ADE_val_00000197,917,robust_superpixel,wall,97411,0.5694536679356113,0.7256712059358146,True,362.01
ADE_val_00000197,917,robust_no_color_seed,wall,97411,0.04755109792528565,0.09078525719549602,True,330.08
ADE_val_00000197,917,robust_no_spatial_prior,wall,97411,0.5694536679356113,0.7256712059358146,True,345.93
ADE_val_00000197,917,robust_single_box,wall,97411,0.5694536679356113,0.7256712059358146,True,321.18
ADE_val_00000197,917,adaptive_superpixel,wall,97411,0.647320718715217,0.7859073359073359,True,357.81
ADE_val_00000229,924,center_color,carousel,2207887,0.5742375458105965,0.729543704936746,True,256.67
ADE_val_00000229,924,grabcut_point_box,carousel,2207887,0.6775340982743129,0.8077738616118687,True,32309.46
ADE_val_00000229,924,robust_superpixel,carousel,2207887,0.6830823214272146,0.8117039941908208,True,3884.94
ADE_val_00000229,924,robust_no_color_seed,carousel,2207887,0.5218257631440525,0.6857891038274632,True,3635.56
ADE_val_00000229,924,robust_no_spatial_prior,carousel,2207887,0.6874089443907323,0.8147508600992192,True,3900.32
ADE_val_00000229,924,robust_single_box,carousel,2207887,0.6831167148374372,0.8117282762573189,True,3663.64
ADE_val_00000229,924,adaptive_superpixel,carousel,2207887,0.6904735640496402,0.8168995703139723,True,3892.26
ADE_val_00000353,937,center_color,counter,574371,0.6470381863880805,0.7856990708964938,True,151.13
ADE_val_00000353,937,grabcut_point_box,counter,574371,0.9630562897197061,0.981180514041414,True,3145.58
ADE_val_00000353,937,robust_superpixel,counter,574371,0.6750564446875937,0.8060103846990004,True,2478.67
ADE_val_00000353,937,robust_no_color_seed,counter,574371,0.527999164359952,0.691098760621535,True,2352.03
ADE_val_00000353,937,robust_no_spatial_prior,counter,574371,0.6573803228653068,0.7932763696974714,True,2477.29
ADE_val_00000353,937,robust_single_box,counter,574371,0.6641299726795856,0.7981707962512112,True,2316.71
ADE_val_00000353,937,adaptive_superpixel,counter,574371,0.6689978506133967,0.8016761080519355,True,2473.21
ADE_val_00000389,943,center_color,grass,584730,0.8583771350683648,0.9237921828356841,True,96.33
ADE_val_00000389,943,grabcut_point_box,grass,584730,0.8878508076135108,0.9405942503855692,True,1980.5
ADE_val_00000389,943,robust_superpixel,grass,584730,0.927286377193638,0.9622715006618571,True,1403.44
ADE_val_00000389,943,robust_no_color_seed,grass,584730,0.7384659171280982,0.8495604197383694,True,1285.4
ADE_val_00000389,943,robust_no_spatial_prior,grass,584730,0.9205763692687072,0.9586459398323564,True,1389.4
ADE_val_00000389,943,robust_single_box,grass,584730,0.927286377193638,0.9622715006618571,True,1300.44
ADE_val_00000389,943,adaptive_superpixel,grass,584730,0.9296460289805805,0.9635404784282705,True,1391.79
ADE_val_00001535,962,center_color,"floor, flooring",30397,0.4558878644779252,0.6262678268032744,True,9.68
ADE_val_00001535,962,grabcut_point_box,"floor, flooring",30397,0.6905098640841864,0.8169249748309062,True,422.58
ADE_val_00001535,962,robust_superpixel,"floor, flooring",30397,0.5881873911371502,0.7407027589055534,True,129.27
ADE_val_00001535,962,robust_no_color_seed,"floor, flooring",30397,0.6150279022243181,0.7616313023165272,True,120.64
ADE_val_00001535,962,robust_no_spatial_prior,"floor, flooring",30397,0.5881873911371502,0.7407027589055534,True,128.72
ADE_val_00001535,962,robust_single_box,"floor, flooring",30397,0.5881873911371502,0.7407027589055534,True,122.25
ADE_val_00001535,962,adaptive_superpixel,"floor, flooring",30397,0.5906478173061985,0.742650649477488,True,133.58
ADE_val_00000542,963,center_color,"floor, flooring",407566,0.7403197583483225,0.8507859027595417,True,84.07
ADE_val_00000542,963,grabcut_point_box,"floor, flooring",407566,0.9322722654927192,0.9649491763056431,True,3018.67
ADE_val_00000542,963,robust_superpixel,"floor, flooring",407566,0.8817339177235037,0.9371504753341678,True,1264.81
ADE_val_00000542,963,robust_no_color_seed,"floor, flooring",407566,0.7413466161321577,0.8514635848649376,True,1189.0
ADE_val_00000542,963,robust_no_spatial_prior,"floor, flooring",407566,0.8858724462500214,0.9394828881577243,True,1248.36
ADE_val_00000542,963,robust_single_box,"floor, flooring",407566,0.8817339177235037,0.9371504753341678,True,1185.0
ADE_val_00000542,963,adaptive_superpixel,"floor, flooring",407566,0.8806382872577737,0.9365312758168548,True,1260.71
ADE_val_00000707,977,center_color,"earth, ground",656168,0.716767556491754,0.8350199230890426,True,88.36
ADE_val_00000707,977,grabcut_point_box,"earth, ground",656168,0.7287924095089867,0.8431231019992493,True,3812.31
ADE_val_00000707,977,robust_superpixel,"earth, ground",656168,0.7417209337463171,0.8517104197064779,True,1410.44
ADE_val_00000707,977,robust_no_color_seed,"earth, ground",656168,0.5801349654356811,0.7342853340071795,True,1331.64
ADE_val_00000707,977,robust_no_spatial_prior,"earth, ground",656168,0.7335574525949988,0.8463030186820992,True,1407.75
ADE_val_00000707,977,robust_single_box,"earth, ground",656168,0.7417209337463171,0.8517104197064779,True,1342.17
ADE_val_00000707,977,adaptive_superpixel,"earth, ground",656168,0.7407947420110297,0.8510994709867248,True,1445.85
ADE_val_00001707,979,center_color,sky,25510,0.7791377774334741,0.8758599669076026,True,6.14
ADE_val_00001707,979,grabcut_point_box,sky,25510,0.9272552712233669,0.9622547516860822,True,93.02
ADE_val_00001707,979,robust_superpixel,sky,25510,0.940327642961035,0.9692462470163533,True,72.09
ADE_val_00001707,979,robust_no_color_seed,sky,25510,0.7183462532299741,0.8360902255639098,True,66.37
ADE_val_00001707,979,robust_no_spatial_prior,sky,25510,0.940327642961035,0.9692462470163533,True,70.18
ADE_val_00001707,979,robust_single_box,sky,25510,0.940327642961035,0.9692462470163533,True,69.24
ADE_val_00001707,979,adaptive_superpixel,sky,25510,0.9394820397077388,0.9687968441814596,True,72.55
ADE_val_00000713,980,center_color,"floor, flooring",139568,0.44236664408862697,0.6133900085690632,True,19.97
ADE_val_00000713,980,grabcut_point_box,"floor, flooring",139568,0.6704722434865243,0.8027337731600364,True,2473.58
ADE_val_00000713,980,robust_superpixel,"floor, flooring",139568,0.8161116068691631,0.8987460944386306,True,293.38
ADE_val_00000713,980,robust_no_color_seed,"floor, flooring",139568,0.5576990235657312,0.7160549183488625,True,278.71
ADE_val_00000713,980,robust_no_spatial_prior,"floor, flooring",139568,0.8161116068691631,0.8987460944386306,True,293.38
ADE_val_00000713,980,robust_single_box,"floor, flooring",139568,0.8161116068691631,0.8987460944386306,True,276.66
ADE_val_00000713,980,adaptive_superpixel,"floor, flooring",139568,0.8559846006298506,0.9224048522162974,True,297.6
ADE_val_00001989,986,center_color,sand trap,168719,0.9144500526864255,0.9553135652750367,True,24.64
ADE_val_00001989,986,grabcut_point_box,sand trap,168719,0.9485337442777501,0.9735871878670869,True,927.49
ADE_val_00001989,986,robust_superpixel,sand trap,168719,0.9446322664020492,0.9715279158149567,True,378.38
ADE_val_00001989,986,robust_no_color_seed,sand trap,168719,0.8561011295136653,0.9224725052971446,True,355.68
ADE_val_00001989,986,robust_no_spatial_prior,sand trap,168719,0.9437928285011036,0.9710837643421913,True,373.22
ADE_val_00001989,986,robust_single_box,sand trap,168719,0.9446322664020492,0.9715279158149567,True,345.15
ADE_val_00001989,986,adaptive_superpixel,sand trap,168719,0.940868460508395,0.9695334636556895,True,374.69
ADE_val_00000742,988,center_color,wall,616234,0.9018968536690426,0.948418261410075,True,163.46
ADE_val_00000742,988,grabcut_point_box,wall,616234,0.9725963801534447,0.9861078423734999,True,12744.97
ADE_val_00000742,988,robust_superpixel,wall,616234,0.9019738848556688,0.9484608511584427,True,2732.27
ADE_val_00000742,988,robust_no_color_seed,wall,616234,0.09314156635304122,0.17041080354081092,True,2552.28
ADE_val_00000742,988,robust_no_spatial_prior,wall,616234,0.9019738848556688,0.9484608511584427,True,2728.19
ADE_val_00000742,988,robust_single_box,wall,616234,0.9019738848556688,0.9484608511584427,True,2545.12
ADE_val_00000742,988,adaptive_superpixel,wall,616234,0.9019738848556688,0.9484608511584427,True,2694.09
ADE_val_00000877,995,center_color,"floor, flooring",56380,0.7835639442335613,0.8786496797795236,True,9.34
ADE_val_00000877,995,grabcut_point_box,"floor, flooring",56380,0.9295659295659295,0.9634974533106961,True,358.42
ADE_val_00000877,995,robust_superpixel,"floor, flooring",56380,0.7895988944670876,0.882431137958673,True,124.51
ADE_val_00000877,995,robust_no_color_seed,"floor, flooring",56380,0.5581411848173111,0.7164192696475731,True,114.67
ADE_val_00000877,995,robust_no_spatial_prior,"floor, flooring",56380,0.7895988944670876,0.882431137958673,True,123.63
ADE_val_00000877,995,robust_single_box,"floor, flooring",56380,0.7895988944670876,0.882431137958673,True,120.47
ADE_val_00000877,995,adaptive_superpixel,"floor, flooring",56380,0.7987300365595535,0.8881044073598631,True,131.02
ADE_val_00000216,1031,center_color,"floor, flooring",93016,0.6373976565181154,0.7785496137493263,True,20.07
ADE_val_00000216,1031,grabcut_point_box,"floor, flooring",93016,0.6308831467769369,0.7736705698672912,True,1893.45
ADE_val_00000216,1031,robust_superpixel,"floor, flooring",93016,0.7699017131055339,0.8699937486976453,True,307.3
ADE_val_00000216,1031,robust_no_color_seed,"floor, flooring",93016,0.6621601835131046,0.7967465351186281,True,283.06
ADE_val_00000216,1031,robust_no_spatial_prior,"floor, flooring",93016,0.7742350315821325,0.8727536293674988,True,308.73
ADE_val_00000216,1031,robust_single_box,"floor, flooring",93016,0.7699017131055339,0.8699937486976453,True,287.73
ADE_val_00000216,1031,adaptive_superpixel,"floor, flooring",93016,0.7552554149384948,0.8605646887748919,True,315.14
ADE_val_00000305,1044,center_color,seat,767958,0.7798000702571118,0.8762782778679867,True,257.52
ADE_val_00000305,1044,grabcut_point_box,seat,767958,0.8267076345884923,0.9051340443701896,True,9301.68
ADE_val_00000305,1044,robust_superpixel,seat,767958,0.8159826816725952,0.8986679112171284,True,4340.82
ADE_val_00000305,1044,robust_no_color_seed,seat,767958,0.7383952241746987,0.849513636377195,True,4112.42
ADE_val_00000305,1044,robust_no_spatial_prior,seat,767958,0.7894973548237315,0.8823677248760151,True,4337.7
ADE_val_00000305,1044,robust_single_box,seat,767958,0.8159826816725952,0.8986679112171284,True,4045.33
ADE_val_00000305,1044,adaptive_superpixel,seat,767958,0.8267639749951522,0.9051678118377019,True,4285.06
ADE_val_00001988,1061,center_color,door,41398,0.8197973606568625,0.900976535498385,True,6.07
ADE_val_00001988,1061,grabcut_point_box,door,41398,0.8354649485527454,0.9103578351757741,True,375.65
ADE_val_00001988,1061,robust_superpixel,door,41398,0.8262470553255723,0.9048579193227216,True,74.13
ADE_val_00001988,1061,robust_no_color_seed,door,41398,0.19307946779996618,0.3236657289157846,True,67.49
ADE_val_00001988,1061,robust_no_spatial_prior,door,41398,0.8256295313679299,0.9044874846533537,True,71.6
ADE_val_00001988,1061,robust_single_box,door,41398,0.8256295313679299,0.9044874846533537,True,69.04
ADE_val_00001988,1061,adaptive_superpixel,door,41398,0.8254236900487157,0.9043639507348427,True,74.47
ADE_val_00000901,1069,center_color,ceiling,36439,0.699848367960416,0.8234244667365687,True,9.99
ADE_val_00000901,1069,grabcut_point_box,ceiling,36439,0.8774409321393893,0.9347201471095277,True,300.52
ADE_val_00000901,1069,robust_superpixel,ceiling,36439,0.8281382752761257,0.9059908503376661,True,151.1
ADE_val_00000901,1069,robust_no_color_seed,ceiling,36439,0.4998637973304277,0.6665455866327643,True,141.09
ADE_val_00000901,1069,robust_no_spatial_prior,ceiling,36439,0.8129630121345689,0.8968335334954158,True,152.3
ADE_val_00000901,1069,robust_single_box,ceiling,36439,0.8281382752761257,0.9059908503376661,True,145.18
ADE_val_00000901,1069,adaptive_superpixel,ceiling,36439,0.8586601524123099,0.923956056515093,True,156.53
ADE_val_00000571,1075,center_color,sky,869562,0.764272069663785,0.8663879940120929,True,224.28
ADE_val_00000571,1075,grabcut_point_box,sky,869562,0.9487821836730252,0.9737180395243349,True,4556.21
ADE_val_00000571,1075,robust_superpixel,sky,869562,0.8193497322386496,0.9007061344170116,True,3872.88
ADE_val_00000571,1075,robust_no_color_seed,sky,869562,0.6170913755569898,0.7632115103507238,True,3658.16
ADE_val_00000571,1075,robust_no_spatial_prior,sky,869562,0.8193497322386496,0.9007061344170116,True,3837.34
ADE_val_00000571,1075,robust_single_box,sky,869562,0.8193497322386496,0.9007061344170116,True,3621.09
ADE_val_00000571,1075,adaptive_superpixel,sky,869562,0.8387515006002401,0.9123054423900554,True,3804.47
ADE_val_00000577,1081,center_color,"plant, flora, plant life",735906,0.7821249304987945,0.8777442222076849,True,232.42
ADE_val_00000577,1081,grabcut_point_box,"plant, flora, plant life",735906,0.8760869512517363,0.9339513295662613,True,10735.05
ADE_val_00000577,1081,robust_superpixel,"plant, flora, plant life",735906,0.7953706062557369,0.8860238699289948,True,3900.68
ADE_val_00000577,1081,robust_no_color_seed,"plant, flora, plant life",735906,0.6591599938966545,0.7945707422086168,True,3661.79
ADE_val_00000577,1081,robust_no_spatial_prior,"plant, flora, plant life",735906,0.7953706062557369,0.8860238699289948,True,3906.49
ADE_val_00000577,1081,robust_single_box,"plant, flora, plant life",735906,0.7953706062557369,0.8860238699289948,True,3688.4
ADE_val_00000577,1081,adaptive_superpixel,"plant, flora, plant life",735906,0.7993739350243313,0.8885022945644948,True,3882.03
ADE_val_00000589,1093,center_color,"building, edifice",2197148,0.6169924633708175,0.7631358554196618,True,245.48
ADE_val_00000589,1093,grabcut_point_box,"building, edifice",2197148,0.6976027217863936,0.8218680529120543,True,34258.61
ADE_val_00000589,1093,robust_superpixel,"building, edifice",2197148,0.8310402257863574,0.9077247065169848,True,3837.71
ADE_val_00000589,1093,robust_no_color_seed,"building, edifice",2197148,0.6311395340282536,0.7738633278902814,True,3634.22
ADE_val_00000589,1093,robust_no_spatial_prior,"building, edifice",2197148,0.7873854587491232,0.8810471797170869,True,3856.47
ADE_val_00000589,1093,robust_single_box,"building, edifice",2197148,0.844017082372097,0.9154113488866109,True,3610.22
ADE_val_00000589,1093,adaptive_superpixel,"building, edifice",2197148,0.8690717934320302,0.9299501458274342,True,3808.72
ADE_val_00000595,1099,center_color,sky,1197824,0.7447693968892992,0.8537167126121398,True,223.72
ADE_val_00000595,1099,grabcut_point_box,sky,1197824,0.900612942886615,0.9477078920853618,True,4666.39
ADE_val_00000595,1099,robust_superpixel,sky,1197824,0.7901343835342703,0.8827654401836631,True,3779.26
ADE_val_00000595,1099,robust_no_color_seed,sky,1197824,0.6426772688309046,0.7824753906630714,True,3638.45
ADE_val_00000595,1099,robust_no_spatial_prior,sky,1197824,0.7901343835342703,0.8827654401836631,True,3766.49
ADE_val_00000595,1099,robust_single_box,sky,1197824,0.7901343835342703,0.8827654401836631,True,3530.52
ADE_val_00000595,1099,adaptive_superpixel,sky,1197824,0.8063710824790246,0.8928077849567635,True,3759.28
ADE_val_00000603,1107,center_color,house,42541,0.5729496350231427,0.7285034717779924,True,5.76
ADE_val_00000603,1107,grabcut_point_box,house,42541,0.867645105591712,0.9291327383280589,True,396.26
ADE_val_00000603,1107,robust_superpixel,house,42541,0.5886923901393355,0.7411030527913645,True,70.49
ADE_val_00000603,1107,robust_no_color_seed,house,42541,0.44486967997360605,0.6157921176416861,True,65.0
ADE_val_00000603,1107,robust_no_spatial_prior,house,42541,0.5876532083633742,0.7402790549822327,True,70.62
ADE_val_00000603,1107,robust_single_box,house,42541,0.591890685004912,0.7436323242297076,True,68.42
ADE_val_00000603,1107,adaptive_superpixel,house,42541,0.5976112461684812,0.7481309956996361,True,73.51
ADE_val_00000604,1108,center_color,"hovel, hut, hutch, shack, shanty",297947,0.02156759423655885,0.042224507430028285,True,43.6
ADE_val_00000604,1108,grabcut_point_box,"hovel, hut, hutch, shack, shanty",297947,0.9042272645835756,0.9497051968545528,True,2131.41
ADE_val_00000604,1108,robust_superpixel,"hovel, hut, hutch, shack, shanty",297947,0.7753449436995924,0.8734583625015119,True,614.18
ADE_val_00000604,1108,robust_no_color_seed,"hovel, hut, hutch, shack, shanty",297947,0.7753449436995924,0.8734583625015119,True,576.88
ADE_val_00000604,1108,robust_no_spatial_prior,"hovel, hut, hutch, shack, shanty",297947,0.5248553986186433,0.6884002235151037,True,620.99
ADE_val_00000604,1108,robust_single_box,"hovel, hut, hutch, shack, shanty",297947,0.7753449436995924,0.8734583625015119,True,579.9
ADE_val_00000604,1108,adaptive_superpixel,"hovel, hut, hutch, shack, shanty",297947,0.7903065988300082,0.8828729105355309,True,629.23
ADE_val_00000618,1122,center_color,wall,66684,0.5936078493599916,0.7449861013151889,True,15.88
ADE_val_00000618,1122,grabcut_point_box,wall,66684,0.4001259672485154,0.5715570978728873,True,1093.0
ADE_val_00000618,1122,robust_superpixel,wall,66684,0.7335604246436758,0.8463049966019561,True,254.31
ADE_val_00000618,1122,robust_no_color_seed,wall,66684,0.6639762399108997,0.7980597606928009,True,242.47
ADE_val_00000618,1122,robust_no_spatial_prior,wall,66684,0.601656931540502,0.7512931386146692,True,249.89
ADE_val_00000618,1122,robust_single_box,wall,66684,0.7335604246436758,0.8463049966019561,True,228.74
ADE_val_00000618,1122,adaptive_superpixel,wall,66684,0.7550014910472338,0.8603998286026685,True,257.83
ADE_val_00000624,1128,center_color,sky,271880,0.02098979749461187,0.041116566582973406,True,43.24
ADE_val_00000624,1128,grabcut_point_box,sky,271880,0.9006938484588418,0.9477526843043768,True,1649.03
ADE_val_00000624,1128,robust_superpixel,sky,271880,0.6436368584816141,0.7831862070508733,True,528.35
ADE_val_00000624,1128,robust_no_color_seed,sky,271880,0.6236685302339268,0.768221491789427,True,494.28
ADE_val_00000624,1128,robust_no_spatial_prior,sky,271880,0.3784820555069255,0.5491287376501129,True,527.05
ADE_val_00000624,1128,robust_single_box,sky,271880,0.688488896408159,0.8155089416018646,True,493.95
ADE_val_00000624,1128,adaptive_superpixel,sky,271880,0.7484938983574482,0.8561584333357873,True,542.3
ADE_val_00000626,1130,center_color,"rock, stone",36521,0.6554059405940594,0.7918371252900787,True,6.01
ADE_val_00000626,1130,grabcut_point_box,"rock, stone",36521,0.001944086963664741,0.003880629645824224,True,1154.27
ADE_val_00000626,1130,robust_superpixel,"rock, stone",36521,0.7061042320832592,0.8277386795073618,True,75.89
ADE_val_00000626,1130,robust_no_color_seed,"rock, stone",36521,0.7287550552535998,0.8430981046608654,True,69.17
ADE_val_00000626,1130,robust_no_spatial_prior,"rock, stone",36521,0.7061042320832592,0.8277386795073618,True,74.95
ADE_val_00000626,1130,robust_single_box,"rock, stone",36521,0.7061042320832592,0.8277386795073618,True,73.22
ADE_val_00000626,1130,adaptive_superpixel,"rock, stone",36521,0.7100736615518297,0.8304597369302369,True,77.9
ADE_val_00000630,1134,center_color,wall,35392,0.8177292921774325,0.8997261536099097,True,4.98
ADE_val_00000630,1134,grabcut_point_box,wall,35392,0.325751582278481,0.49142175145457256,True,167.38
ADE_val_00000630,1134,robust_superpixel,wall,35392,0.8177292921774325,0.8997261536099097,True,64.48
ADE_val_00000630,1134,robust_no_color_seed,wall,35392,0.31981803797468356,0.48463959238723214,True,59.81
ADE_val_00000630,1134,robust_no_spatial_prior,wall,35392,0.8177292921774325,0.8997261536099097,True,63.08
ADE_val_00000630,1134,robust_single_box,wall,35392,0.8177292921774325,0.8997261536099097,True,59.43
ADE_val_00000630,1134,adaptive_superpixel,wall,35392,0.8177292921774325,0.8997261536099097,True,65.41
ADE_val_00000978,1141,center_color,sky,38034,0.5093285050775407,0.6749074218953737,True,5.44
ADE_val_00000978,1141,grabcut_point_box,sky,38034,0.99046875,0.9952115550671168,True,126.94
ADE_val_00000978,1141,robust_superpixel,sky,38034,0.6108005982838699,0.758381389893461,True,70.67
ADE_val_00000978,1141,robust_no_color_seed,sky,38034,0.3782931061681653,0.5489298386173744,True,66.09
ADE_val_00000978,1141,robust_no_spatial_prior,sky,38034,0.6106431551601984,0.7582600195503422,True,68.24
ADE_val_00000978,1141,robust_single_box,sky,38034,0.6108005982838699,0.758381389893461,True,66.36
ADE_val_00000978,1141,adaptive_superpixel,sky,38034,0.6096197748563331,0.7574705335746075,True,70.73
ADE_val_00001578,1158,center_color,wall,68507,0.6961346246152977,0.8208483153549074,True,15.05
ADE_val_00001578,1158,grabcut_point_box,wall,68507,0.8072221095628495,0.8933291655646124,True,1058.85
ADE_val_00001578,1158,robust_superpixel,wall,68507,0.7910043199593415,0.8833081094715601,True,232.06
ADE_val_00001578,1158,robust_no_color_seed,wall,68507,0.626417738333309,0.7703036231949094,True,221.39
ADE_val_00001578,1158,robust_no_spatial_prior,wall,68507,0.7910043199593415,0.8833081094715601,True,233.82
ADE_val_00001578,1158,robust_single_box,wall,68507,0.7910043199593415,0.8833081094715601,True,225.41
ADE_val_00001578,1158,adaptive_superpixel,wall,68507,0.8118276533867916,0.8961422482643624,True,237.27
ADE_val_00001582,1162,center_color,sky,1254665,0.34006959539377435,0.5075402002443704,True,230.52
ADE_val_00001582,1162,grabcut_point_box,sky,1254665,0.8006064487246195,0.8892631138711004,True,27568.62
ADE_val_00001582,1162,robust_superpixel,sky,1254665,0.5078471068533831,0.6736055725347014,True,3855.77
ADE_val_00001582,1162,robust_no_color_seed,sky,1254665,0.37092147369500966,0.5411272356764162,True,3644.39
ADE_val_00001582,1162,robust_no_spatial_prior,sky,1254665,0.3419188540252335,0.5095969148948316,True,3865.53
ADE_val_00001582,1162,robust_single_box,sky,1254665,0.5166371792422145,0.6812930426779482,True,3631.03
ADE_val_00001582,1162,adaptive_superpixel,sky,1254665,0.5075559427217736,0.6733493973104856,True,3818.95
ADE_val_00001599,1179,center_color,"building, edifice",31621,0.8334849587578845,0.909181125022742,True,5.51
ADE_val_00001599,1179,grabcut_point_box,"building, edifice",31621,0.8956149545772187,0.9449334132067647,True,189.34
ADE_val_00001599,1179,robust_superpixel,"building, edifice",31621,0.9146988390069417,0.9554493065670319,True,71.99
ADE_val_00001599,1179,robust_no_color_seed,"building, edifice",31621,0.610045431600202,0.7577990280608246,True,66.53
ADE_val_00001599,1179,robust_no_spatial_prior,"building, edifice",31621,0.914650415378085,0.9554228887234952,True,71.4
ADE_val_00001599,1179,robust_single_box,"building, edifice",31621,0.9146988390069417,0.9554493065670319,True,69.22
ADE_val_00001599,1179,adaptive_superpixel,"building, edifice",31621,0.9076576576576577,0.9515938606847698,True,75.0
ADE_val_00001601,1181,center_color,"road, route",30491,0.7029986030343394,0.8256009156810378,True,5.22
ADE_val_00001601,1181,grabcut_point_box,"road, route",30491,0.8688625869805554,0.9298303610265333,True,234.09
ADE_val_00001601,1181,robust_superpixel,"road, route",30491,0.865874253052741,0.928116406168413,True,71.25
ADE_val_00001601,1181,robust_no_color_seed,"road, route",30491,0.6340096365007047,0.7760170103506379,True,65.3
ADE_val_00001601,1181,robust_no_spatial_prior,"road, route",30491,0.8652896856326319,0.9277804861062748,True,68.86
ADE_val_00001601,1181,robust_single_box,"road, route",30491,0.865874253052741,0.928116406168413,True,69.35
ADE_val_00001601,1181,adaptive_superpixel,"road, route",30491,0.8869570858607155,0.9400924827669194,True,73.51
ADE_val_00001604,1184,center_color,sky,33433,0.6471730815204398,0.7857985159920902,True,5.18
ADE_val_00001604,1184,grabcut_point_box,sky,33433,0.9839983436363099,0.9919346422767864,True,130.88
ADE_val_00001604,1184,robust_superpixel,sky,33433,0.8586241931628018,0.9239352380339888,True,70.32
ADE_val_00001604,1184,robust_no_color_seed,sky,33433,0.702599228307361,0.8253254396289724,True,65.19
ADE_val_00001604,1184,robust_no_spatial_prior,sky,33433,0.8586241931628018,0.9239352380339888,True,70.03
ADE_val_00001604,1184,robust_single_box,sky,33433,0.8586241931628018,0.9239352380339888,True,67.43
ADE_val_00001604,1184,adaptive_superpixel,sky,33433,0.8632560363375568,0.926610212984347,True,73.0
ADE_val_00001612,1192,center_color,"floor, flooring",43135,0.8996007488778112,0.9471471828059135,True,12.61
ADE_val_00001612,1192,grabcut_point_box,"floor, flooring",43135,0.8999468155830341,0.9473389551768782,True,529.76
ADE_val_00001612,1192,robust_superpixel,"floor, flooring",43135,0.9120888928555491,0.9540235250186706,True,191.07
ADE_val_00001612,1192,robust_no_color_seed,"floor, flooring",43135,0.7129965987181563,0.8324553583488667,True,178.38
ADE_val_00001612,1192,robust_no_spatial_prior,"floor, flooring",43135,0.9215889620344485,0.9591946875659948,True,194.4
ADE_val_00001612,1192,robust_single_box,"floor, flooring",43135,0.9120888928555491,0.9540235250186706,True,180.17
ADE_val_00001612,1192,adaptive_superpixel,"floor, flooring",43135,0.8413763823464003,0.9138559508124725,True,189.86
ADE_val_00001615,1195,center_color,wall,17056,0.11468105065666041,0.20576478013885965,True,7.9
ADE_val_00001615,1195,grabcut_point_box,wall,17056,0.8307667369103583,0.9075615370993448,True,159.53
ADE_val_00001615,1195,robust_superpixel,wall,17056,0.5163908168713294,0.6810787972677981,True,111.44
ADE_val_00001615,1195,robust_no_color_seed,wall,17056,0.48777362520021356,0.6557094667336539,True,100.57
ADE_val_00001615,1195,robust_no_spatial_prior,wall,17056,0.1226547842401501,0.2185084604136202,True,107.33
ADE_val_00001615,1195,robust_single_box,wall,17056,0.5163908168713294,0.6810787972677981,True,101.36
ADE_val_00001615,1195,adaptive_superpixel,wall,17056,0.607000469043152,0.7554452916925097,True,111.71
ADE_val_00001629,1209,center_color,sky,69218,0.7333448668598532,0.8461615237461532,True,13.13
ADE_val_00001629,1209,grabcut_point_box,sky,69218,0.9118637353931471,0.9539003418626334,True,245.94
ADE_val_00001629,1209,robust_superpixel,sky,69218,0.9043552150243397,0.9497757644051518,True,214.39
ADE_val_00001629,1209,robust_no_color_seed,sky,69218,0.6711599243747204,0.8032264471945627,True,200.95
ADE_val_00001629,1209,robust_no_spatial_prior,sky,69218,0.9043552150243397,0.9497757644051518,True,218.43
ADE_val_00001629,1209,robust_single_box,sky,69218,0.9043552150243397,0.9497757644051518,True,201.79
ADE_val_00001629,1209,adaptive_superpixel,sky,69218,0.9139908917968524,0.9550629480151798,True,215.37
ADE_val_00001634,1214,center_color,wall,49812,0.35094268074466445,0.5195522885563412,True,9.48
ADE_val_00001634,1214,grabcut_point_box,wall,49812,0.40075667815596727,0.5722002749021983,True,1110.27
ADE_val_00001634,1214,robust_superpixel,wall,49812,0.3552798416817756,0.5242900111919419,True,126.67
ADE_val_00001634,1214,robust_no_color_seed,wall,49812,0.2512045290291496,0.40154031287605296,True,115.61
ADE_val_00001634,1214,robust_no_spatial_prior,wall,49812,0.3513574365719838,0.520006664503626,True,128.3
ADE_val_00001634,1214,robust_single_box,wall,49812,0.3552798416817756,0.5242900111919419,True,122.02
ADE_val_00001634,1214,adaptive_superpixel,wall,49812,0.3649074578761523,0.5346991926382498,True,130.54
ADE_val_00001657,1230,center_color,"stairway, staircase",18855,0.6753658309255289,0.806230876216968,True,5.9
ADE_val_00001657,1230,grabcut_point_box,"stairway, staircase",18855,0.7617983916822354,0.864796330021439,True,173.9
ADE_val_00001657,1230,robust_superpixel,"stairway, staircase",18855,0.7401140087077517,0.8506500206355757,True,82.14
ADE_val_00001657,1230,robust_no_color_seed,"stairway, staircase",18855,0.6525724423418096,0.7897656110216497,True,74.67
ADE_val_00001657,1230,robust_no_spatial_prior,"stairway, staircase",18855,0.7487739428148422,0.8563416053759458,True,79.22
ADE_val_00001657,1230,robust_single_box,"stairway, staircase",18855,0.7401140087077517,0.8506500206355757,True,74.53
ADE_val_00001657,1230,adaptive_superpixel,"stairway, staircase",18855,0.7713138523310283,0.8708946201894016,True,84.19
ADE_val_00000659,1233,center_color,tree,87039,0.5206228172726799,0.6847494478695846,True,12.7
ADE_val_00000659,1233,grabcut_point_box,tree,87039,0.3578088024253714,0.5270385665290124,True,2822.65
ADE_val_00000659,1233,robust_superpixel,tree,87039,0.5582299717115562,0.716492407213035,True,186.65
ADE_val_00000659,1233,robust_no_color_seed,tree,87039,0.4889841511922673,0.6568023585754426,True,176.49
ADE_val_00000659,1233,robust_no_spatial_prior,tree,87039,0.5373804877363921,0.6990858697935216,True,184.12
ADE_val_00000659,1233,robust_single_box,tree,87039,0.5582299717115562,0.716492407213035,True,174.38
ADE_val_00000659,1233,adaptive_superpixel,tree,87039,0.5771354791627196,0.7318781256117746,True,196.25
ADE_val_00000985,1247,center_color,sky,276611,0.8212653286740383,0.9018623654049965,True,51.49
ADE_val_00000985,1247,grabcut_point_box,sky,276611,0.9771959579835526,0.9884664734800974,True,980.56
ADE_val_00000985,1247,robust_superpixel,sky,276611,0.8879674003501019,0.9406596747226023,True,796.84
ADE_val_00000985,1247,robust_no_color_seed,sky,276611,0.5920639338396088,0.7437690425053693,True,721.27
ADE_val_00000985,1247,robust_no_spatial_prior,sky,276611,0.8879674003501019,0.9406596747226023,True,772.05
ADE_val_00000985,1247,robust_single_box,sky,276611,0.8879674003501019,0.9406596747226023,True,721.62
ADE_val_00000985,1247,adaptive_superpixel,sky,276611,0.9070914718906292,0.9512826052243503,True,783.67
ADE_val_00000667,1251,center_color,wall,35729,0.8356997413461009,0.9104972044429122,True,6.85
ADE_val_00000667,1251,grabcut_point_box,wall,35729,0.9588670150829971,0.9790016450324168,True,281.02
ADE_val_00000667,1251,robust_superpixel,wall,35729,0.8921431125044689,0.9429975001453403,True,88.67
ADE_val_00000667,1251,robust_no_color_seed,wall,35729,0.6151872612175465,0.7617534833129025,True,84.35
ADE_val_00000667,1251,robust_no_spatial_prior,wall,35729,0.8921431125044689,0.9429975001453403,True,89.9
ADE_val_00000667,1251,robust_single_box,wall,35729,0.8921431125044689,0.9429975001453403,True,84.06
ADE_val_00000667,1251,adaptive_superpixel,wall,35729,0.9113565870381455,0.9536227758007118,True,91.39
ADE_val_00001680,1279,center_color,sky,137304,0.6152575308767767,0.7618073516026999,True,19.8
ADE_val_00001680,1279,grabcut_point_box,sky,137304,0.9075746038652598,0.9515482141838849,True,494.48
ADE_val_00001680,1279,robust_superpixel,sky,137304,0.7717743694119358,0.8711880956581317,True,310.66
ADE_val_00001680,1279,robust_no_color_seed,sky,137304,0.6323350767059713,0.7747613657632285,True,290.67
ADE_val_00001680,1279,robust_no_spatial_prior,sky,137304,0.7744028628093472,0.8728602495413735,True,295.27
ADE_val_00001680,1279,robust_single_box,sky,137304,0.7717743694119358,0.8711880956581317,True,274.27
ADE_val_00001680,1279,adaptive_superpixel,sky,137304,0.7897025469149536,0.8824958630988416,True,300.82
ADE_val_00000682,1283,center_color,tree,19802,0.8633113962407083,0.9266421039258036,True,7.88
ADE_val_00000682,1283,grabcut_point_box,tree,19802,0.0,0.0,True,264.25
ADE_val_00000682,1283,robust_superpixel,tree,19802,0.8792477730122072,0.9357443820224719,True,109.26
ADE_val_00000682,1283,robust_no_color_seed,tree,19802,0.7718739106618197,0.8712515106376999,True,102.85
ADE_val_00000682,1283,robust_no_spatial_prior,tree,19802,0.8699574870099197,0.9304569681966302,True,111.38
ADE_val_00000682,1283,robust_single_box,tree,19802,0.8792477730122072,0.9357443820224719,True,102.66
ADE_val_00000682,1283,adaptive_superpixel,tree,19802,0.8777227259979433,0.9348800159314946,True,115.07
ADE_val_00000683,1285,center_color,tree,56335,0.42175397831291367,0.5932868622085753,True,9.88
ADE_val_00000683,1285,grabcut_point_box,tree,56335,0.818515191234297,0.9002016537224953,True,410.65
ADE_val_00000683,1285,robust_superpixel,tree,56335,0.451782634709464,0.6223833016157772,True,134.11
ADE_val_00000683,1285,robust_no_color_seed,tree,56335,0.318258193459382,0.4828465243583379,True,127.58
ADE_val_00000683,1285,robust_no_spatial_prior,tree,56335,0.43434343434343436,0.6056338028169014,True,135.73
ADE_val_00000683,1285,robust_single_box,tree,56335,0.451782634709464,0.6223833016157772,True,124.28
ADE_val_00000683,1285,adaptive_superpixel,tree,56335,0.793459358495427,0.8848367315789947,True,138.76
ADE_val_00000685,1289,center_color,wall,245922,0.6408456406270242,0.7811163033984535,True,22.65
ADE_val_00000685,1289,grabcut_point_box,wall,245922,0.8294961723050959,0.9068028508198103,True,5033.75
ADE_val_00000685,1289,robust_superpixel,wall,245922,0.7473644578313253,0.8554190907132083,True,317.63
ADE_val_00000685,1289,robust_no_color_seed,wall,245922,0.3030351086930002,0.4651219398024622,True,303.76
ADE_val_00000685,1289,robust_no_spatial_prior,wall,245922,0.6411006930949605,0.7813057368051016,True,327.84
ADE_val_00000685,1289,robust_single_box,wall,245922,0.8480939888586605,0.9178039579928762,True,302.37
ADE_val_00000685,1289,adaptive_superpixel,wall,245922,0.8719353219328929,0.9315870176887991,True,326.1
ADE_val_00000014,1303,center_color,"building, edifice",1699693,0.6340228803553738,0.7760269308070937,True,239.68
ADE_val_00000014,1303,grabcut_point_box,"building, edifice",1699693,0.8794931439549352,0.935883322356001,True,35436.36
ADE_val_00000014,1303,robust_superpixel,"building, edifice",1699693,0.7547165547342323,0.8602147767945814,True,3855.65
ADE_val_00000014,1303,robust_no_color_seed,"building, edifice",1699693,0.7262305975362492,0.8414062392043761,True,3611.02
ADE_val_00000014,1303,robust_no_spatial_prior,"building, edifice",1699693,0.7547165547342323,0.8602147767945814,True,3899.29
ADE_val_00000014,1303,robust_single_box,"building, edifice",1699693,0.7547165547342323,0.8602147767945814,True,3655.32
ADE_val_00000014,1303,adaptive_superpixel,"building, edifice",1699693,0.7653565411279651,0.8670843801773263,True,3838.72
ADE_val_00000023,1314,center_color,"building, edifice",56454,0.6283169756452199,0.7717379171782565,True,8.37
ADE_val_00000023,1314,grabcut_point_box,"building, edifice",56454,0.8374784408416696,0.9115518552240067,True,601.83
ADE_val_00000023,1314,robust_superpixel,"building, edifice",56454,0.7087779576464369,0.8295729172708466,True,108.9
ADE_val_00000023,1314,robust_no_color_seed,"building, edifice",56454,0.6020081670172709,0.751566913841808,True,101.15
ADE_val_00000023,1314,robust_no_spatial_prior,"building, edifice",56454,0.7082548494762235,0.8292145047249654,True,111.05
ADE_val_00000023,1314,robust_single_box,"building, edifice",56454,0.7087779576464369,0.8295729172708466,True,104.1
ADE_val_00000023,1314,adaptive_superpixel,"building, edifice",56454,0.7219018982636423,0.8384936435596066,True,117.42
ADE_val_00001022,1316,center_color,"building, edifice",272310,0.6566615273146829,0.7927527940835074,True,57.32
ADE_val_00001022,1316,grabcut_point_box,"building, edifice",272310,0.8991266093472178,0.9468843255861413,True,1708.54
ADE_val_00001022,1316,robust_superpixel,"building, edifice",272310,0.7141744013620387,0.833257573785461,True,891.87
ADE_val_00001022,1316,robust_no_color_seed,"building, edifice",272310,0.2725876238510971,0.4283989860379029,True,840.87
ADE_val_00001022,1316,robust_no_spatial_prior,"building, edifice",272310,0.7141744013620387,0.833257573785461,True,898.48
ADE_val_00001022,1316,robust_single_box,"building, edifice",272310,0.7141744013620387,0.833257573785461,True,841.46
ADE_val_00001022,1316,adaptive_superpixel,"building, edifice",272310,0.7077314916520211,0.8288557013929368,True,912.51
ADE_val_00000203,1354,center_color,skyscraper,22885,0.607541524415973,0.7558641754360846,True,5.42
ADE_val_00000203,1354,grabcut_point_box,skyscraper,22885,0.9693185719189839,0.9844202819602118,True,96.4
ADE_val_00000203,1354,robust_superpixel,skyscraper,22885,0.8020001492648705,0.8901221785048664,True,73.55
ADE_val_00000203,1354,robust_no_color_seed,skyscraper,22885,0.8036374327956989,0.8911296895740668,True,68.35
ADE_val_00000203,1354,robust_no_spatial_prior,skyscraper,22885,0.8020001492648705,0.8901221785048664,True,72.14
ADE_val_00000203,1354,robust_single_box,skyscraper,22885,0.8020001492648705,0.8901221785048664,True,66.87
ADE_val_00000203,1354,adaptive_superpixel,skyscraper,22885,0.809564697976555,0.8947618163437931,True,72.75
ADE_val_00001202,1365,center_color,"building, edifice",54491,0.6569789332138055,0.792984050726049,True,5.08
ADE_val_00001202,1365,grabcut_point_box,"building, edifice",54491,0.8153197547087166,0.8982657216106168,True,199.17
ADE_val_00001202,1365,robust_superpixel,"building, edifice",54491,0.7880591662931421,0.8814687803948701,True,68.26
ADE_val_00001202,1365,robust_no_color_seed,"building, edifice",54491,0.6647152740819585,0.7985933503836317,True,63.56
ADE_val_00001202,1365,robust_no_spatial_prior,"building, edifice",54491,0.6627162707306141,0.7971489572774915,True,70.16
ADE_val_00001202,1365,robust_single_box,"building, edifice",54491,0.7880591662931421,0.8814687803948701,True,66.63
ADE_val_00001202,1365,adaptive_superpixel,"building, edifice",54491,0.8325235320484088,0.9086088309248697,True,72.39
ADE_val_00001203,1366,center_color,"building, edifice",48600,0.25392949480855254,0.40501399139242994,True,5.43
ADE_val_00001203,1366,grabcut_point_box,"building, edifice",48600,0.9701471276530799,0.9848473893508237,True,139.68
ADE_val_00001203,1366,robust_superpixel,"building, edifice",48600,0.2564739196454221,0.4082439207616808,True,71.15
ADE_val_00001203,1366,robust_no_color_seed,"building, edifice",48600,0.13987654320987655,0.24542402252788909,True,67.57
ADE_val_00001203,1366,robust_no_spatial_prior,"building, edifice",48600,0.2564739196454221,0.4082439207616808,True,71.9
ADE_val_00001203,1366,robust_single_box,"building, edifice",48600,0.2564739196454221,0.4082439207616808,True,69.75
ADE_val_00001203,1366,adaptive_superpixel,"building, edifice",48600,0.2562892436491977,0.40800993074611264,True,77.28
ADE_val_00001224,1384,center_color,"building, edifice",1546234,0.590646071248759,0.7426492692809583,True,241.78
ADE_val_00001224,1384,grabcut_point_box,"building, edifice",1546234,0.7484211854821877,0.8561108635569233,True,17812.88
ADE_val_00001224,1384,robust_superpixel,"building, edifice",1546234,0.5983459210594382,0.7487064135188384,True,3746.25
ADE_val_00001224,1384,robust_no_color_seed,"building, edifice",1546234,0.5013617859818312,0.6678760451518492,True,3563.06
ADE_val_00001224,1384,robust_no_spatial_prior,"building, edifice",1546234,0.5903235970485466,0.7423943128859029,True,3762.68
ADE_val_00001224,1384,robust_single_box,"building, edifice",1546234,0.5983459210594382,0.7487064135188384,True,3547.98
ADE_val_00001224,1384,adaptive_superpixel,"building, edifice",1546234,0.5717435399453201,0.7275277746205474,True,3753.06
ADE_val_00001234,1394,center_color,"earth, ground",774898,0.7838500847818106,0.8788295512822607,True,147.33
ADE_val_00001234,1394,grabcut_point_box,"earth, ground",774898,0.7905239814337287,0.8830085378702734,True,9368.5
ADE_val_00001234,1394,robust_superpixel,"earth, ground",774898,0.7308531873534042,0.8445004957016949,True,2232.5
ADE_val_00001234,1394,robust_no_color_seed,"earth, ground",774898,0.5567322333963621,0.7152575394186133,True,2067.28
ADE_val_00001234,1394,robust_no_spatial_prior,"earth, ground",774898,0.7343822832063764,0.8468516892927593,True,2204.21
ADE_val_00001234,1394,robust_single_box,"earth, ground",774898,0.7308531873534042,0.8445004957016949,True,2083.14
ADE_val_00001234,1394,adaptive_superpixel,"earth, ground",774898,0.7256463303912959,0.8410139639989305,True,2190.08
ADE_val_00000287,1411,center_color,"building, edifice",232219,0.4611048187808896,0.6311728123183171,True,23.78
ADE_val_00000287,1411,grabcut_point_box,"building, edifice",232219,0.8205902698708006,0.9014551856624328,True,2135.38
ADE_val_00000287,1411,robust_superpixel,"building, edifice",232219,0.551456960461285,0.7108891506694762,True,342.37
ADE_val_00000287,1411,robust_no_color_seed,"building, edifice",232219,0.39939884333323283,0.5708148827419399,True,314.53
ADE_val_00000287,1411,robust_no_spatial_prior,"building, edifice",232219,0.5327344179022515,0.6951425004618459,True,341.3
ADE_val_00000287,1411,robust_single_box,"building, edifice",232219,0.551456960461285,0.7108891506694762,True,321.55
ADE_val_00000287,1411,adaptive_superpixel,"building, edifice",232219,0.4817579626578803,0.6502518964618681,True,339.71
ADE_val_00000335,1425,center_color,"road, route",32828,0.8238649525133195,0.9034275825937862,True,5.66
ADE_val_00000335,1425,grabcut_point_box,"road, route",32828,0.7411889548666772,0.8513595871315759,True,117.96
ADE_val_00000335,1425,robust_superpixel,"road, route",32828,0.8359518521565079,0.9106468137218298,True,73.6
ADE_val_00000335,1425,robust_no_color_seed,"road, route",32828,0.73496408688378,0.8472383865926246,True,67.53
ADE_val_00000335,1425,robust_no_spatial_prior,"road, route",32828,0.8319908270030099,0.9082914769437794,True,73.67
ADE_val_00000335,1425,robust_single_box,"road, route",32828,0.8359518521565079,0.9106468137218298,True,68.8
ADE_val_00000335,1425,adaptive_superpixel,"road, route",32828,0.8410816067424836,0.9136820482723205,True,75.03
ADE_val_00001356,1434,center_color,tree,13120,0.7702225841476655,0.8701985739477114,True,5.11
ADE_val_00001356,1434,grabcut_point_box,tree,13120,0.0,0.0,True,125.5
ADE_val_00001356,1434,robust_superpixel,tree,13120,0.851502375694305,0.9197961470343731,True,72.76
ADE_val_00001356,1434,robust_no_color_seed,tree,13120,0.6683443120420398,0.8012066900314981,True,70.26
ADE_val_00001356,1434,robust_no_spatial_prior,tree,13120,0.8382907133243607,0.9120328000878574,True,73.33
ADE_val_00001356,1434,robust_single_box,tree,13120,0.851502375694305,0.9197961470343731,True,67.96
ADE_val_00001356,1434,adaptive_superpixel,tree,13120,0.8568545674693933,0.9229097232285176,True,75.87
ADE_val_00001368,1439,center_color,"building, edifice",176191,0.5937486603251421,0.7450969843689291,True,30.46
ADE_val_00001368,1439,grabcut_point_box,"building, edifice",176191,0.885024154589372,0.93900563813429,True,2012.17
ADE_val_00001368,1439,robust_superpixel,"building, edifice",176191,0.6060689707688061,0.7547234667994216,True,436.23
ADE_val_00001368,1439,robust_no_color_seed,"building, edifice",176191,0.6415836016699645,0.7816642430117952,True,407.7
ADE_val_00001368,1439,robust_no_spatial_prior,"building, edifice",176191,0.6013556318740205,0.7510581908283188,True,439.85
ADE_val_00001368,1439,robust_single_box,"building, edifice",176191,0.6060689707688061,0.7547234667994216,True,414.86
ADE_val_00001368,1439,adaptive_superpixel,"building, edifice",176191,0.7221039121547749,0.8386298957433359,True,441.5
ADE_val_00001382,1445,center_color,service station,74260,0.5528816935647242,0.7120718801128426,True,13.22
ADE_val_00001382,1445,grabcut_point_box,service station,74260,0.487289526936734,0.6552719132506366,True,1300.86
ADE_val_00001382,1445,robust_superpixel,service station,74260,0.5608576866404715,0.7186532013019579,True,194.9
ADE_val_00001382,1445,robust_no_color_seed,service station,74260,0.4562383925645184,0.6265984949909976,True,178.05
ADE_val_00001382,1445,robust_no_spatial_prior,service station,74260,0.5608576866404715,0.7186532013019579,True,184.67
ADE_val_00001382,1445,robust_single_box,service station,74260,0.5608576866404715,0.7186532013019579,True,173.39
ADE_val_00001382,1445,adaptive_superpixel,service station,74260,0.5618667320692246,0.7194810165715492,True,190.02
ADE_val_00001956,1446,center_color,double door,66955,0.7973297185768096,0.887238118121325,True,9.92
ADE_val_00001956,1446,grabcut_point_box,double door,66955,0.5818468840945457,0.7356551255940258,True,1412.76
ADE_val_00001956,1446,robust_superpixel,double door,66955,0.7905807583770068,0.8830439561894924,True,136.63
ADE_val_00001956,1446,robust_no_color_seed,double door,66955,0.4099911125260323,0.5815513429606285,True,125.68
ADE_val_00001956,1446,robust_no_spatial_prior,double door,66955,0.7996521947709283,0.8886741528106361,True,132.68
ADE_val_00001956,1446,robust_single_box,double door,66955,0.7905807583770068,0.8830439561894924,True,125.65
ADE_val_00001956,1446,adaptive_superpixel,double door,66955,0.7879368005577811,0.8813922285306384,True,139.28
ADE_val_00000383,1447,center_color,"building, edifice",35878,0.6931635050385414,0.8187791704413839,True,9.05
ADE_val_00000383,1447,grabcut_point_box,"building, edifice",35878,0.7727547495682211,0.8718123584285262,True,490.01
ADE_val_00000383,1447,robust_superpixel,"building, edifice",35878,0.6871463217461601,0.8145663632007667,True,123.55
ADE_val_00000383,1447,robust_no_color_seed,"building, edifice",35878,0.44854888115881836,0.6193078977079264,True,119.17
ADE_val_00000383,1447,robust_no_spatial_prior,"building, edifice",35878,0.6871463217461601,0.8145663632007667,True,125.25
ADE_val_00000383,1447,robust_single_box,"building, edifice",35878,0.6871463217461601,0.8145663632007667,True,116.35
ADE_val_00000383,1447,adaptive_superpixel,"building, edifice",35878,0.6796027850701974,0.8092422697927285,True,131.51
ADE_val_00001408,1479,center_color,sky,32231,0.8671535067701202,0.9288507919953067,True,5.57
ADE_val_00001408,1479,grabcut_point_box,sky,32231,0.9773828756058158,0.988562091503268,True,103.91
ADE_val_00001408,1479,robust_superpixel,sky,32231,0.9334854708656626,0.9655986403122246,True,70.72
ADE_val_00001408,1479,robust_no_color_seed,sky,32231,0.7102478979864106,0.8305788872158627,True,65.67
ADE_val_00001408,1479,robust_no_spatial_prior,sky,32231,0.9334854708656626,0.9655986403122246,True,72.02
ADE_val_00001408,1479,robust_single_box,sky,32231,0.9334854708656626,0.9655986403122246,True,69.54
ADE_val_00001408,1479,adaptive_superpixel,sky,32231,0.942644150311882,0.970475370036808,True,74.01
ADE_val_00001416,1487,center_color,sky,26996,0.713722019397426,0.8329495814594048,True,5.49
ADE_val_00001416,1487,grabcut_point_box,sky,26996,0.970176904355407,0.9848627320832642,True,89.35
ADE_val_00001416,1487,robust_superpixel,sky,26996,0.8528582414765444,0.9205866076369673,True,70.5
ADE_val_00001416,1487,robust_no_color_seed,sky,26996,0.7151475023909365,0.8339195333276143,True,65.86
ADE_val_00001416,1487,robust_no_spatial_prior,sky,26996,0.8476369534763696,0.917536263692412,True,69.46
ADE_val_00001416,1487,robust_single_box,sky,26996,0.8528582414765444,0.9205866076369673,True,64.44
ADE_val_00001416,1487,adaptive_superpixel,sky,26996,0.8759121450762228,0.9338519902174123,True,72.15
ADE_val_00000442,1498,center_color,"ice, water ice",46450,0.7166156767591518,0.8349168500104476,True,11.9
ADE_val_00000442,1498,grabcut_point_box,"ice, water ice",46450,0.8859228568610042,0.9395112357199649,True,409.11
ADE_val_00000442,1498,robust_superpixel,"ice, water ice",46450,0.7608859803674805,0.8642081189251001,True,182.47
ADE_val_00000442,1498,robust_no_color_seed,"ice, water ice",46450,0.604341662611345,0.7533827447049825,True,172.13
ADE_val_00000442,1498,robust_no_spatial_prior,"ice, water ice",46450,0.7446059004843681,0.8536092882382635,True,177.43
ADE_val_00000442,1498,robust_single_box,"ice, water ice",46450,0.7608859803674805,0.8642081189251001,True,161.97
ADE_val_00000442,1498,adaptive_superpixel,"ice, water ice",46450,0.7491187578682333,0.8565670621258832,True,178.74
ADE_val_00000457,1507,center_color,"booth, cubicle, stall, kiosk",47770,0.787013134917622,0.8808140461193665,True,5.7
ADE_val_00000457,1507,grabcut_point_box,"booth, cubicle, stall, kiosk",47770,0.8747458952306489,0.9331887563599967,True,360.2
ADE_val_00000457,1507,robust_superpixel,"booth, cubicle, stall, kiosk",47770,0.8046794944779688,0.8917699757105454,True,73.6
ADE_val_00000457,1507,robust_no_color_seed,"booth, cubicle, stall, kiosk",47770,0.7238085456039441,0.8397783471369838,True,66.98
ADE_val_00000457,1507,robust_no_spatial_prior,"booth, cubicle, stall, kiosk",47770,0.8034012830733022,0.8909844864967268,True,73.51
ADE_val_00000457,1507,robust_single_box,"booth, cubicle, stall, kiosk",47770,0.8046794944779688,0.8917699757105454,True,69.03
ADE_val_00000457,1507,adaptive_superpixel,"booth, cubicle, stall, kiosk",47770,0.8039706943020917,0.8913345397920963,True,75.35
ADE_val_00001496,1512,center_color,wood,23597,0.4819315932421857,0.6504100397614314,True,8.59
ADE_val_00001496,1512,grabcut_point_box,wood,23597,0.6952913932844461,0.8202618099032442,True,603.67
ADE_val_00001496,1512,robust_superpixel,wood,23597,0.5186451897616946,0.6830366872502724,True,111.14
ADE_val_00001496,1512,robust_no_color_seed,wood,23597,0.6618181818181819,0.7964989059080962,True,104.59
ADE_val_00001496,1512,robust_no_spatial_prior,wood,23597,0.5261075949367089,0.6894764126490409,True,111.06
ADE_val_00001496,1512,robust_single_box,wood,23597,0.5186451897616946,0.6830366872502724,True,103.33
ADE_val_00001496,1512,adaptive_superpixel,wood,23597,0.5101465002712968,0.6756251796493246,True,112.84
ADE_val_00000539,1526,center_color,house,1846662,0.8495736030684478,0.9186696886882498,True,251.47
ADE_val_00000539,1526,grabcut_point_box,house,1846662,0.9020176035377158,0.94848502123217,True,9215.67
ADE_val_00000539,1526,robust_superpixel,house,1846662,0.8646983526701995,0.9274404639570513,True,3868.84
ADE_val_00000539,1526,robust_no_color_seed,house,1846662,0.8157757818887467,0.89854241919692,True,3637.88
ADE_val_00000539,1526,robust_no_spatial_prior,house,1846662,0.9148915108056104,0.9555544067566607,True,3862.64
ADE_val_00000539,1526,robust_single_box,house,1846662,0.8595365584349034,0.9244631997537499,True,3641.99
ADE_val_00000539,1526,adaptive_superpixel,house,1846662,0.8992653900308919,0.9469612775034723,True,3846.71
ADE_val_00000548,1535,center_color,"building, edifice",792396,0.015931428225281298,0.031363195945442346,True,150.27
ADE_val_00000548,1535,grabcut_point_box,"building, edifice",792396,0.7524171154715547,0.8587192042678585,True,12518.0
ADE_val_00000548,1535,robust_superpixel,"building, edifice",792396,0.07554808454358679,0.14048295121207144,True,2237.03
ADE_val_00000548,1535,robust_no_color_seed,"building, edifice",792396,0.05968228007208517,0.11264183839711893,True,2125.27
ADE_val_00000548,1535,robust_no_spatial_prior,"building, edifice",792396,0.015931428225281298,0.031363195945442346,True,2238.26
ADE_val_00000548,1535,robust_single_box,"building, edifice",792396,0.07554808454358679,0.14048295121207144,True,2116.18
ADE_val_00000548,1535,adaptive_superpixel,"building, edifice",792396,0.22590851039126902,0.36855688410086423,True,2234.57
ADE_val_00001556,1540,center_color,"mountain, mount",510108,0.8197820979889796,0.900967317894721,True,95.26
ADE_val_00001556,1540,grabcut_point_box,"mountain, mount",510108,0.7312660533320879,0.8447760549854876,True,4414.3
ADE_val_00001556,1540,robust_superpixel,"mountain, mount",510108,0.7632229515086341,0.8657134945477106,True,1418.63
ADE_val_00001556,1540,robust_no_color_seed,"mountain, mount",510108,0.6446614957719449,0.7839442917940558,True,1335.49
ADE_val_00001556,1540,robust_no_spatial_prior,"mountain, mount",510108,0.8389229215065357,0.912406835213353,True,1427.47
ADE_val_00001556,1540,robust_single_box,"mountain, mount",510108,0.7632229515086341,0.8657134945477106,True,1341.77
ADE_val_00001556,1540,adaptive_superpixel,"mountain, mount",510108,0.7450639524410017,0.8539101978455329,True,1421.17
ADE_val_00000642,1546,center_color,tree,48626,0.7817444904162797,0.8775045968949633,True,12.68
ADE_val_00000642,1546,grabcut_point_box,tree,48626,0.0,0.0,True,846.41
ADE_val_00000642,1546,robust_superpixel,tree,48626,0.7866797944062479,0.8806052398075935,True,189.24
ADE_val_00000642,1546,robust_no_color_seed,tree,48626,0.696859184281036,0.8213518136760384,True,183.82
ADE_val_00000642,1546,robust_no_spatial_prior,tree,48626,0.7792894935752078,0.8759558198810535,True,195.36
ADE_val_00000642,1546,robust_single_box,tree,48626,0.7866797944062479,0.8806052398075935,True,187.94
ADE_val_00000642,1546,adaptive_superpixel,tree,48626,0.7840910999512924,0.8789810116453122,True,197.25
ADE_val_00000643,1547,center_color,sky,21918,0.8156203038904658,0.8984480974824692,True,4.89
ADE_val_00000643,1547,grabcut_point_box,sky,21918,0.7948456980844026,0.885698084167038,True,100.07
ADE_val_00000643,1547,robust_superpixel,sky,21918,0.8548887010425472,0.9217681907944706,True,61.8
ADE_val_00000643,1547,robust_no_color_seed,sky,21918,0.6448152059134108,0.7840579337972831,True,58.65
ADE_val_00000643,1547,robust_no_spatial_prior,sky,21918,0.879223252732693,0.9357304955163372,True,63.92
ADE_val_00000643,1547,robust_single_box,sky,21918,0.8548887010425472,0.9217681907944706,True,60.0
ADE_val_00000643,1547,adaptive_superpixel,sky,21918,0.8624914082400033,0.9261695430370129,True,63.26
ADE_val_00001652,1550,center_color,"hovel, hut, hutch, shack, shanty",352795,0.6988168313921754,0.8227100396921511,True,59.07
ADE_val_00001652,1550,grabcut_point_box,"hovel, hut, hutch, shack, shanty",352795,0.9174985629043096,0.9569744464523975,True,3476.06
ADE_val_00001652,1550,robust_superpixel,"hovel, hut, hutch, shack, shanty",352795,0.7163926800295722,0.8347654803762381,True,914.91
ADE_val_00001652,1550,robust_no_color_seed,"hovel, hut, hutch, shack, shanty",352795,0.7871240090836897,0.8808834810375258,True,861.79
ADE_val_00001652,1550,robust_no_spatial_prior,"hovel, hut, hutch, shack, shanty",352795,0.6996212262954601,0.8232672262164826,True,897.42
ADE_val_00001652,1550,robust_single_box,"hovel, hut, hutch, shack, shanty",352795,0.7163926800295722,0.8347654803762381,True,859.49
ADE_val_00001652,1550,adaptive_superpixel,"hovel, hut, hutch, shack, shanty",352795,0.7160239280248998,0.8345150861025874,True,928.05
ADE_val_00001689,1554,center_color,"building, edifice",388318,0.6774464268714896,0.8077115501506139,True,59.34
ADE_val_00001689,1554,grabcut_point_box,"building, edifice",388318,0.6918841892565454,0.8178859920200282,True,3305.88
ADE_val_00001689,1554,robust_superpixel,"building, edifice",388318,0.6209546361029454,0.7661591783911085,True,919.93
ADE_val_00001689,1554,robust_no_color_seed,"building, edifice",388318,0.5490747449520423,0.7089067157557218,True,839.71
ADE_val_00001689,1554,robust_no_spatial_prior,"building, edifice",388318,0.6190233954721636,0.7646874000750741,True,909.03
ADE_val_00001689,1554,robust_single_box,"building, edifice",388318,0.6209546361029454,0.7661591783911085,True,852.44
ADE_val_00001689,1554,adaptive_superpixel,"building, edifice",388318,0.6067110387404584,0.7552210996397642,True,918.6
ADE_val_00000729,1571,center_color,sky,45699,0.6676312525837123,0.8006941001487358,True,7.94
ADE_val_00000729,1571,grabcut_point_box,sky,45699,0.9710686154572575,0.9853219800082754,True,190.78
ADE_val_00000729,1571,robust_superpixel,sky,45699,0.76103811488761,0.8643062389778879,True,108.75
ADE_val_00000729,1571,robust_no_color_seed,sky,45699,0.689338837559793,0.816104883441294,True,101.02
ADE_val_00000729,1571,robust_no_spatial_prior,sky,45699,0.76103811488761,0.8643062389778879,True,107.28
ADE_val_00000729,1571,robust_single_box,sky,45699,0.76103811488761,0.8643062389778879,True,102.58
ADE_val_00000729,1571,adaptive_superpixel,sky,45699,0.8070492052792938,0.8932232757375944,True,112.3
ADE_val_00000743,1583,center_color,"building, edifice",177699,0.8446147499365321,0.9157627628919186,True,28.23
ADE_val_00000743,1583,grabcut_point_box,"building, edifice",177699,0.815790204122418,0.8985511677178523,True,4301.32
ADE_val_00000743,1583,robust_superpixel,"building, edifice",177699,0.8444271709127827,0.9156524955061108,True,417.28
ADE_val_00000743,1583,robust_no_color_seed,"building, edifice",177699,0.6006189859884081,0.7504833957939292,True,389.95
ADE_val_00000743,1583,robust_no_spatial_prior,"building, edifice",177699,0.8444271709127827,0.9156524955061108,True,421.55
ADE_val_00000743,1583,robust_single_box,"building, edifice",177699,0.8444271709127827,0.9156524955061108,True,390.49
ADE_val_00000743,1583,adaptive_superpixel,"building, edifice",177699,0.8444332813367528,0.9156560878415183,True,427.57
ADE_val_00001751,1586,center_color,tracks,29693,0.5364557789766226,0.6983029206788317,True,9.14
ADE_val_00001751,1586,grabcut_point_box,tracks,29693,0.789723573446739,0.8825089920739547,True,712.67
ADE_val_00001751,1586,robust_superpixel,tracks,29693,0.653617901671476,0.7905307520084288,True,125.08
ADE_val_00001751,1586,robust_no_color_seed,tracks,29693,0.7033611837489636,0.8258509005129742,True,116.12
ADE_val_00001751,1586,robust_no_spatial_prior,tracks,29693,0.5928981836995888,0.7444269693654267,True,124.07
ADE_val_00001751,1586,robust_single_box,tracks,29693,0.653617901671476,0.7905307520084288,True,124.85
ADE_val_00001751,1586,adaptive_superpixel,tracks,29693,0.6836943085935401,0.8121359145825686,True,137.69
ADE_val_00000757,1593,center_color,"building, edifice",21906,0.48708880177262653,0.6550904037364967,True,5.6
ADE_val_00000757,1593,grabcut_point_box,"building, edifice",21906,0.9277077326907354,0.9624983258181169,True,128.97
ADE_val_00000757,1593,robust_superpixel,"building, edifice",21906,0.7761162235855488,0.8739475641056393,True,74.36
ADE_val_00000757,1593,robust_no_color_seed,"building, edifice",21906,0.663024984328826,0.797372247051855,True,69.14
ADE_val_00000757,1593,robust_no_spatial_prior,"building, edifice",21906,0.6120674961649907,0.759357157961514,True,73.48
ADE_val_00000757,1593,robust_single_box,"building, edifice",21906,0.7761162235855488,0.8739475641056393,True,68.93
ADE_val_00000757,1593,adaptive_superpixel,"building, edifice",21906,0.8309193149867939,0.9076525745131343,True,77.34
ADE_val_00000759,1595,center_color,sky,37575,0.9493964716805943,0.9740414384377233,True,5.34
ADE_val_00000759,1595,grabcut_point_box,sky,37575,0.8357858409624694,0.9105483028720627,True,432.17
ADE_val_00000759,1595,robust_superpixel,sky,37575,0.9495634309193631,0.9741293008061541,True,69.83
ADE_val_00000759,1595,robust_no_color_seed,sky,37575,0.7369028265771671,0.8485251049183298,True,63.84
ADE_val_00000759,1595,robust_no_spatial_prior,sky,37575,0.9460188587138049,0.9722607306478658,True,71.44
ADE_val_00000759,1595,robust_single_box,sky,37575,0.958169632539866,0.9786380266729612,True,67.84
ADE_val_00000759,1595,adaptive_superpixel,sky,37575,0.9560479196187041,0.9775301617406881,True,72.0
ADE_val_00000760,1596,center_color,sky,24588,0.6869790493354359,0.8144488215263403,True,5.6
ADE_val_00000760,1596,grabcut_point_box,sky,24588,0.5770764198916132,0.7318306362494134,True,318.73
ADE_val_00000760,1596,robust_superpixel,sky,24588,0.6686908474205372,0.8014556422529671,True,72.71
ADE_val_00000760,1596,robust_no_color_seed,sky,24588,0.5935736455981941,0.7449591642504593,True,66.93
ADE_val_00000760,1596,robust_no_spatial_prior,sky,24588,0.6801714063108687,0.8096452585207512,True,70.11
ADE_val_00000760,1596,robust_single_box,sky,24588,0.6686908474205372,0.8014556422529671,True,67.42
ADE_val_00000760,1596,adaptive_superpixel,sky,24588,0.6705608117372823,0.8027972487154653,True,72.94
ADE_val_00000766,1602,center_color,"building, edifice",41491,0.33611371993441685,0.5031214258482654,True,5.53
ADE_val_00000766,1602,grabcut_point_box,"building, edifice",41491,0.8626786786786786,0.9262775040627338,True,378.79
ADE_val_00000766,1602,robust_superpixel,"building, edifice",41491,0.6257461676827812,0.7697956546004641,True,73.36
ADE_val_00000766,1602,robust_no_color_seed,"building, edifice",41491,0.7254363789575057,0.8408729383529149,True,68.77
ADE_val_00000766,1602,robust_no_spatial_prior,"building, edifice",41491,0.6256984129510832,0.7697595174682751,True,73.72
ADE_val_00000766,1602,robust_single_box,"building, edifice",41491,0.6257461676827812,0.7697956546004641,True,69.23
ADE_val_00000766,1602,adaptive_superpixel,"building, edifice",41491,0.6214959965616593,0.7665711144270793,True,76.9
ADE_val_00000767,1603,center_color,"building, edifice",31545,0.8743250791286539,0.9329492400913877,True,5.78
ADE_val_00000767,1603,grabcut_point_box,"building, edifice",31545,0.96232759425885,0.9808021831566922,True,139.42
ADE_val_00000767,1603,robust_superpixel,"building, edifice",31545,0.9012966064892363,0.9480862727183738,True,74.27
ADE_val_00000767,1603,robust_no_color_seed,"building, edifice",31545,0.5774674646148,0.7321450078284957,True,68.56
ADE_val_00000767,1603,robust_no_spatial_prior,"building, edifice",31545,0.9012655871952354,0.9480691106651656,True,72.37
ADE_val_00000767,1603,robust_single_box,"building, edifice",31545,0.9012966064892363,0.9480862727183738,True,69.58
ADE_val_00000767,1603,adaptive_superpixel,"building, edifice",31545,0.9081237011073544,0.9518499252227063,True,74.08
ADE_val_00001761,1613,center_color,sky,32626,0.9413309982486865,0.9697789806044204,True,5.28
ADE_val_00001761,1613,grabcut_point_box,sky,32626,0.7437543248466917,0.8530494396475048,True,800.37
ADE_val_00001761,1613,robust_superpixel,sky,32626,0.7818369850164747,0.8775628652800086,True,70.89
ADE_val_00001761,1613,robust_no_color_seed,sky,32626,0.607954261746642,0.7561835261237482,True,66.75
ADE_val_00001761,1613,robust_no_spatial_prior,sky,32626,0.8224640438322807,0.9025846590671844,True,71.51
ADE_val_00001761,1613,robust_single_box,sky,32626,0.7818369850164747,0.8775628652800086,True,67.75
ADE_val_00001761,1613,adaptive_superpixel,sky,32626,0.7863483540139806,0.8803975464774619,True,71.29
ADE_val_00000777,1624,center_color,"road, route",713485,0.6464815698263721,0.7852885591601807,True,139.96
ADE_val_00000777,1624,grabcut_point_box,"road, route",713485,0.7771073332999792,0.8745755742923401,True,20486.33
ADE_val_00000777,1624,robust_superpixel,"road, route",713485,0.7420847942128385,0.8519502571608745,True,2240.54
ADE_val_00000777,1624,robust_no_color_seed,"road, route",713485,0.5767977396928007,0.7316065024359752,True,2122.37
ADE_val_00000777,1624,robust_no_spatial_prior,"road, route",713485,0.7420847942128385,0.8519502571608745,True,2261.98
ADE_val_00000777,1624,robust_single_box,"road, route",713485,0.7420847942128385,0.8519502571608745,True,2095.11
ADE_val_00000777,1624,adaptive_superpixel,"road, route",713485,0.7732941355773797,0.8721555212560349,True,2229.63
ADE_val_00000778,1625,center_color,"building, edifice",1635882,0.0803427092449538,0.14873559761625074,True,237.05
ADE_val_00000778,1625,grabcut_point_box,"building, edifice",1635882,0.7852241445317485,0.8796924990477396,True,29546.69
ADE_val_00000778,1625,robust_superpixel,"building, edifice",1635882,0.12656228720373416,0.22468759808723454,True,3863.6
ADE_val_00000778,1625,robust_no_color_seed,"building, edifice",1635882,0.06810271156477056,0.12752090379959824,True,3664.23
ADE_val_00000778,1625,robust_no_spatial_prior,"building, edifice",1635882,0.08440396891945454,0.15566886757811885,True,3890.48
ADE_val_00000778,1625,robust_single_box,"building, edifice",1635882,0.12656228720373416,0.22468759808723454,True,3624.34
ADE_val_00000778,1625,adaptive_superpixel,"building, edifice",1635882,0.08465558380455142,0.15609670953356905,True,3900.34
ADE_val_00000787,1634,center_color,"sidewalk, pavement",1004347,0.8140238147199684,0.897478641806728,True,261.16
ADE_val_00000787,1634,grabcut_point_box,"sidewalk, pavement",1004347,0.8799269022887196,0.9361288475817345,True,18231.25
ADE_val_00000787,1634,robust_superpixel,"sidewalk, pavement",1004347,0.7998027348206006,0.8887671069133282,True,4471.05
ADE_val_00000787,1634,robust_no_color_seed,"sidewalk, pavement",1004347,0.531192352096716,0.6938283767801419,True,4260.37
ADE_val_00000787,1634,robust_no_spatial_prior,"sidewalk, pavement",1004347,0.8248437238351284,0.9040157390591455,True,4314.92
ADE_val_00000787,1634,robust_single_box,"sidewalk, pavement",1004347,0.7998027348206006,0.8887671069133282,True,4025.94
ADE_val_00000787,1634,adaptive_superpixel,"sidewalk, pavement",1004347,0.800570062132182,0.8892406676851781,True,4338.05
ADE_val_00000806,1653,center_color,sky,823310,0.6762054277881229,0.8068288248898299,True,229.76
ADE_val_00000806,1653,grabcut_point_box,sky,823310,0.4951031733595837,0.6622996756097549,True,16709.85
ADE_val_00000806,1653,robust_superpixel,sky,823310,0.6569796983465569,0.792984608081963,True,4032.11
ADE_val_00000806,1653,robust_no_color_seed,sky,823310,0.5272455521506654,0.6904528893971226,True,3847.32
ADE_val_00000806,1653,robust_no_spatial_prior,sky,823310,0.6771457661988685,0.8074978094880461,True,4012.26
ADE_val_00000806,1653,robust_single_box,sky,823310,0.6569796983465569,0.792984608081963,True,3638.78
ADE_val_00000806,1653,adaptive_superpixel,sky,823310,0.6476913192307276,0.7861804109438667,True,4181.71
ADE_val_00000820,1667,center_color,"building, edifice",2349221,0.8116631167668327,0.8960419950651305,True,282.54
ADE_val_00000820,1667,grabcut_point_box,"building, edifice",2349221,0.6793241337669927,0.8090446866182528,True,14951.51
ADE_val_00000820,1667,robust_superpixel,"building, edifice",2349221,0.7887057161895773,0.8818730873960999,True,4409.13
ADE_val_00000820,1667,robust_no_color_seed,"building, edifice",2349221,0.7098862985601669,0.8303315830507986,True,4198.02
ADE_val_00000820,1667,robust_no_spatial_prior,"building, edifice",2349221,0.8122928983492157,0.8964256264416401,True,4576.77
ADE_val_00000820,1667,robust_single_box,"building, edifice",2349221,0.771847902178575,0.8712349420393812,True,4289.4
ADE_val_00000820,1667,adaptive_superpixel,"building, edifice",2349221,0.7675992773368926,0.8685218275189341,True,4368.42
ADE_val_00000846,1693,center_color,"building, edifice",1444247,0.7625144196612038,0.8652575106963116,True,231.53
ADE_val_00000846,1693,grabcut_point_box,"building, edifice",1444247,0.9454722926227824,0.9719719948806332,True,24747.49
ADE_val_00000846,1693,robust_superpixel,"building, edifice",1444247,0.8703954563743764,0.9307074110002104,True,3939.46
ADE_val_00000846,1693,robust_no_color_seed,"building, edifice",1444247,0.5915717868553956,0.7433805898560373,True,3626.64
ADE_val_00000846,1693,robust_no_spatial_prior,"building, edifice",1444247,0.7636203908452557,0.8659691108235293,True,3939.12
ADE_val_00000846,1693,robust_single_box,"building, edifice",1444247,0.8703954563743764,0.9307074110002104,True,3658.42
ADE_val_00000846,1693,adaptive_superpixel,"building, edifice",1444247,0.8572904030871331,0.9231624754665941,True,3986.35
ADE_val_00000858,1705,center_color,"road, route",769017,0.7884444352386341,0.8817097357944264,True,264.95
ADE_val_00000858,1705,grabcut_point_box,"road, route",769017,0.9640042446909011,0.9816722619584949,True,4249.14
ADE_val_00000858,1705,robust_superpixel,"road, route",769017,0.878920498820776,0.93555900781581,True,4553.74
ADE_val_00000858,1705,robust_no_color_seed,"road, route",769017,0.33016295163965537,0.4964248195796952,True,4273.85
ADE_val_00000858,1705,robust_no_spatial_prior,"road, route",769017,0.878920498820776,0.93555900781581,True,4431.04
ADE_val_00000858,1705,robust_single_box,"road, route",769017,0.878920498820776,0.93555900781581,True,4186.12
ADE_val_00000858,1705,adaptive_superpixel,"road, route",769017,0.8834812267258758,0.9381364827953858,True,4391.73
ADE_val_00000860,1707,center_color,"road, route",1118952,0.8997456660089216,0.947227496930314,True,256.33
ADE_val_00000860,1707,grabcut_point_box,"road, route",1118952,0.9697665422080038,0.9846512481839061,True,6782.2
ADE_val_00000860,1707,robust_superpixel,"road, route",1118952,0.9114873272643919,0.9536943449882651,True,4328.93
ADE_val_00000860,1707,robust_no_color_seed,"road, route",1118952,0.49249029448984405,0.6599577850630979,True,4105.6
ADE_val_00000860,1707,robust_no_spatial_prior,"road, route",1118952,0.9114167793454484,0.9536557272010103,True,4320.13
ADE_val_00000860,1707,robust_single_box,"road, route",1118952,0.9114873272643919,0.9536943449882651,True,4037.39
ADE_val_00000860,1707,adaptive_superpixel,"road, route",1118952,0.9168072388322568,0.9565982642999484,True,4269.39
ADE_val_00000863,1710,center_color,"road, route",19429,0.7668729594074363,0.8680567047272326,True,5.55
ADE_val_00000863,1710,grabcut_point_box,"road, route",19429,0.7185448881966848,0.8362247540134645,True,219.33
ADE_val_00000863,1710,robust_superpixel,"road, route",19429,0.7271729854931123,0.8420383963862225,True,69.57
ADE_val_00000863,1710,robust_no_color_seed,"road, route",19429,0.5596443060279473,0.7176563321071991,True,65.03
ADE_val_00000863,1710,robust_no_spatial_prior,"road, route",19429,0.7271729854931123,0.8420383963862225,True,69.89
ADE_val_00000863,1710,robust_single_box,"road, route",19429,0.7271729854931123,0.8420383963862225,True,67.42
ADE_val_00000863,1710,adaptive_superpixel,"road, route",19429,0.7505381487682372,0.8574941931957918,True,72.87
ADE_val_00001785,1734,center_color,"building, edifice",1757562,0.7070577804969933,0.8283934950240996,True,146.86
ADE_val_00001785,1734,grabcut_point_box,"building, edifice",1757562,0.7261961021477162,0.8413830864803717,True,13203.89
ADE_val_00001785,1734,robust_superpixel,"building, edifice",1757562,0.8603773478018258,0.9249492838841815,True,2237.66
ADE_val_00001785,1734,robust_no_color_seed,"building, edifice",1757562,0.6597679057694693,0.7950122465629922,True,2076.69
ADE_val_00001785,1734,robust_no_spatial_prior,"building, edifice",1757562,0.7323884059448849,0.8455244833452037,True,2227.05
ADE_val_00001785,1734,robust_single_box,"building, edifice",1757562,0.8622977937531688,0.9260579018518226,True,2108.87
ADE_val_00001785,1734,adaptive_superpixel,"building, edifice",1757562,0.814784601309189,0.8979408363079584,True,2211.75
ADE_val_00001798,1747,center_color,"building, edifice",2235327,0.6167367839048155,0.7629402510596004,True,269.95
ADE_val_00001798,1747,grabcut_point_box,"building, edifice",2235327,0.8775980141222312,0.9348092696321948,True,15029.09
ADE_val_00001798,1747,robust_superpixel,"building, edifice",2235327,0.7961125691794866,0.8864840465352042,True,4333.82
ADE_val_00001798,1747,robust_no_color_seed,"building, edifice",2235327,0.6286234631443185,0.7719690614436565,True,4067.61
ADE_val_00001798,1747,robust_no_spatial_prior,"building, edifice",2235327,0.6463118450875698,0.7851633297981786,True,4362.32
ADE_val_00001798,1747,robust_single_box,"building, edifice",2235327,0.7961125691794866,0.8864840465352042,True,4073.46
ADE_val_00001798,1747,adaptive_superpixel,"building, edifice",2235327,0.799522588442529,0.8885941122134052,True,4292.88
ADE_val_00001799,1748,center_color,"building, edifice",2795835,0.14605189505103128,0.25487832738067745,True,285.66
ADE_val_00001799,1748,grabcut_point_box,"building, edifice",2795835,0.9020145016952607,0.9484833064009738,True,32363.44
ADE_val_00001799,1748,robust_superpixel,"building, edifice",2795835,0.18365175341177145,0.31031382817186137,True,4349.81
ADE_val_00001799,1748,robust_no_color_seed,"building, edifice",2795835,0.17594600539731423,0.299241639649718,True,4035.66
ADE_val_00001799,1748,robust_no_spatial_prior,"building, edifice",2795835,0.14753731890472793,0.2571372912656916,True,4337.8
ADE_val_00001799,1748,robust_single_box,"building, edifice",2795835,0.18365175341177145,0.31031382817186137,True,4119.96
ADE_val_00001799,1748,adaptive_superpixel,"building, edifice",2795835,0.17340508291798334,0.295558772400688,True,4338.72
ADE_val_00001804,1753,center_color,"building, edifice",637585,0.7820100335714099,0.8776718636136374,True,219.91
ADE_val_00001804,1753,grabcut_point_box,"building, edifice",637585,0.7760876560092569,0.8739294520553911,True,11021.7
ADE_val_00001804,1753,robust_superpixel,"building, edifice",637585,0.8091575166214501,0.894513063884596,True,3883.98
ADE_val_00001804,1753,robust_no_color_seed,"building, edifice",637585,0.4455071299961731,0.616402535485733,True,3660.81
ADE_val_00001804,1753,robust_no_spatial_prior,"building, edifice",637585,0.8091575166214501,0.894513063884596,True,3856.11
ADE_val_00001804,1753,robust_single_box,"building, edifice",637585,0.8091575166214501,0.894513063884596,True,3664.42
ADE_val_00001804,1753,adaptive_superpixel,"building, edifice",637585,0.8252666418266712,0.9042696808404601,True,3864.86
ADE_val_00001812,1761,center_color,"building, edifice",900973,0.7658621787956313,0.8674087796794779,True,258.06
ADE_val_00001812,1761,grabcut_point_box,"building, edifice",900973,0.8247218712031851,0.9039425506084168,True,9345.63
ADE_val_00001812,1761,robust_superpixel,"building, edifice",900973,0.8130745501443791,0.8969013988747812,True,4421.24
ADE_val_00001812,1761,robust_no_color_seed,"building, edifice",900973,0.5238290742446267,0.6875168391235645,True,4155.93
ADE_val_00001812,1761,robust_no_spatial_prior,"building, edifice",900973,0.8098603051529617,0.8949423365407373,True,4404.23
ADE_val_00001812,1761,robust_single_box,"building, edifice",900973,0.8130745501443791,0.8969013988747812,True,4114.43
ADE_val_00001812,1761,adaptive_superpixel,"building, edifice",900973,0.7947119809987179,0.8856150618178613,True,4369.27
ADE_val_00001818,1767,center_color,"building, edifice",2310921,0.28289186091208185,0.44102214618612934,True,275.69
ADE_val_00001818,1767,grabcut_point_box,"building, edifice",2310921,0.9615024664363955,0.9803734462625756,True,10724.81
ADE_val_00001818,1767,robust_superpixel,"building, edifice",2310921,0.5923598412800675,0.7440024872818707,True,4359.26
ADE_val_00001818,1767,robust_no_color_seed,"building, edifice",2310921,0.5138159201461235,0.6788354030475867,True,4112.32
ADE_val_00001818,1767,robust_no_spatial_prior,"building, edifice",2310921,0.38670839471400537,0.5577357088023688,True,4367.38
ADE_val_00001818,1767,robust_single_box,"building, edifice",2310921,0.5923598412800675,0.7440024872818707,True,4093.78
ADE_val_00001818,1767,adaptive_superpixel,"building, edifice",2310921,0.7314520832964004,0.8449001740825952,True,4334.39
ADE_val_00001831,1780,center_color,"road, route",1281582,0.6990670583026198,0.8228834228602994,True,264.45
ADE_val_00001831,1780,grabcut_point_box,"road, route",1281582,0.9476965211097995,0.9731459812535898,True,6448.95
ADE_val_00001831,1780,robust_superpixel,"road, route",1281582,0.7585561230535132,0.8627033429406565,True,4347.94
ADE_val_00001831,1780,robust_no_color_seed,"road, route",1281582,0.42686929123536377,0.5983299155114429,True,4104.15
ADE_val_00001831,1780,robust_no_spatial_prior,"road, route",1281582,0.7432546866560089,0.8527207095387239,True,4384.62
ADE_val_00001831,1780,robust_single_box,"road, route",1281582,0.7585561230535132,0.8627033429406565,True,4064.84
ADE_val_00001831,1780,adaptive_superpixel,"road, route",1281582,0.7772004666252373,0.8746345516114784,True,4301.51
ADE_val_00001834,1783,center_color,"building, edifice",1251936,0.7241077653834416,0.8399797041948825,True,222.84
ADE_val_00001834,1783,grabcut_point_box,"building, edifice",1251936,0.7866134055066022,0.8805636441349263,True,30832.56
ADE_val_00001834,1783,robust_superpixel,"building, edifice",1251936,0.8000498101755732,0.8889196350600298,True,3813.1
ADE_val_00001834,1783,robust_no_color_seed,"building, edifice",1251936,0.5498233463711985,0.7095303444209572,True,3597.53
ADE_val_00001834,1783,robust_no_spatial_prior,"building, edifice",1251936,0.7350875021811168,0.8473203815450973,True,3825.35
ADE_val_00001834,1783,robust_single_box,"building, edifice",1251936,0.820698869586396,0.9015207108606953,True,3570.98
ADE_val_00001834,1783,adaptive_superpixel,"building, edifice",1251936,0.8582835259084965,0.92373796995148,True,3784.89
ADE_val_00001847,1796,center_color,"road, route",708491,0.5744700122338274,0.7297312845212981,True,135.28
ADE_val_00001847,1796,grabcut_point_box,"road, route",708491,0.9328991988327006,0.9652848936934619,True,14374.24
ADE_val_00001847,1796,robust_superpixel,"road, route",708491,0.8109656605072312,0.8956168282948985,True,2233.68
ADE_val_00001847,1796,robust_no_color_seed,"road, route",708491,0.4695754780230095,0.6390627566196464,True,2111.36
ADE_val_00001847,1796,robust_no_spatial_prior,"road, route",708491,0.7124602932911446,0.83208970868677,True,2248.21
ADE_val_00001847,1796,robust_single_box,"road, route",708491,0.8109656605072312,0.8956168282948985,True,2098.11
ADE_val_00001847,1796,adaptive_superpixel,"road, route",708491,0.832391925842502,0.9085304449371906,True,2230.41
ADE_val_00001850,1799,center_color,"building, edifice",1822663,0.6743976975907904,0.8055406413436288,True,233.13
ADE_val_00001850,1799,grabcut_point_box,"building, edifice",1822663,0.8806738488090667,0.9365513848844677,True,13078.14
ADE_val_00001850,1799,robust_superpixel,"building, edifice",1822663,0.7060855574010982,0.8277258480245121,True,3771.83
ADE_val_00001850,1799,robust_no_color_seed,"building, edifice",1822663,0.3645375799900402,0.534302001404316,True,3575.55
ADE_val_00001850,1799,robust_no_spatial_prior,"building, edifice",1822663,0.687408188142683,0.8147503289044814,True,3803.2
ADE_val_00001850,1799,robust_single_box,"building, edifice",1822663,0.7060855574010982,0.8277258480245121,True,3528.6
ADE_val_00001850,1799,adaptive_superpixel,"building, edifice",1822663,0.7049431467624504,0.8269403564583143,True,3767.79
ADE_val_00001854,1803,center_color,"building, edifice",2351737,0.7807145670237591,0.8768553719742131,True,232.69
ADE_val_00001854,1803,grabcut_point_box,"building, edifice",2351737,0.7431683656900991,0.8526638967497415,True,37352.59
ADE_val_00001854,1803,robust_superpixel,"building, edifice",2351737,0.8494284149314186,0.9185847995775684,True,3799.46
ADE_val_00001854,1803,robust_no_color_seed,"building, edifice",2351737,0.6393478522470838,0.7800026716364292,True,3590.82
ADE_val_00001854,1803,robust_no_spatial_prior,"building, edifice",2351737,0.8492960127983107,0.9185073746124356,True,3810.23
ADE_val_00001854,1803,robust_single_box,"building, edifice",2351737,0.8494284149314186,0.9185847995775684,True,3592.98
ADE_val_00001854,1803,adaptive_superpixel,"building, edifice",2351737,0.8759725126425062,0.9338862981618062,True,3776.59
ADE_val_00001865,1814,center_color,"building, edifice",15622,0.7727681583089724,0.8718208917359042,True,5.35
ADE_val_00001865,1814,grabcut_point_box,"building, edifice",15622,0.8719655903841621,0.9316042932233798,True,193.97
ADE_val_00001865,1814,robust_superpixel,"building, edifice",15622,0.8197261804973456,0.9009335462473897,True,70.38
ADE_val_00001865,1814,robust_no_color_seed,"building, edifice",15622,0.42430001266945394,0.5958014588151574,True,64.61
ADE_val_00001865,1814,robust_no_spatial_prior,"building, edifice",15622,0.8152666629358106,0.8982334987822548,True,69.52
ADE_val_00001865,1814,robust_single_box,"building, edifice",15622,0.8197261804973456,0.9009335462473897,True,65.76
ADE_val_00001865,1814,adaptive_superpixel,"building, edifice",15622,0.824612457328334,0.9038768249294565,True,71.19
ADE_val_00001873,1822,center_color,sky,17352,0.8042325514737496,0.8914954458801101,True,5.02
ADE_val_00001873,1822,grabcut_point_box,sky,17352,0.8009175188760393,0.8894549700153903,True,172.01
ADE_val_00001873,1822,robust_superpixel,sky,17352,0.7861810093146114,0.8802926525529265,True,71.02
ADE_val_00001873,1822,robust_no_color_seed,sky,17352,0.6468575896784283,0.7855659089560211,True,65.43
ADE_val_00001873,1822,robust_no_spatial_prior,sky,17352,0.7944290217851597,0.8854393371266749,True,70.58
ADE_val_00001873,1822,robust_single_box,sky,17352,0.7861810093146114,0.8802926525529265,True,67.14
ADE_val_00001873,1822,adaptive_superpixel,sky,17352,0.7790863504623453,0.8758274720728175,True,76.44
ADE_val_00000889,1832,center_color,tree,102372,0.6660778747955941,0.7995759200359265,True,17.31
ADE_val_00000889,1832,grabcut_point_box,tree,102372,0.7019777290189236,0.8248964919459514,True,754.95
ADE_val_00000889,1832,robust_superpixel,tree,102372,0.7447578934610024,0.8537091550090743,True,238.07
ADE_val_00000889,1832,robust_no_color_seed,tree,102372,0.6681796351925268,0.8010883493556272,True,227.01
ADE_val_00000889,1832,robust_no_spatial_prior,tree,102372,0.6731197664592456,0.8046283116763855,True,247.31
ADE_val_00000889,1832,robust_single_box,tree,102372,0.7447578934610024,0.8537091550090743,True,232.63
ADE_val_00000889,1832,adaptive_superpixel,tree,102372,0.7169498279297228,0.8351435974040222,True,248.96
ADE_val_00001044,1861,center_color,wall,1014068,0.5866377758366527,0.7394728460026886,True,128.72
ADE_val_00001044,1861,grabcut_point_box,wall,1014068,0.642717155691705,0.7825049534118655,True,28796.32
ADE_val_00001044,1861,robust_superpixel,wall,1014068,0.6071764931968954,0.7555816001130501,True,1851.42
ADE_val_00001044,1861,robust_no_color_seed,wall,1014068,0.5532673438847648,0.7123916511384676,True,1737.15
ADE_val_00001044,1861,robust_no_spatial_prior,wall,1014068,0.5856654476069327,0.7386998922008574,True,1860.66
ADE_val_00001044,1861,robust_single_box,wall,1014068,0.6071764931968954,0.7555816001130501,True,1740.0
ADE_val_00001044,1861,adaptive_superpixel,wall,1014068,0.6161235067702083,0.7624708188318099,True,1872.97
ADE_val_00001051,1863,center_color,wall,1687272,0.7949244941043261,0.8857470012976745,True,250.37
ADE_val_00001051,1863,grabcut_point_box,wall,1687272,0.5943433163550292,0.745565036411117,True,25976.89
ADE_val_00001051,1863,robust_superpixel,wall,1687272,0.8017287549096322,0.889954997637637,True,4249.04
ADE_val_00001051,1863,robust_no_color_seed,wall,1687272,0.005904205131122902,0.011739100206571398,True,4021.23
ADE_val_00001051,1863,robust_no_spatial_prior,wall,1687272,0.80172757912584,0.8899542732368244,True,4267.39
ADE_val_00001051,1863,robust_single_box,wall,1687272,0.8017287549096322,0.889954997637637,True,3955.57
ADE_val_00001051,1863,adaptive_superpixel,wall,1687272,0.8139198691587796,0.8974154624991695,True,4223.92
ADE_val_00000242,1871,center_color,"floor, flooring",39719,0.47975269717720087,0.6484228048272992,True,8.14
ADE_val_00000242,1871,grabcut_point_box,"floor, flooring",39719,0.569832122275119,0.7259784204813893,True,613.55
ADE_val_00000242,1871,robust_superpixel,"floor, flooring",39719,0.5167742253312971,0.681412192666212,True,106.23
ADE_val_00000242,1871,robust_no_color_seed,"floor, flooring",39719,0.3443691935849342,0.5123134258478941,True,99.63
ADE_val_00000242,1871,robust_no_spatial_prior,"floor, flooring",39719,0.4940391152273511,0.6613469623279202,True,105.68
ADE_val_00000242,1871,robust_single_box,"floor, flooring",39719,0.5167742253312971,0.681412192666212,True,100.61
ADE_val_00000242,1871,adaptive_superpixel,"floor, flooring",39719,0.6177093596059113,0.7636839781360861,True,111.46
ADE_val_00000270,1878,center_color,"floor, flooring",73884,0.6389989101252027,0.7797429347605725,True,12.11
ADE_val_00000270,1878,grabcut_point_box,"floor, flooring",73884,0.7273373670159246,0.8421485934417572,True,1701.46
ADE_val_00000270,1878,robust_superpixel,"floor, flooring",73884,0.8892430485371479,0.9413749588499946,True,157.85
ADE_val_00000270,1878,robust_no_color_seed,"floor, flooring",73884,0.7087646834427329,0.8295638250373358,True,142.73
ADE_val_00000270,1878,robust_no_spatial_prior,"floor, flooring",73884,0.7508174060979824,0.8576764241467266,True,151.87
ADE_val_00000270,1878,robust_single_box,"floor, flooring",73884,0.8892430485371479,0.9413749588499946,True,142.95
ADE_val_00000270,1878,adaptive_superpixel,"floor, flooring",73884,0.8844743753087704,0.9386961021041739,True,154.91
ADE_val_00000280,1895,center_color,ceiling,926556,0.7520124551414178,0.8584556039365797,True,221.32
ADE_val_00000280,1895,grabcut_point_box,ceiling,926556,0.766957913814669,0.8681111279655673,True,19077.03
ADE_val_00000280,1895,robust_superpixel,ceiling,926556,0.8067417845678838,0.8930349554746488,True,3812.6
ADE_val_00000280,1895,robust_no_color_seed,ceiling,926556,0.6489478595199628,0.787105372402597,True,3620.79
ADE_val_00000280,1895,robust_no_spatial_prior,ceiling,926556,0.8017658169719445,0.8899778311028185,True,3793.51
ADE_val_00000280,1895,robust_single_box,ceiling,926556,0.8067417845678838,0.8930349554746488,True,3567.76
ADE_val_00000280,1895,adaptive_superpixel,ceiling,926556,0.8007659977796071,0.8893615258917296,True,3745.22
ADE_val_00000371,1921,center_color,wall,389400,0.5329276878205773,0.69530701552956,True,54.7
ADE_val_00000371,1921,grabcut_point_box,wall,389400,0.001928608115048793,0.0038497914909868232,True,6147.42
ADE_val_00000371,1921,robust_superpixel,wall,389400,0.7752240125366657,0.8733816206428248,True,892.39
ADE_val_00000371,1921,robust_no_color_seed,wall,389400,0.6359413278276813,0.7774622683713592,True,849.39
ADE_val_00000371,1921,robust_no_spatial_prior,wall,389400,0.5508121710129786,0.7103531701755892,True,906.09
ADE_val_00000371,1921,robust_single_box,wall,389400,0.7752240125366657,0.8733816206428248,True,859.13
ADE_val_00000371,1921,adaptive_superpixel,wall,389400,0.8482591312733556,0.9179006524793399,True,906.32
ADE_val_00001401,1927,center_color,ceiling,450726,0.006316476085249131,0.012553657294415673,True,104.09
ADE_val_00001401,1927,grabcut_point_box,ceiling,450726,0.890812236822079,0.9422535135686266,True,5833.35
ADE_val_00001401,1927,robust_superpixel,ceiling,450726,0.006316476085249131,0.012553657294415673,True,1735.47
ADE_val_00001401,1927,robust_no_color_seed,ceiling,450726,0.5421162176834267,0.7030808851719307,True,1636.72
ADE_val_00001401,1927,robust_no_spatial_prior,ceiling,450726,0.006316476085249131,0.012553657294415673,True,1736.42
ADE_val_00001401,1927,robust_single_box,ceiling,450726,0.006316476085249131,0.012553657294415673,True,1614.57
ADE_val_00001401,1927,adaptive_superpixel,ceiling,450726,0.006316476085249131,0.012553657294415673,True,1731.58
ADE_val_00001545,1942,center_color,"road, route",39017,0.8040638971216155,0.8913918164478539,True,8.27
ADE_val_00001545,1942,grabcut_point_box,"road, route",39017,0.8087464558810894,0.8942618278548357,True,326.74
ADE_val_00001545,1942,robust_superpixel,"road, route",39017,0.8506453595574678,0.9192959149784125,True,108.16
ADE_val_00001545,1942,robust_no_color_seed,"road, route",39017,0.689853326227495,0.8164653292928739,True,99.24
ADE_val_00001545,1942,robust_no_spatial_prior,"road, route",39017,0.8390247233984428,0.9124670405169533,True,108.54
ADE_val_00001545,1942,robust_single_box,"road, route",39017,0.8506453595574678,0.9192959149784125,True,101.47
ADE_val_00001545,1942,adaptive_superpixel,"road, route",39017,0.8486069226268173,0.9181042354001047,True,110.65
ADE_val_00000636,1943,center_color,wall,121314,0.908214143028366,0.9518996034554232,True,31.24
ADE_val_00000636,1943,grabcut_point_box,wall,121314,0.9884669571770257,0.9942000329543582,True,788.6
ADE_val_00000636,1943,robust_superpixel,wall,121314,0.9112402085664627,0.9535590602187508,True,529.78
ADE_val_00000636,1943,robust_no_color_seed,wall,121314,0.048485747729033746,0.09248718513160792,True,510.08
ADE_val_00000636,1943,robust_no_spatial_prior,wall,121314,0.9112402085664627,0.9535590602187508,True,526.09
ADE_val_00000636,1943,robust_single_box,wall,121314,0.9112402085664627,0.9535590602187508,True,496.71
ADE_val_00000636,1943,adaptive_superpixel,wall,121314,0.9147714201854658,0.9554889012254638,True,533.09
ADE_val_00001647,1954,center_color,wall,47754,0.12166520082087365,0.21693674856246734,True,5.46
ADE_val_00001647,1954,grabcut_point_box,wall,47754,0.20697742597478747,0.3429681807141122,True,479.24
ADE_val_00001647,1954,robust_superpixel,wall,47754,0.12208401390459438,0.2176022693341296,True,70.19
ADE_val_00001647,1954,robust_no_color_seed,wall,47754,0.03959877706579554,0.07618088427837648,True,65.17
ADE_val_00001647,1954,robust_no_spatial_prior,wall,47754,0.12183272605436193,0.2172030165011573,True,69.27
ADE_val_00001647,1954,robust_single_box,wall,47754,0.12208401390459438,0.2176022693341296,True,66.2
ADE_val_00001647,1954,adaptive_superpixel,wall,47754,0.1226075302592453,0.2184334719916432,True,72.39
ADE_val_00000773,1974,center_color,ceiling,93536,0.6864897265321764,0.8141048424217353,True,22.21
ADE_val_00000773,1974,grabcut_point_box,ceiling,93536,0.755521420342404,0.8607373417238555,True,3457.28
ADE_val_00000773,1974,robust_superpixel,ceiling,93536,0.6876127212014072,0.8148939772294409,True,366.63
ADE_val_00000773,1974,robust_no_color_seed,ceiling,93536,0.5484477981712103,0.708383968537981,True,335.6
ADE_val_00000773,1974,robust_no_spatial_prior,ceiling,93536,0.6756932911912287,0.8064641599309467,True,360.83
ADE_val_00000773,1974,robust_single_box,ceiling,93536,0.6876127212014072,0.8148939772294409,True,334.96
ADE_val_00000773,1974,adaptive_superpixel,ceiling,93536,0.7141828653707704,0.8332633347333054,True,355.05
ADE_val_00000913,1993,center_color,wall,42313,0.7259013820464751,0.8411852375779928,True,6.25
ADE_val_00000913,1993,grabcut_point_box,wall,42313,0.32827293117695666,0.4942853587870385,True,784.52
ADE_val_00000913,1993,robust_superpixel,wall,42313,0.8315821598290971,0.9080478922187046,True,86.47
ADE_val_00000913,1993,robust_no_color_seed,wall,42313,0.46857939640299673,0.6381396845831993,True,79.91
ADE_val_00000913,1993,robust_no_spatial_prior,wall,42313,0.8298818502855648,0.9070332602687506,True,86.65
ADE_val_00000913,1993,robust_single_box,wall,42313,0.8315821598290971,0.9080478922187046,True,84.41
ADE_val_00000913,1993,adaptive_superpixel,wall,42313,0.8567728736832941,0.9228623337045069,True,92.78
