sample_id,class_name,method,status,error,iou,dice,latency_ms
val_000000,aeroplane,center_color,ok,,0.262385,0.415698,16.406500
val_000001,train,center_color,ok,,0.660950,0.795870,13.851600
val_000002,boat,center_color,ok,,0.269366,0.424410,12.304500
val_000003,train,center_color,ok,,0.496248,0.663323,15.030200
val_000004,person,center_color,ok,,0.392706,0.563947,18.777400
val_000005,sheep,center_color,ok,,0.624553,0.768892,14.248200
val_000006,tvmonitor,center_color,ok,,0.316638,0.480980,14.809300
val_000007,person,center_color,ok,,0.313475,0.477321,14.851300
val_000008,horse,center_color,ok,,0.343483,0.511332,17.150400
val_000009,person,center_color,ok,,0.825239,0.904253,13.937100
val_000010,sofa,center_color,ok,,0.562012,0.719600,13.472300
val_000011,cow,center_color,ok,,0.828099,0.905967,13.715600
val_000012,cow,center_color,ok,,0.595955,0.746832,19.325400
val_000013,boat,center_color,ok,,0.690582,0.816976,13.110000
val_000014,tvmonitor,center_color,ok,,0.753598,0.859488,13.207500
val_000015,bicycle,center_color,ok,,0.188934,0.317821,11.741800
val_000016,train,center_color,ok,,0.840613,0.913406,13.249500
val_000017,train,center_color,ok,,0.139867,0.245410,12.518100
val_000018,sofa,center_color,ok,,0.664267,0.798270,13.289000
val_000019,bus,center_color,ok,,0.766760,0.867984,17.114400
val_000020,sheep,center_color,ok,,0.646470,0.785280,18.427500
val_000021,bus,center_color,ok,,0.643755,0.783274,14.521900
val_000022,diningtable,center_color,ok,,0.728587,0.842986,13.145000
val_000023,horse,center_color,ok,,0.386485,0.557503,18.300600
val_000024,horse,center_color,ok,,0.221775,0.363037,23.159500
val_000025,sofa,center_color,ok,,0.538492,0.700026,12.439500
val_000026,diningtable,center_color,ok,,0.164876,0.283079,13.966100
val_000027,boat,center_color,ok,,0.806858,0.893106,9.459300
val_000028,diningtable,center_color,ok,,0.848931,0.918294,18.383100
val_000029,boat,center_color,ok,,0.883212,0.937984,12.987300
val_000030,sheep,center_color,ok,,0.563086,0.720480,12.519500
val_000031,person,center_color,ok,,0.921041,0.958898,13.709900
val_000032,sofa,center_color,ok,,0.674053,0.805295,12.894700
val_000033,person,center_color,ok,,0.345970,0.514083,13.625000
val_000034,dog,center_color,ok,,0.823527,0.903224,13.361100
val_000035,person,center_color,ok,,0.374975,0.545428,14.404800
val_000036,aeroplane,center_color,ok,,0.197673,0.330095,13.227300
val_000037,bird,center_color,ok,,0.822862,0.902824,10.460400
val_000038,cow,center_color,ok,,0.442278,0.613304,15.703500
val_000039,person,center_color,ok,,0.013628,0.026889,11.760900
val_000040,car,center_color,ok,,0.614605,0.761307,13.241400
val_000041,aeroplane,center_color,ok,,0.315493,0.479657,17.466600
val_000042,person,center_color,ok,,0.204745,0.339898,14.364400
val_000043,person,center_color,ok,,0.461552,0.631592,11.801700
val_000044,person,center_color,ok,,0.673081,0.804600,14.223700
val_000045,sofa,center_color,ok,,0.781869,0.877583,13.261700
val_000046,sofa,center_color,ok,,0.794637,0.885569,11.877600
val_000047,person,center_color,ok,,0.785061,0.879590,11.985200
val_000048,aeroplane,center_color,ok,,0.168221,0.287994,13.128600
val_000049,person,center_color,ok,,0.572748,0.728341,14.919000
val_000050,horse,center_color,ok,,0.392690,0.563930,13.135000
val_000051,bicycle,center_color,ok,,0.274811,0.431140,12.420800
val_000052,person,center_color,ok,,0.389930,0.561079,12.598100
val_000053,person,center_color,ok,,0.659642,0.794921,13.160500
val_000054,diningtable,center_color,ok,,0.393749,0.565022,14.274400
val_000055,person,center_color,ok,,0.468645,0.638200,11.316600
val_000056,person,center_color,ok,,0.745002,0.853869,14.533600
val_000057,sheep,center_color,ok,,0.629109,0.772335,17.709900
val_000058,aeroplane,center_color,ok,,0.642659,0.782462,12.649500
val_000059,dog,center_color,ok,,0.385348,0.556320,14.065100
val_000060,cat,center_color,ok,,0.491731,0.659276,14.295200
val_000061,aeroplane,center_color,ok,,0.131065,0.231755,13.647600
val_000062,horse,center_color,ok,,0.842158,0.914317,12.301000
val_000063,horse,center_color,ok,,0.506545,0.672459,18.485300
val_000064,bird,center_color,ok,,0.863123,0.926534,12.822100
val_000065,person,center_color,ok,,0.601031,0.750805,13.280800
val_000066,tvmonitor,center_color,ok,,0.515581,0.680374,12.719200
val_000067,motorbike,center_color,ok,,0.559347,0.717412,12.469900
val_000068,aeroplane,center_color,ok,,0.265753,0.419913,13.643400
val_000069,sofa,center_color,ok,,0.637046,0.778287,14.241400
val_000070,pottedplant,center_color,ok,,0.548699,0.708594,13.064600
val_000071,aeroplane,center_color,ok,,0.053277,0.101165,11.756900
val_000072,person,center_color,ok,,0.495282,0.662460,12.637400
val_000073,cow,center_color,ok,,0.474665,0.643760,12.442200
val_000074,bird,center_color,ok,,0.827976,0.905894,15.274700
val_000075,bird,center_color,ok,,0.494245,0.661531,12.468900
val_000076,person,center_color,ok,,0.269342,0.424381,14.102600
val_000077,sofa,center_color,ok,,0.709916,0.830352,6.147400
val_000078,cat,center_color,ok,,0.441953,0.612992,14.701000
val_000079,cat,center_color,ok,,0.728421,0.842874,15.312600
val_000080,bus,center_color,ok,,0.604258,0.753318,12.341800
val_000081,train,center_color,ok,,0.537815,0.699454,14.542200
val_000082,dog,center_color,ok,,0.622620,0.767425,13.696500
val_000083,sheep,center_color,ok,,0.354239,0.523156,15.254700
val_000084,aeroplane,center_color,ok,,0.885140,0.939071,14.425400
val_000085,diningtable,center_color,ok,,0.894443,0.944280,13.199000
val_000086,car,center_color,ok,,0.558082,0.716371,12.702000
val_000087,sheep,center_color,ok,,0.682317,0.811164,13.159500
val_000088,boat,center_color,ok,,0.050322,0.095822,14.258800
val_000089,person,center_color,ok,,0.747598,0.855572,12.345700
val_000090,motorbike,center_color,ok,,0.455387,0.625795,14.003800
val_000091,person,center_color,ok,,0.783797,0.878796,18.561600
val_000092,dog,center_color,ok,,0.868198,0.929450,14.175200
val_000093,cow,center_color,ok,,0.471207,0.640572,14.545700
val_000094,sofa,center_color,ok,,0.759006,0.862994,13.246600
val_000095,person,center_color,ok,,0.660935,0.795859,13.948300
val_000096,horse,center_color,ok,,0.586351,0.739245,11.342900
val_000097,car,center_color,ok,,0.541119,0.702241,11.398200
val_000098,person,center_color,ok,,0.663969,0.798055,14.011800
val_000099,bus,center_color,ok,,0.688276,0.815359,13.075800
val_000100,person,center_color,ok,,0.603923,0.753057,14.744000
val_000101,dog,center_color,ok,,0.401293,0.572747,13.386200
val_000102,boat,center_color,ok,,0.846767,0.917027,11.637700
val_000103,person,center_color,ok,,0.449891,0.620586,13.538900
val_000104,bus,center_color,ok,,0.481458,0.649979,14.036100
val_000105,car,center_color,ok,,0.726674,0.841704,10.916800
val_000106,cat,center_color,ok,,0.507363,0.673180,15.985500
val_000107,person,center_color,ok,,0.354018,0.522915,12.982800
val_000108,dog,center_color,ok,,0.331148,0.497538,13.512900
val_000109,bus,center_color,ok,,0.687260,0.814646,13.137700
val_000110,cow,center_color,ok,,0.655356,0.791801,12.466400
val_000111,bird,center_color,ok,,0.753659,0.859528,11.602900
val_000112,motorbike,center_color,ok,,0.683065,0.811692,12.906300
val_000113,dog,center_color,ok,,0.301216,0.462976,13.975500
val_000114,train,center_color,ok,,0.800321,0.889087,16.003700
val_000115,bus,center_color,ok,,0.541237,0.702341,12.533500
val_000116,pottedplant,center_color,ok,,0.840222,0.913175,11.529500
val_000117,person,center_color,ok,,0.489660,0.657412,13.342900
val_000118,boat,center_color,ok,,0.406976,0.578511,11.314400
val_000119,train,center_color,ok,,0.482204,0.650658,13.704600
val_000120,horse,center_color,ok,,0.378995,0.549669,13.219900
val_000121,person,center_color,ok,,0.522659,0.686508,11.481400
val_000122,bird,center_color,ok,,0.162516,0.279594,10.879900
val_000123,bus,center_color,ok,,0.420918,0.592459,14.703500
val_000124,sheep,center_color,ok,,0.649894,0.787801,12.944600
val_000125,diningtable,center_color,ok,,0.849807,0.918806,5.109400
val_000126,bus,center_color,ok,,0.874010,0.932770,9.781000
val_000127,cow,center_color,ok,,0.332480,0.499039,17.890600
val_000128,train,center_color,ok,,0.896108,0.945208,6.216400
val_000129,boat,center_color,ok,,0.332221,0.498747,11.340900
val_000130,dog,center_color,ok,,0.329434,0.495600,12.573300
val_000131,car,center_color,ok,,0.459880,0.630024,13.505600
val_000132,train,center_color,ok,,0.651288,0.788825,12.913000
val_000133,cat,center_color,ok,,0.771098,0.870757,15.386800
val_000134,motorbike,center_color,ok,,0.333500,0.500187,13.656300
val_000135,aeroplane,center_color,ok,,0.788222,0.881571,12.023000
val_000136,person,center_color,ok,,0.500739,0.667323,13.603900
val_000137,person,center_color,ok,,0.637742,0.778807,11.597100
val_000138,bird,center_color,ok,,0.857809,0.923463,14.499900
val_000139,dog,center_color,ok,,0.453847,0.624340,12.314300
val_000140,tvmonitor,center_color,ok,,0.744564,0.853582,12.759100
val_000141,tvmonitor,center_color,ok,,0.774885,0.873166,12.232400
val_000142,boat,center_color,ok,,0.259494,0.412061,13.675400
val_000143,motorbike,center_color,ok,,0.188754,0.317566,17.953200
val_000144,train,center_color,ok,,0.324733,0.490262,14.489200
val_000145,motorbike,center_color,ok,,0.406098,0.577624,13.564900
val_000146,person,center_color,ok,,0.671642,0.803572,13.603400
val_000147,diningtable,center_color,ok,,0.462240,0.632236,12.852300
val_000148,bottle,center_color,ok,,0.452011,0.622600,6.960700
val_000149,train,center_color,ok,,0.517905,0.682395,15.901300
val_000150,chair,center_color,ok,,0.664153,0.798188,14.380500
val_000151,horse,center_color,ok,,0.502473,0.668861,13.930000
val_000152,pottedplant,center_color,ok,,0.695443,0.820367,11.491200
val_000153,dog,center_color,ok,,0.578334,0.732841,11.627800
val_000154,train,center_color,ok,,0.386424,0.557440,12.206400
val_000155,person,center_color,ok,,0.392993,0.564243,13.603900
val_000156,person,center_color,ok,,0.227759,0.371015,13.626200
val_000157,cat,center_color,ok,,0.729643,0.843692,15.863000
val_000158,cat,center_color,ok,,0.695641,0.820505,15.170400
val_000159,person,center_color,ok,,0.808014,0.893814,15.102800
val_000160,sheep,center_color,ok,,0.541113,0.702237,13.447200
val_000161,sheep,center_color,ok,,0.867944,0.929304,13.456100
val_000162,boat,center_color,ok,,0.280319,0.437889,13.134000
val_000163,bicycle,center_color,ok,,0.145297,0.253727,14.151800
val_000164,cow,center_color,ok,,0.540070,0.701358,11.761100
val_000165,dog,center_color,ok,,0.787486,0.881110,12.302100
val_000166,motorbike,center_color,ok,,0.438609,0.609768,10.056500
val_000167,person,center_color,ok,,0.772210,0.871466,11.513800
val_000168,bottle,center_color,ok,,0.418534,0.590094,17.518500
val_000169,car,center_color,ok,,0.827641,0.905693,13.764800
val_000170,person,center_color,ok,,0.572503,0.728142,15.279100
val_000171,horse,center_color,ok,,0.461857,0.631877,12.702900
val_000172,motorbike,center_color,ok,,0.721844,0.838455,14.649100
val_000173,aeroplane,center_color,ok,,0.602564,0.752000,14.183800
val_000174,bottle,center_color,ok,,0.581060,0.735026,14.494600
val_000175,cat,center_color,ok,,0.689350,0.816113,17.510600
val_000176,sheep,center_color,ok,,0.426524,0.597991,13.496000
val_000177,aeroplane,center_color,ok,,0.396283,0.567626,11.895800
val_000178,car,center_color,ok,,0.458378,0.628613,13.776600
val_000179,aeroplane,center_color,ok,,0.254344,0.405541,12.234800
val_000180,person,center_color,ok,,0.389322,0.560449,14.824900
val_000181,train,center_color,ok,,0.323132,0.488435,13.841100
val_000182,train,center_color,ok,,0.449487,0.620202,17.666600
val_000183,dog,center_color,ok,,0.406264,0.577792,12.176500
val_000184,boat,center_color,ok,,0.491597,0.659155,14.074900
val_000185,motorbike,center_color,ok,,0.662748,0.797172,13.768700
val_000186,diningtable,center_color,ok,,0.014807,0.029181,14.822000
val_000187,pottedplant,center_color,ok,,0.171269,0.292450,12.361200
val_000188,aeroplane,center_color,ok,,0.398640,0.570040,11.237000
val_000189,diningtable,center_color,ok,,0.220684,0.361574,14.149800
val_000190,person,center_color,ok,,0.547145,0.707296,12.894300
val_000191,pottedplant,center_color,ok,,0.606239,0.754855,12.688900
val_000192,bus,center_color,ok,,0.379716,0.550426,14.933900
val_000193,sheep,center_color,ok,,0.509343,0.674920,13.708300
val_000194,bus,center_color,ok,,0.796071,0.886458,9.128500
val_000195,person,center_color,ok,,0.512994,0.678117,12.813200
val_000196,car,center_color,ok,,0.698214,0.822292,10.628100
val_000197,boat,center_color,ok,,0.841633,0.914007,11.493400
val_000198,person,center_color,ok,,0.084697,0.156168,13.732200
val_000199,diningtable,center_color,ok,,0.567481,0.724068,17.045800
val_000200,person,center_color,ok,,0.732664,0.845708,14.666000
val_000201,dog,center_color,ok,,0.627950,0.771461,14.926000
val_000202,diningtable,center_color,ok,,0.753587,0.859481,14.227800
val_000203,cat,center_color,ok,,0.662852,0.797247,13.397400
val_000204,car,center_color,ok,,0.764947,0.866821,13.295800
val_000205,chair,center_color,ok,,0.750792,0.857660,13.205600
val_000206,horse,center_color,ok,,0.438988,0.610134,11.756800
val_000207,sofa,center_color,ok,,0.820913,0.901650,12.884400
val_000208,person,center_color,ok,,0.582863,0.736467,13.395400
val_000209,bicycle,center_color,ok,,0.226448,0.369275,15.319300
val_000210,boat,center_color,ok,,0.756597,0.861435,12.390000
val_000211,chair,center_color,ok,,0.868019,0.929347,12.518100
val_000212,person,center_color,ok,,0.857538,0.923306,13.849700
val_000213,motorbike,center_color,ok,,0.446221,0.617086,14.595700
val_000214,sheep,center_color,ok,,0.767287,0.868322,13.182100
val_000215,train,center_color,ok,,0.784963,0.879529,13.859300
val_000216,person,center_color,ok,,0.453892,0.624382,15.149400
val_000217,cow,center_color,ok,,0.571170,0.727063,12.813800
val_000218,train,center_color,ok,,0.704433,0.826589,13.073100
val_000219,sheep,center_color,ok,,0.453158,0.623687,10.677300
val_000220,cow,center_color,ok,,0.669214,0.801831,11.111700
val_000221,person,center_color,ok,,0.489480,0.657250,12.118900
val_000222,horse,center_color,ok,,0.565044,0.722081,13.117500
val_000223,aeroplane,center_color,ok,,0.785630,0.879947,13.074900
val_000224,person,center_color,ok,,0.314319,0.478300,13.606700
val_000225,bird,center_color,ok,,0.581498,0.735376,15.289900
val_000226,horse,center_color,ok,,0.574290,0.729586,12.457000
val_000227,tvmonitor,center_color,ok,,0.811537,0.895965,12.744200
val_000228,sheep,center_color,ok,,0.733450,0.846232,12.967500
val_000229,train,center_color,ok,,0.364539,0.534303,13.779800
val_000230,person,center_color,ok,,0.776533,0.874212,11.646300
val_000231,tvmonitor,center_color,ok,,0.635660,0.777252,13.669200
val_000232,tvmonitor,center_color,ok,,0.383251,0.554131,12.870200
val_000233,motorbike,center_color,ok,,0.594727,0.745867,13.048300
val_000234,person,center_color,ok,,0.451484,0.622100,11.378200
val_000235,aeroplane,center_color,ok,,0.405885,0.577408,13.533700
val_000236,car,center_color,ok,,0.605023,0.753912,12.406600
val_000237,sofa,center_color,ok,,0.864671,0.927425,10.254500
val_000238,aeroplane,center_color,ok,,0.857663,0.923378,11.889500
val_000239,boat,center_color,ok,,0.631144,0.773867,14.953300
val_000240,person,center_color,ok,,0.298236,0.459448,15.337800
val_000241,person,center_color,ok,,0.598948,0.749178,15.407600
val_000242,cat,center_color,ok,,0.385853,0.556845,12.604300
val_000243,sheep,center_color,ok,,0.648769,0.786973,13.446000
val_000244,pottedplant,center_color,ok,,0.593245,0.744700,12.788900
val_000245,diningtable,center_color,ok,,0.475043,0.644107,12.767100
val_000246,motorbike,center_color,ok,,0.419092,0.590648,14.954000
val_000247,horse,center_color,ok,,0.511041,0.676409,11.378100
val_000248,person,center_color,ok,,0.441155,0.612224,13.430500
val_000249,diningtable,center_color,ok,,0.698862,0.822741,14.899000
val_000250,car,center_color,ok,,0.640958,0.781200,13.316300
val_000251,car,center_color,ok,,0.444521,0.615458,12.484600
val_000252,person,center_color,ok,,0.550408,0.710017,12.882700
val_000253,person,center_color,ok,,0.671851,0.803721,9.468200
val_000254,train,center_color,ok,,0.730714,0.844407,12.872800
val_000255,person,center_color,ok,,0.757006,0.861700,12.858300
val_000256,bird,center_color,ok,,0.737220,0.848735,12.976400
val_000257,bird,center_color,ok,,0.537166,0.698904,12.106900
val_000258,chair,center_color,ok,,0.883438,0.938112,12.825100
val_000259,person,center_color,ok,,0.351611,0.520284,13.254300
val_000260,tvmonitor,center_color,ok,,0.844076,0.915446,14.001400
val_000261,dog,center_color,ok,,0.130970,0.231607,12.971500
val_000262,horse,center_color,ok,,0.341197,0.508795,15.966600
val_000263,sofa,center_color,ok,,0.606139,0.754777,15.158900
val_000264,train,center_color,ok,,0.116816,0.209195,13.230100
val_000265,tvmonitor,center_color,ok,,0.768056,0.868814,12.571200
val_000266,dog,center_color,ok,,0.652104,0.789422,11.575000
val_000267,person,center_color,ok,,0.457816,0.628084,13.233300
val_000268,sofa,center_color,ok,,0.785334,0.879762,13.481800
val_000269,pottedplant,center_color,ok,,0.544597,0.705164,11.816600
val_000270,horse,center_color,ok,,0.628432,0.771825,11.002000
val_000271,boat,center_color,ok,,0.660540,0.795572,11.918000
val_000272,bird,center_color,ok,,0.681266,0.810420,12.209400
val_000273,person,center_color,ok,,0.634716,0.776546,12.718300
val_000274,cow,center_color,ok,,0.871513,0.931346,11.611400
val_000275,bus,center_color,ok,,0.496297,0.663367,13.460000
val_000276,horse,center_color,ok,,0.498387,0.665232,4.882200
val_000277,cat,center_color,ok,,0.640775,0.781064,13.764700
val_000278,person,center_color,ok,,0.582250,0.735977,11.643500
val_000279,person,center_color,ok,,0.442128,0.613161,17.902200
val_000280,dog,center_color,ok,,0.493522,0.660884,12.644200
val_000281,cow,center_color,ok,,0.552567,0.711810,11.869900
val_000282,dog,center_color,ok,,0.387958,0.559034,17.108500
val_000283,bus,center_color,ok,,0.868625,0.929694,11.266800
val_000284,person,center_color,ok,,0.335011,0.501885,13.370900
val_000285,motorbike,center_color,ok,,0.462505,0.632483,14.848600
val_000286,bird,center_color,ok,,0.842928,0.914771,13.661700
val_000287,car,center_color,ok,,0.411501,0.583069,6.143500
val_000288,cat,center_color,ok,,0.878396,0.935262,12.017200
val_000289,cow,center_color,ok,,0.267495,0.422085,13.358000
val_000290,horse,center_color,ok,,0.452502,0.623066,13.123800
val_000291,sofa,center_color,ok,,0.882800,0.937752,13.516600
val_000292,person,center_color,ok,,0.470286,0.639720,12.836600
val_000293,person,center_color,ok,,0.288025,0.447235,13.544600
val_000294,bird,center_color,ok,,0.598677,0.748966,13.401100
val_000295,person,center_color,ok,,0.361163,0.530668,13.392700
val_000296,cat,center_color,ok,,0.520180,0.684367,13.432200
val_000297,bus,center_color,ok,,0.280675,0.438323,12.558400
val_000298,diningtable,center_color,ok,,0.496722,0.663746,18.558900
val_000299,pottedplant,center_color,ok,,0.333751,0.500470,11.291500
val_000300,tvmonitor,center_color,ok,,0.744272,0.853390,13.281300
val_000301,bottle,center_color,ok,,0.273053,0.428974,16.154600
val_000302,sofa,center_color,ok,,0.462063,0.632070,13.413500
val_000303,dog,center_color,ok,,0.438043,0.609221,15.273900
val_000304,dog,center_color,ok,,0.901182,0.948023,6.736700
val_000305,person,center_color,ok,,0.637211,0.778410,12.700800
val_000306,sofa,center_color,ok,,0.744688,0.853664,15.111400
val_000307,person,center_color,ok,,0.417111,0.588678,14.041900
val_000308,person,center_color,ok,,0.371297,0.541527,14.329000
val_000309,person,center_color,ok,,0.617014,0.763152,12.160300
val_000310,diningtable,center_color,ok,,0.771891,0.871263,13.491900
val_000311,pottedplant,center_color,ok,,0.481740,0.650236,12.625600
val_000312,motorbike,center_color,ok,,0.738280,0.849438,12.767100
val_000313,bus,center_color,ok,,0.503196,0.669502,15.136700
val_000314,cat,center_color,ok,,0.519019,0.683361,15.072900
val_000315,bird,center_color,ok,,0.479032,0.647764,14.266500
val_000316,horse,center_color,ok,,0.516902,0.681523,11.480900
val_000317,cow,center_color,ok,,0.727030,0.841943,14.730300
val_000318,aeroplane,center_color,ok,,0.909491,0.952600,14.258800
val_000319,cat,center_color,ok,,0.685546,0.813441,11.769100
val_000320,motorbike,center_color,ok,,0.509567,0.675116,12.793900
val_000321,cow,center_color,ok,,0.494704,0.661943,12.523400
val_000322,tvmonitor,center_color,ok,,0.514765,0.679663,13.070800
val_000323,cow,center_color,ok,,0.722057,0.838598,11.811600
val_000324,bus,center_color,ok,,0.636446,0.777839,13.559600
val_000325,dog,center_color,ok,,0.021270,0.041655,14.482400
val_000326,chair,center_color,ok,,0.338792,0.506116,16.573000
val_000327,boat,center_color,ok,,0.551859,0.711223,12.262700
val_000328,bird,center_color,ok,,0.717683,0.835641,10.929300
val_000329,sofa,center_color,ok,,0.768587,0.869154,11.936600
val_000330,cat,center_color,ok,,0.804696,0.891780,13.594700
val_000331,person,center_color,ok,,0.654341,0.791060,11.688700
val_000332,person,center_color,ok,,0.578716,0.733148,14.089600
val_000333,person,center_color,ok,,0.286783,0.445737,11.292900
val_000334,person,center_color,ok,,0.414495,0.586068,11.086600
val_000335,person,center_color,ok,,0.752661,0.858878,15.350200
val_000336,dog,center_color,ok,,0.466933,0.636611,12.366300
val_000337,person,center_color,ok,,0.257235,0.409207,12.541500
val_000338,sofa,center_color,ok,,0.701430,0.824518,12.010000
val_000339,person,center_color,ok,,0.877218,0.934594,13.442800
val_000340,cat,center_color,ok,,0.266460,0.420795,14.119900
val_000341,person,center_color,ok,,0.012261,0.024226,15.404600
val_000342,pottedplant,center_color,ok,,0.513168,0.678270,15.834400
val_000343,cat,center_color,ok,,0.323120,0.488421,15.391200
val_000344,cat,center_color,ok,,0.678896,0.808741,13.205400
val_000345,person,center_color,ok,,0.348339,0.516694,12.375400
val_000346,person,center_color,ok,,0.471470,0.640815,13.654300
val_000347,car,center_color,ok,,0.799613,0.888650,14.527600
val_000348,person,center_color,ok,,0.344338,0.512279,12.629500
val_000349,bird,center_color,ok,,0.717587,0.835575,13.097000
val_000350,person,center_color,ok,,0.377679,0.548283,13.663100
val_000351,sofa,center_color,ok,,0.364327,0.534076,11.788600
val_000352,horse,center_color,ok,,0.903135,0.949102,12.036100
val_000353,person,center_color,ok,,0.307307,0.470137,9.570100
val_000354,train,center_color,ok,,0.906730,0.951084,14.298200
val_000355,person,center_color,ok,,0.547243,0.707378,13.308900
val_000356,person,center_color,ok,,0.552830,0.712029,11.623500
val_000357,person,center_color,ok,,0.629297,0.772476,4.615500
val_000358,person,center_color,ok,,0.551051,0.710552,5.213000
val_000359,person,center_color,ok,,0.380792,0.551556,15.459400
val_000360,bicycle,center_color,ok,,0.456836,0.627162,11.212800
val_000361,person,center_color,ok,,0.610853,0.758421,9.744800
val_000362,diningtable,center_color,ok,,0.479858,0.648519,16.693300
val_000363,horse,center_color,ok,,0.573722,0.729128,14.079900
val_000364,motorbike,center_color,ok,,0.262019,0.415238,12.414200
val_000365,person,center_color,ok,,0.401541,0.572999,11.892300
val_000366,motorbike,center_color,ok,,0.420373,0.591920,13.376500
val_000367,bird,center_color,ok,,0.524102,0.687752,11.723100
val_000368,cat,center_color,ok,,0.585122,0.738267,14.151500
val_000369,dog,center_color,ok,,0.631239,0.773938,13.357500
val_000370,bottle,center_color,ok,,0.042518,0.081567,13.241700
val_000371,cow,center_color,ok,,0.502495,0.668881,14.751500
val_000372,dog,center_color,ok,,0.441777,0.612822,13.586800
val_000373,person,center_color,ok,,0.533674,0.695942,12.234500
val_000374,boat,center_color,ok,,0.510362,0.675815,13.820600
val_000375,person,center_color,ok,,0.684316,0.812574,12.792600
val_000376,boat,center_color,ok,,0.896823,0.945606,13.510700
val_000377,dog,center_color,ok,,0.595846,0.746746,13.067500
val_000378,person,center_color,ok,,0.664637,0.798537,13.465300
val_000379,person,center_color,ok,,0.429812,0.601214,13.279600
val_000380,cat,center_color,ok,,0.643897,0.783379,15.184700
val_000381,boat,center_color,ok,,0.383423,0.554311,13.186100
val_000382,motorbike,center_color,ok,,0.561170,0.718910,13.889700
val_000383,person,center_color,ok,,0.315770,0.479977,15.605200
val_000384,person,center_color,ok,,0.542878,0.703721,13.277000
val_000385,person,center_color,ok,,0.724898,0.840511,13.945100
val_000386,boat,center_color,ok,,0.707250,0.828526,13.270700
val_000387,person,center_color,ok,,0.443332,0.614317,15.228000
val_000388,person,center_color,ok,,0.258333,0.410596,15.155300
val_000389,dog,center_color,ok,,0.064303,0.120835,14.715900
val_000390,person,center_color,ok,,0.370197,0.540356,13.278500
val_000391,cat,center_color,ok,,0.586526,0.739384,15.600400
val_000392,chair,center_color,ok,,0.336018,0.503015,11.411800
val_000393,dog,center_color,ok,,0.773055,0.872004,14.244200
val_000394,person,center_color,ok,,0.619088,0.764737,13.471900
val_000395,person,center_color,ok,,0.573327,0.728808,14.648100
val_000396,cat,center_color,ok,,0.350669,0.519252,14.099600
val_000397,bird,center_color,ok,,0.703571,0.825996,15.149600
val_000398,person,center_color,ok,,0.268756,0.423653,12.125400
val_000399,aeroplane,center_color,ok,,0.451358,0.621980,12.008200
val_000400,person,center_color,ok,,0.252581,0.403297,19.324000
val_000401,boat,center_color,ok,,0.674971,0.805949,12.459300
val_000402,person,center_color,ok,,0.767570,0.868503,13.307900
val_000403,cat,center_color,ok,,0.398358,0.569751,14.570400
val_000404,horse,center_color,ok,,0.365836,0.535696,12.920700
val_000405,tvmonitor,center_color,ok,,0.767978,0.868764,12.583300
val_000406,chair,center_color,ok,,0.441903,0.612944,11.636900
val_000407,person,center_color,ok,,0.446912,0.617746,13.713400
val_000408,person,center_color,ok,,0.075637,0.140637,13.190600
val_000409,cat,center_color,ok,,0.740930,0.851189,13.194300
val_000410,person,center_color,ok,,0.802018,0.890133,12.078500
val_000411,pottedplant,center_color,ok,,0.469781,0.639253,11.264000
val_000412,aeroplane,center_color,ok,,0.267522,0.422118,13.500200
val_000413,person,center_color,ok,,0.396719,0.568072,13.131900
val_000414,bird,center_color,ok,,0.279218,0.436545,10.982600
val_000415,cat,center_color,ok,,0.793601,0.884925,12.831400
val_000416,bus,center_color,ok,,0.241510,0.389059,15.895000
val_000417,car,center_color,ok,,0.607388,0.755745,15.081700
val_000418,dog,center_color,ok,,0.450921,0.621565,13.947100
val_000419,motorbike,center_color,ok,,0.477360,0.646234,12.852300
val_000420,person,center_color,ok,,0.814258,0.897621,13.366700
val_000421,bicycle,center_color,ok,,0.255187,0.406612,14.198400
val_000422,pottedplant,center_color,ok,,0.716579,0.834892,13.129400
val_000423,aeroplane,center_color,ok,,0.068971,0.129042,12.139200
val_000424,pottedplant,center_color,ok,,0.587552,0.740199,14.428200
val_000425,motorbike,center_color,ok,,0.467826,0.637441,11.520800
val_000426,bird,center_color,ok,,0.586506,0.739368,17.452300
val_000427,tvmonitor,center_color,ok,,0.430935,0.602312,12.942800
val_000428,bottle,center_color,ok,,0.206812,0.342741,14.421400
val_000429,boat,center_color,ok,,0.752961,0.859073,13.811200
val_000430,person,center_color,ok,,0.357976,0.527220,11.766600
val_000431,boat,center_color,ok,,0.644548,0.783860,12.385200
val_000432,chair,center_color,ok,,0.301502,0.463314,13.904100
val_000433,sheep,center_color,ok,,0.100563,0.182749,11.582900
val_000434,person,center_color,ok,,0.627832,0.771372,13.508000
val_000435,cat,center_color,ok,,0.362439,0.532044,14.538300
val_000436,tvmonitor,center_color,ok,,0.932287,0.964957,11.689500
val_000437,cat,center_color,ok,,0.147167,0.256575,14.744800
val_000438,diningtable,center_color,ok,,0.364048,0.533776,14.787000
val_000439,cow,center_color,ok,,0.463354,0.633277,15.015700
val_000440,horse,center_color,ok,,0.622155,0.767072,14.562800
val_000441,dog,center_color,ok,,0.817620,0.899660,15.005500
val_000442,person,center_color,ok,,0.576031,0.730989,13.910900
val_000443,train,center_color,ok,,0.683305,0.811861,13.270900
val_000444,dog,center_color,ok,,0.405451,0.576970,14.818300
val_000445,person,center_color,ok,,0.447738,0.618535,11.090200
val_000446,dog,center_color,ok,,0.510188,0.675661,13.524300
val_000447,person,center_color,ok,,0.529029,0.691981,18.220400
val_000448,car,center_color,ok,,0.697583,0.821854,15.900200
val_000449,tvmonitor,center_color,ok,,0.740454,0.850875,14.167200
val_000450,tvmonitor,center_color,ok,,0.442192,0.613222,14.184400
val_000451,boat,center_color,ok,,0.670318,0.802623,11.223700
val_000452,person,center_color,ok,,0.550203,0.709846,12.548300
val_000453,train,center_color,ok,,0.293721,0.454071,12.231100
val_000454,person,center_color,ok,,0.661619,0.796354,7.163800
val_000455,bird,center_color,ok,,0.404206,0.575708,13.331700
val_000456,pottedplant,center_color,ok,,0.692466,0.818292,11.170000
val_000457,bus,center_color,ok,,0.604124,0.753213,13.022100
val_000458,aeroplane,center_color,ok,,0.315593,0.479773,13.228900
val_000459,person,center_color,ok,,0.423010,0.594528,13.808700
val_000460,dog,center_color,ok,,0.624534,0.768877,15.445700
val_000461,bicycle,center_color,ok,,0.164862,0.283058,17.229500
val_000462,person,center_color,ok,,0.375642,0.546133,8.668000
val_000463,car,center_color,ok,,0.677148,0.807500,8.972300
val_000464,aeroplane,center_color,ok,,0.330516,0.496824,13.204100
val_000465,horse,center_color,ok,,0.202971,0.337449,12.097600
val_000466,person,center_color,ok,,0.402007,0.573474,14.108500
val_000467,horse,center_color,ok,,0.689316,0.816089,11.094800
val_000468,diningtable,center_color,ok,,0.765517,0.867188,15.584000
val_000469,person,center_color,ok,,0.609916,0.757699,16.305000
val_000470,cat,center_color,ok,,0.281663,0.439527,15.701400
val_000471,person,center_color,ok,,0.584538,0.737803,13.846300
val_000472,person,center_color,ok,,0.455943,0.626320,14.394600
val_000473,dog,center_color,ok,,0.266997,0.421464,12.118600
val_000474,car,center_color,ok,,0.899320,0.946992,16.592600
val_000475,person,center_color,ok,,0.411564,0.583132,14.004400
val_000476,sofa,center_color,ok,,0.942371,0.970330,12.590700
val_000477,person,center_color,ok,,0.369880,0.540018,15.447200
val_000478,bus,center_color,ok,,0.507139,0.672983,9.039700
val_000479,horse,center_color,ok,,0.498018,0.664903,15.487100
val_000480,chair,center_color,ok,,0.129019,0.228550,13.261900
val_000481,car,center_color,ok,,0.491861,0.659393,13.981100
val_000482,person,center_color,ok,,0.448320,0.619089,13.936000
val_000483,boat,center_color,ok,,0.285606,0.444313,14.570600
val_000484,person,center_color,ok,,0.659233,0.794624,7.860600
val_000485,aeroplane,center_color,ok,,0.193096,0.323688,11.593700
val_000486,tvmonitor,center_color,ok,,0.857658,0.923375,13.746600
val_000487,boat,center_color,ok,,0.854552,0.921573,12.860100
val_000488,aeroplane,center_color,ok,,0.719818,0.837086,11.419200
val_000489,aeroplane,center_color,ok,,0.251651,0.402110,12.414700
val_000490,car,center_color,ok,,0.793317,0.884748,12.198300
val_000491,person,center_color,ok,,0.330235,0.496506,15.194700
val_000492,person,center_color,ok,,0.269127,0.424113,14.140100
val_000493,sofa,center_color,ok,,0.782150,0.877760,13.386800
val_000494,horse,center_color,ok,,0.466541,0.636247,5.743600
val_000495,train,center_color,ok,,0.658288,0.793937,13.159900
val_000496,tvmonitor,center_color,ok,,0.701436,0.824523,13.649300
val_000497,car,center_color,ok,,0.520124,0.684318,12.349900
val_000498,motorbike,center_color,ok,,0.338561,0.505858,15.458400
val_000499,bicycle,center_color,ok,,0.301235,0.462999,12.748100
val_000500,train,center_color,ok,,0.561954,0.719552,12.794700
val_000501,horse,center_color,ok,,0.518310,0.682746,16.121600
val_000502,motorbike,center_color,ok,,0.259803,0.412450,18.244800
val_000503,sheep,center_color,ok,,0.719847,0.837106,14.520400
val_000504,pottedplant,center_color,ok,,0.288400,0.447687,12.635500
val_000505,car,center_color,ok,,0.681723,0.810743,13.008600
val_000506,sofa,center_color,ok,,0.549372,0.709155,12.820200
val_000507,person,center_color,ok,,0.537733,0.699384,10.887600
val_000508,train,center_color,ok,,0.452689,0.623243,12.538800
val_000509,chair,center_color,ok,,0.688362,0.815420,13.834800
val_000510,sheep,center_color,ok,,0.907625,0.951576,13.434800
val_000511,horse,center_color,ok,,0.216429,0.355843,12.465400
val_000512,person,center_color,ok,,0.259778,0.412419,12.531400
val_000513,bottle,center_color,ok,,0.647106,0.785749,15.261100
val_000514,horse,center_color,ok,,0.831989,0.908290,15.841200
val_000515,cow,center_color,ok,,0.886683,0.939938,15.981200
val_000516,aeroplane,center_color,ok,,0.198384,0.331086,13.712500
val_000517,horse,center_color,ok,,0.700996,0.824218,13.348000
val_000518,tvmonitor,center_color,ok,,0.911274,0.953577,12.976800
val_000519,bicycle,center_color,ok,,0.188061,0.316585,14.809800
val_000520,sheep,center_color,ok,,0.625451,0.769572,13.180500
val_000521,tvmonitor,center_color,ok,,0.565803,0.722700,12.438900
val_000522,bicycle,center_color,ok,,0.259004,0.411442,11.407100
val_000523,motorbike,center_color,ok,,0.639264,0.779940,12.574900
val_000524,tvmonitor,center_color,ok,,0.828648,0.906296,13.675800
val_000525,cow,center_color,ok,,0.739542,0.850272,14.445200
val_000526,cow,center_color,ok,,0.296252,0.457090,14.665600
val_000527,diningtable,center_color,ok,,0.418311,0.589872,11.594400
val_000528,dog,center_color,ok,,0.496067,0.663161,13.011300
val_000529,pottedplant,center_color,ok,,0.345073,0.513092,11.797000
val_000530,pottedplant,center_color,ok,,0.865884,0.928122,9.049500
val_000531,motorbike,center_color,ok,,0.427677,0.599123,9.895900
val_000532,tvmonitor,center_color,ok,,0.508278,0.673984,13.865600
val_000533,bottle,center_color,ok,,0.837533,0.911584,12.931800
val_000534,aeroplane,center_color,ok,,0.454208,0.624681,14.637000
val_000535,boat,center_color,ok,,0.023172,0.045294,17.477800
val_000536,person,center_color,ok,,0.527948,0.691055,7.117100
val_000537,motorbike,center_color,ok,,0.690273,0.816759,13.741500
val_000538,tvmonitor,center_color,ok,,0.762741,0.865404,14.720900
val_000539,person,center_color,ok,,0.381872,0.552688,13.646200
val_000540,horse,center_color,ok,,0.568770,0.725116,14.857700
val_000541,train,center_color,ok,,0.754867,0.860312,14.467200
val_000542,boat,center_color,ok,,0.062518,0.117680,12.758900
val_000543,sheep,center_color,ok,,0.383713,0.554613,13.387200
val_000544,motorbike,center_color,ok,,0.613820,0.760705,15.097400
val_000545,horse,center_color,ok,,0.493669,0.661015,14.768500
val_000546,bus,center_color,ok,,0.634377,0.776292,13.991900
val_000547,pottedplant,center_color,ok,,0.595563,0.746524,12.167900
val_000548,horse,center_color,ok,,0.390734,0.561910,14.685600
val_000549,bicycle,center_color,ok,,0.086070,0.158498,14.684800
val_000550,person,center_color,ok,,0.514148,0.679126,11.380600
val_000551,person,center_color,ok,,0.442553,0.613570,13.902700
val_000552,bottle,center_color,ok,,0.016656,0.032767,12.129900
val_000553,motorbike,center_color,ok,,0.510654,0.676070,14.258100
val_000554,diningtable,center_color,ok,,0.545940,0.706289,14.712200
val_000555,horse,center_color,ok,,0.392143,0.563366,14.062600
val_000556,train,center_color,ok,,0.824752,0.903961,13.276500
val_000557,cow,center_color,ok,,0.250102,0.400130,16.856600
val_000558,person,center_color,ok,,0.725971,0.841232,14.152900
val_000559,dog,center_color,ok,,0.561034,0.718798,11.700300
val_000560,bird,center_color,ok,,0.371290,0.541519,12.659800
val_000561,tvmonitor,center_color,ok,,0.314238,0.478206,12.903400
val_000562,aeroplane,center_color,ok,,0.433600,0.604911,14.207600
val_000563,horse,center_color,ok,,0.830971,0.907683,13.999300
val_000564,boat,center_color,ok,,0.533883,0.696120,11.811900
val_000565,car,center_color,ok,,0.702084,0.824970,13.249600
val_000566,person,center_color,ok,,0.775859,0.873785,13.521700
val_000567,cat,center_color,ok,,0.901000,0.947922,18.349300
val_000568,sheep,center_color,ok,,0.503168,0.669477,8.054300
val_000569,cat,center_color,ok,,0.892707,0.943312,12.845100
val_000570,diningtable,center_color,ok,,0.295659,0.456385,13.402700
val_000571,cat,center_color,ok,,0.779512,0.876096,12.544500
val_000572,train,center_color,ok,,0.739067,0.849958,15.366900
val_000573,person,center_color,ok,,0.631017,0.773771,12.499400
val_000574,cow,center_color,ok,,0.301627,0.463461,13.659000
val_000575,train,center_color,ok,,0.680373,0.809788,14.593200
val_000576,bus,center_color,ok,,0.475939,0.644930,12.412300
val_000577,aeroplane,center_color,ok,,0.551307,0.710765,11.175400
val_000578,person,center_color,ok,,0.464377,0.634231,11.302400
val_000579,train,center_color,ok,,0.761059,0.864320,11.690200
val_000580,sofa,center_color,ok,,0.500317,0.666948,13.987100
val_000581,sheep,center_color,ok,,0.505513,0.671549,14.406900
val_000582,person,center_color,ok,,0.370121,0.540275,13.247900
val_000583,dog,center_color,ok,,0.566439,0.723219,12.061800
val_000584,car,center_color,ok,,0.228264,0.371686,15.025400
val_000585,cow,center_color,ok,,0.878574,0.935363,11.966900
val_000586,cow,center_color,ok,,0.947062,0.972811,12.401200
val_000587,diningtable,center_color,ok,,0.459325,0.629503,12.369500
val_000588,bird,center_color,ok,,0.834487,0.909777,12.564500
val_000589,cow,center_color,ok,,0.744832,0.853758,13.678700
val_000590,boat,center_color,ok,,0.779307,0.875967,13.514700
val_000591,chair,center_color,ok,,0.682236,0.811106,13.571200
val_000592,person,center_color,ok,,0.814713,0.897898,14.598700
val_000593,cow,center_color,ok,,0.353388,0.522227,12.813100
val_000594,aeroplane,center_color,ok,,0.689949,0.816532,9.893200
val_000595,dog,center_color,ok,,0.317204,0.481632,13.211700
val_000596,horse,center_color,ok,,0.798590,0.888018,12.896700
val_000597,person,center_color,ok,,0.714926,0.833769,11.880900
val_000598,sheep,center_color,ok,,0.548511,0.708437,12.922300
val_000599,bird,center_color,ok,,0.663548,0.797750,13.301100
val_000600,aeroplane,center_color,ok,,0.477995,0.646816,8.158000
val_000601,dog,center_color,ok,,0.556188,0.714808,14.339200
val_000602,chair,center_color,ok,,0.891090,0.942409,14.062600
val_000603,cat,center_color,ok,,0.405480,0.576998,13.514300
val_000604,cow,center_color,ok,,0.851884,0.920018,10.980100
val_000605,sheep,center_color,ok,,0.712131,0.831865,12.823400
val_000606,person,center_color,ok,,0.566378,0.723169,13.215400
val_000607,bus,center_color,ok,,0.728061,0.842634,13.849500
val_000608,car,center_color,ok,,0.504131,0.670329,12.635500
val_000609,bottle,center_color,ok,,0.855411,0.922072,13.860900
val_000610,sheep,center_color,ok,,0.534161,0.696356,13.510100
val_000611,person,center_color,ok,,0.577436,0.732119,12.943500
val_000612,aeroplane,center_color,ok,,0.839506,0.912752,11.922300
val_000613,horse,center_color,ok,,0.339444,0.506844,12.826600
val_000614,person,center_color,ok,,0.878206,0.935154,12.606100
val_000615,diningtable,center_color,ok,,0.571122,0.727024,13.800400
val_000616,sofa,center_color,ok,,0.601871,0.751460,13.276300
val_000617,motorbike,center_color,ok,,0.548581,0.708495,12.617700
val_000618,train,center_color,ok,,0.209692,0.346687,12.087200
val_000619,bus,center_color,ok,,0.793529,0.884880,14.362400
val_000620,bird,center_color,ok,,0.125044,0.222292,13.494700
val_000621,horse,center_color,ok,,0.321367,0.486416,14.187600
val_000622,bus,center_color,ok,,0.428143,0.599580,14.509100
val_000623,person,center_color,ok,,0.494466,0.661729,14.697200
val_000624,diningtable,center_color,ok,,0.687636,0.814910,12.692000
val_000625,horse,center_color,ok,,0.648952,0.787109,12.930200
val_000626,horse,center_color,ok,,0.800379,0.889123,14.877600
val_000627,horse,center_color,ok,,0.586096,0.739042,12.906900
val_000628,pottedplant,center_color,ok,,0.472998,0.642225,12.870300
val_000629,bus,center_color,ok,,0.197445,0.329778,13.800100
val_000630,bicycle,center_color,ok,,0.180430,0.305703,13.394000
val_000631,bus,center_color,ok,,0.485404,0.653565,16.605800
val_000632,bicycle,center_color,ok,,0.093784,0.171486,13.988600
val_000633,bird,center_color,ok,,0.533592,0.695872,12.603200
val_000634,horse,center_color,ok,,0.655480,0.791891,7.935800
val_000635,cat,center_color,ok,,0.777252,0.874667,11.609500
val_000636,train,center_color,ok,,0.494207,0.661498,14.019300
val_000637,aeroplane,center_color,ok,,0.431617,0.602979,12.509900
val_000638,bird,center_color,ok,,0.757889,0.862272,13.094800
val_000639,sheep,center_color,ok,,0.856725,0.922834,12.402600
val_000640,motorbike,center_color,ok,,0.214820,0.353666,12.166100
val_000641,cat,center_color,ok,,0.387478,0.558536,13.355900
val_000642,sofa,center_color,ok,,0.718480,0.836181,15.418200
val_000643,sofa,center_color,ok,,0.821281,0.901872,12.982500
val_000644,bottle,center_color,ok,,0.495649,0.662788,12.654300
val_000645,tvmonitor,center_color,ok,,0.660560,0.795587,10.695700
val_000646,bicycle,center_color,ok,,0.094589,0.172830,14.200500
val_000647,dog,center_color,ok,,0.376687,0.547237,12.131300
val_000648,bottle,center_color,ok,,0.468055,0.637654,13.133100
val_000649,aeroplane,center_color,ok,,0.376683,0.547233,13.898900
val_000650,cow,center_color,ok,,0.693672,0.819134,15.730600
val_000651,sofa,center_color,ok,,0.847933,0.917710,15.198700
val_000652,person,center_color,ok,,0.686591,0.814176,13.276100
val_000653,bird,center_color,ok,,0.403708,0.575202,12.588600
val_000654,bus,center_color,ok,,0.794966,0.885773,12.644300
val_000655,bicycle,center_color,ok,,0.195602,0.327202,12.657200
val_000656,bicycle,center_color,ok,,0.286951,0.445939,15.598900
val_000657,aeroplane,center_color,ok,,0.320998,0.485993,12.744600
val_000658,tvmonitor,center_color,ok,,0.577306,0.732015,12.823200
val_000659,horse,center_color,ok,,0.378094,0.548721,13.392800
val_000660,person,center_color,ok,,0.851227,0.919636,15.661300
val_000661,boat,center_color,ok,,0.477075,0.645973,14.023100
val_000662,bus,center_color,ok,,0.172591,0.294376,11.956600
val_000663,aeroplane,center_color,ok,,0.229110,0.372806,12.928200
val_000664,boat,center_color,ok,,0.692463,0.818290,13.054100
val_000665,bus,center_color,ok,,0.454913,0.625348,14.275000
val_000666,car,center_color,ok,,0.701376,0.824481,14.776100
val_000667,boat,center_color,ok,,0.561611,0.719272,14.059100
val_000668,sofa,center_color,ok,,0.691804,0.817830,4.773900
val_000669,pottedplant,center_color,ok,,0.305383,0.467883,14.325700
val_000670,car,center_color,ok,,0.505672,0.671690,15.312800
val_000671,bicycle,center_color,ok,,0.323857,0.489263,14.657900
val_000672,bird,center_color,ok,,0.671088,0.803175,16.671300
val_000673,train,center_color,ok,,0.352452,0.521205,14.091500
val_000674,cow,center_color,ok,,0.602668,0.752081,13.182600
val_000675,bird,center_color,ok,,0.382327,0.553164,13.449000
val_000676,sheep,center_color,ok,,0.556110,0.714744,14.076000
val_000677,person,center_color,ok,,0.660895,0.795830,13.815000
val_000678,horse,center_color,ok,,0.397158,0.568523,13.329600
val_000679,train,center_color,ok,,0.470088,0.639537,13.327000
val_000680,cat,center_color,ok,,0.512268,0.677483,15.694600
val_000681,boat,center_color,ok,,0.351662,0.520340,13.269800
val_000682,horse,center_color,ok,,0.714418,0.833424,10.423100
val_000683,motorbike,center_color,ok,,0.508040,0.673775,11.593600
val_000684,cow,center_color,ok,,0.333823,0.500551,12.951000
val_000685,sofa,center_color,ok,,0.726129,0.841338,10.930800
val_000686,cow,center_color,ok,,0.793069,0.884594,12.203500
val_000687,car,center_color,ok,,0.628556,0.771918,11.803500
val_000688,boat,center_color,ok,,0.831260,0.907856,11.910800
val_000689,dog,center_color,ok,,0.679707,0.809316,13.574600
val_000690,bottle,center_color,ok,,0.509929,0.675434,14.135200
val_000691,train,center_color,ok,,0.786502,0.880494,10.226000
val_000692,bird,center_color,ok,,0.553648,0.712707,12.495900
val_000693,dog,center_color,ok,,0.590273,0.742354,11.347300
val_000694,boat,center_color,ok,,0.547205,0.707347,8.616900
val_000695,sheep,center_color,ok,,0.345814,0.513910,13.313800
val_000696,horse,center_color,ok,,0.804477,0.891645,14.886700
val_000697,dog,center_color,ok,,0.439946,0.611059,14.627400
val_000698,cat,center_color,ok,,0.239790,0.386824,14.790800
val_000699,dog,center_color,ok,,0.382265,0.553099,13.005000
val_000700,bird,center_color,ok,,0.285436,0.444107,14.231200
val_000701,bird,center_color,ok,,0.546949,0.707133,12.130800
val_000702,cat,center_color,ok,,0.725271,0.840762,14.200500
val_000703,bus,center_color,ok,,0.837780,0.911731,14.335200
val_000704,bird,center_color,ok,,0.607825,0.756084,17.652700
val_000705,bird,center_color,ok,,0.725693,0.841045,14.551700
val_000706,diningtable,center_color,ok,,0.787638,0.881205,17.639200
val_000707,car,center_color,ok,,0.272959,0.428857,13.129800
val_000708,car,center_color,ok,,0.319704,0.484509,12.255400
val_000709,bottle,center_color,ok,,0.557186,0.715632,11.310000
val_000710,person,center_color,ok,,0.658204,0.793875,12.976300
val_000711,train,center_color,ok,,0.657931,0.793677,13.675900
val_000712,bird,center_color,ok,,0.848156,0.917840,17.110500
val_000713,aeroplane,center_color,ok,,0.147005,0.256328,11.475400
val_000714,train,center_color,ok,,0.077809,0.144384,13.240000
val_000715,tvmonitor,center_color,ok,,0.837142,0.911353,13.022600
val_000716,cat,center_color,ok,,0.596642,0.747371,12.785000
val_000717,cat,center_color,ok,,0.628146,0.771609,13.079000
val_000718,horse,center_color,ok,,0.523544,0.687271,18.109400
val_000719,sheep,center_color,ok,,0.742471,0.852205,13.490200
val_000720,dog,center_color,ok,,0.581479,0.735361,12.534000
val_000721,car,center_color,ok,,0.703032,0.825624,15.197600
val_000722,bird,center_color,ok,,0.403629,0.575122,14.258000
val_000723,bird,center_color,ok,,0.805857,0.892493,11.135500
val_000724,sofa,center_color,ok,,0.504300,0.670478,12.889000
val_000725,person,center_color,ok,,0.464426,0.634277,11.531100
val_000726,bird,center_color,ok,,0.416048,0.587618,14.210200
val_000727,pottedplant,center_color,ok,,0.329978,0.496215,12.337100
val_000728,dog,center_color,ok,,0.790371,0.882913,14.579000
val_000729,person,center_color,ok,,0.635681,0.777268,13.018300
val_000730,sofa,center_color,ok,,0.819613,0.900865,10.526700
val_000731,bird,center_color,ok,,0.800592,0.889254,11.126900
val_000732,sheep,center_color,ok,,0.751288,0.857984,14.123600
val_000733,sofa,center_color,ok,,0.444681,0.615612,13.962900
val_000734,bus,center_color,ok,,0.552173,0.711484,14.009100
val_000735,bus,center_color,ok,,0.540146,0.701422,13.566900
val_000736,bottle,center_color,ok,,0.299764,0.461259,11.102400
val_000737,aeroplane,center_color,ok,,0.720237,0.837369,13.448600
val_000738,aeroplane,center_color,ok,,0.575976,0.730945,14.064100
val_000739,bus,center_color,ok,,0.459016,0.629213,12.534300
val_000740,boat,center_color,ok,,0.544697,0.705248,13.390200
val_000741,sheep,center_color,ok,,0.666128,0.799612,18.132200
val_000742,dog,center_color,ok,,0.673690,0.805035,12.777700
val_000743,cow,center_color,ok,,0.466361,0.636079,12.685200
val_000744,person,center_color,ok,,0.393613,0.564881,11.496600
val_000745,sheep,center_color,ok,,0.503585,0.669845,13.610500
val_000746,tvmonitor,center_color,ok,,0.691268,0.817455,12.994500
val_000747,horse,center_color,ok,,0.536647,0.698465,11.902700
val_000748,cow,center_color,ok,,0.478420,0.647205,12.420600
val_000749,cow,center_color,ok,,0.785181,0.879665,13.565100
val_000750,dog,center_color,ok,,0.725562,0.840958,14.149600
val_000751,car,center_color,ok,,0.457879,0.628144,11.507500
val_000752,horse,center_color,ok,,0.773154,0.872066,12.827200
val_000753,cow,center_color,ok,,0.443195,0.614186,12.982800
val_000754,person,center_color,ok,,0.192972,0.323515,12.854100
val_000755,train,center_color,ok,,0.514745,0.679646,12.141000
val_000756,cow,center_color,ok,,0.764489,0.866527,14.356900
val_000757,bus,center_color,ok,,0.634605,0.776463,15.736100
val_000758,motorbike,center_color,ok,,0.450865,0.621512,18.088600
val_000759,train,center_color,ok,,0.241184,0.388635,11.451900
val_000760,cat,center_color,ok,,0.413482,0.585054,11.763000
val_000761,train,center_color,ok,,0.742953,0.852522,12.186300
val_000762,bicycle,center_color,ok,,0.135282,0.238323,14.707000
val_000763,motorbike,center_color,ok,,0.311084,0.474544,11.155300
val_000764,aeroplane,center_color,ok,,0.821293,0.901879,11.088400
val_000765,person,center_color,ok,,0.412428,0.583999,13.983600
val_000766,tvmonitor,center_color,ok,,0.682539,0.811320,14.377100
val_000767,person,center_color,ok,,0.334432,0.501235,14.548900
val_000768,motorbike,center_color,ok,,0.235814,0.381634,13.733900
val_000769,sofa,center_color,ok,,0.470368,0.639797,14.140800
val_000770,chair,center_color,ok,,0.489850,0.657583,13.873200
val_000771,dog,center_color,ok,,0.909409,0.952555,13.898000
val_000772,diningtable,center_color,ok,,0.085418,0.157392,11.502000
val_000773,bottle,center_color,ok,,0.504123,0.670321,10.022800
val_000774,cat,center_color,ok,,0.376276,0.546803,12.484300
val_000775,bus,center_color,ok,,0.418518,0.590078,12.660500
val_000776,dog,center_color,ok,,0.337587,0.504770,10.994500
val_000777,cow,center_color,ok,,0.683879,0.812266,11.415700
val_000778,tvmonitor,center_color,ok,,0.765471,0.867158,14.122700
val_000779,train,center_color,ok,,0.263826,0.417503,12.521500
val_000780,sofa,center_color,ok,,0.690710,0.817065,12.051900
val_000781,tvmonitor,center_color,ok,,0.914691,0.955445,11.966900
val_000782,person,center_color,ok,,0.344207,0.512134,13.835400
val_000783,boat,center_color,ok,,0.154758,0.268035,12.643400
val_000784,bottle,center_color,ok,,0.391119,0.562309,14.452100
val_000785,bird,center_color,ok,,0.813224,0.896992,11.331300
val_000786,car,center_color,ok,,0.880982,0.936726,11.408400
val_000787,cow,center_color,ok,,0.874549,0.933077,12.917500
val_000788,train,center_color,ok,,0.517419,0.681972,13.621500
val_000789,bottle,center_color,ok,,0.374693,0.545129,13.120900
val_000790,motorbike,center_color,ok,,0.008409,0.016678,18.169300
val_000791,boat,center_color,ok,,0.599416,0.749543,11.152100
val_000792,sofa,center_color,ok,,0.870099,0.930538,12.408700
val_000793,bottle,center_color,ok,,0.285766,0.444507,8.189300
val_000794,cat,center_color,ok,,0.389620,0.560757,13.361200
val_000795,pottedplant,center_color,ok,,0.875083,0.933381,13.344400
val_000796,aeroplane,center_color,ok,,0.350632,0.519211,14.228800
val_000797,bottle,center_color,ok,,0.897821,0.946160,11.415700
val_000798,train,center_color,ok,,0.622218,0.767120,8.917800
val_000799,aeroplane,center_color,ok,,0.063943,0.120200,11.253200
val_000800,bicycle,center_color,ok,,0.184805,0.311958,14.340900
val_000801,cat,center_color,ok,,0.537780,0.699423,13.484400
val_000802,horse,center_color,ok,,0.465653,0.635421,12.524200
val_000803,train,center_color,ok,,0.483096,0.651470,13.959000
val_000804,car,center_color,ok,,0.331606,0.498054,13.162200
val_000805,diningtable,center_color,ok,,0.678290,0.808311,15.618300
val_000806,aeroplane,center_color,ok,,0.743093,0.852614,13.184100
val_000807,boat,center_color,ok,,0.832633,0.908674,13.367400
val_000808,cow,center_color,ok,,0.597434,0.747992,12.010900
val_000809,dog,center_color,ok,,0.877401,0.934698,12.374400
val_000810,person,center_color,ok,,0.435524,0.606781,12.597900
val_000811,diningtable,center_color,ok,,0.761082,0.864334,11.800700
val_000812,boat,center_color,ok,,0.565855,0.722742,13.325500
val_000813,train,center_color,ok,,0.539903,0.701217,15.424400
val_000814,sofa,center_color,ok,,0.661064,0.795952,14.338000
val_000815,bicycle,center_color,ok,,0.098219,0.178870,15.236700
val_000816,motorbike,center_color,ok,,0.764861,0.866766,13.110600
val_000817,dog,center_color,ok,,0.282806,0.440918,13.302500
val_000818,bicycle,center_color,ok,,0.215639,0.354775,13.647100
val_000819,dog,center_color,ok,,0.763411,0.865835,15.339000
val_000820,person,center_color,ok,,0.586122,0.739063,14.467500
val_000821,bird,center_color,ok,,0.262638,0.416015,14.500500
val_000822,train,center_color,ok,,0.726032,0.841273,11.711100
val_000823,bus,center_color,ok,,0.576021,0.730981,13.294200
val_000824,train,center_color,ok,,0.487243,0.655230,12.053300
val_000825,horse,center_color,ok,,0.423754,0.595263,14.256600
val_000826,bicycle,center_color,ok,,0.148855,0.259137,11.762600
val_000827,bird,center_color,ok,,0.455796,0.626182,16.047700
val_000828,car,center_color,ok,,0.384716,0.555660,13.849600
val_000829,car,center_color,ok,,0.800977,0.889492,10.028800
val_000830,train,center_color,ok,,0.727301,0.842125,12.826300
val_000831,bird,center_color,ok,,0.523956,0.687626,14.013000
val_000832,dog,center_color,ok,,0.103466,0.187530,14.195600
val_000833,horse,center_color,ok,,0.583680,0.737118,12.158300
val_000834,person,center_color,ok,,0.721125,0.837969,14.331700
val_000835,bird,center_color,ok,,0.404876,0.576387,12.575800
val_000836,boat,center_color,ok,,0.507239,0.673071,11.874800
val_000837,diningtable,center_color,ok,,0.240952,0.388334,11.857300
val_000838,bottle,center_color,ok,,0.605139,0.754002,13.157200
val_000839,tvmonitor,center_color,ok,,0.555686,0.714394,13.776900
val_000840,cow,center_color,ok,,0.681808,0.810803,12.507700
val_000841,car,center_color,ok,,0.765198,0.866983,11.007600
val_000842,tvmonitor,center_color,ok,,0.776809,0.874387,17.593300
val_000843,sofa,center_color,ok,,0.727509,0.842264,13.172200
val_000844,cow,center_color,ok,,0.392694,0.563934,14.415100
val_000845,person,center_color,ok,,0.280267,0.437826,12.373000
val_000846,car,center_color,ok,,0.640262,0.780682,13.565100
val_000847,sofa,center_color,ok,,0.610520,0.758165,13.803100
val_000848,bird,center_color,ok,,0.250920,0.401177,14.152200
val_000849,sheep,center_color,ok,,0.719411,0.836811,13.170800
val_000850,aeroplane,center_color,ok,,0.276021,0.432628,13.591900
val_000851,bus,center_color,ok,,0.634382,0.776296,14.295000
val_000852,boat,center_color,ok,,0.386010,0.557009,13.131100
val_000853,dog,center_color,ok,,0.637509,0.778633,13.924500
val_000854,cat,center_color,ok,,0.569031,0.725328,11.780800
val_000855,cow,center_color,ok,,0.578283,0.732800,14.273800
val_000856,horse,center_color,ok,,0.480878,0.649450,12.997700
val_000857,aeroplane,center_color,ok,,0.595616,0.746566,11.386300
val_000858,dog,center_color,ok,,0.844847,0.915899,15.678800
val_000859,person,center_color,ok,,0.923541,0.960251,14.597300
val_000860,tvmonitor,center_color,ok,,0.741767,0.851741,14.125500
val_000861,bird,center_color,ok,,0.377952,0.548570,12.534700
val_000862,tvmonitor,center_color,ok,,0.285833,0.444589,12.690000
val_000863,horse,center_color,ok,,0.507720,0.673494,12.238600
val_000864,cat,center_color,ok,,0.837862,0.911779,12.455000
val_000865,dog,center_color,ok,,0.412943,0.584514,13.210900
val_000866,train,center_color,ok,,0.480794,0.649374,12.348900
val_000867,bicycle,center_color,ok,,0.170224,0.290926,14.148600
val_000868,person,center_color,ok,,0.500210,0.666854,13.208400
val_000869,bird,center_color,ok,,0.301934,0.463824,6.301300
val_000870,dog,center_color,ok,,0.446338,0.617197,12.414600
val_000871,motorbike,center_color,ok,,0.216052,0.355333,13.629200
val_000872,sheep,center_color,ok,,0.281946,0.439872,12.536800
val_000873,bus,center_color,ok,,0.679188,0.808948,14.317100
val_000874,bird,center_color,ok,,0.334424,0.501226,13.748500
val_000875,sofa,center_color,ok,,0.665235,0.798968,14.688800
val_000876,boat,center_color,ok,,0.014404,0.028398,12.753300
val_000877,diningtable,center_color,ok,,0.389561,0.560696,13.616900
val_000878,chair,center_color,ok,,0.529203,0.692129,14.068300
val_000879,person,center_color,ok,,0.595654,0.746595,15.236300
val_000880,bottle,center_color,ok,,0.514520,0.679450,13.903900
val_000881,cat,center_color,ok,,0.869599,0.930252,12.310300
val_000882,train,center_color,ok,,0.872457,0.931885,15.234200
val_000883,sofa,center_color,ok,,0.856317,0.922598,14.236700
val_000884,bottle,center_color,ok,,0.635354,0.777023,12.643100
val_000885,motorbike,center_color,ok,,0.605927,0.754613,11.142000
val_000886,car,center_color,ok,,0.594390,0.745602,12.636700
val_000887,horse,center_color,ok,,0.756011,0.861055,14.414900
val_000888,cat,center_color,ok,,0.479414,0.648113,13.077600
val_000889,dog,center_color,ok,,0.372588,0.542898,12.493300
val_000890,bird,center_color,ok,,0.889680,0.941620,12.944300
val_000891,bird,center_color,ok,,0.763471,0.865873,12.789000
val_000892,bird,center_color,ok,,0.297180,0.458194,11.238100
val_000893,bottle,center_color,ok,,0.289719,0.449275,12.005900
val_000894,dog,center_color,ok,,0.015375,0.030284,13.054200
val_000895,bus,center_color,ok,,0.713092,0.832520,11.311100
val_000896,dog,center_color,ok,,0.489407,0.657183,12.362900
val_000897,car,center_color,ok,,0.933482,0.965597,12.346100
val_000898,boat,center_color,ok,,0.349778,0.518275,11.898300
val_000899,aeroplane,center_color,ok,,0.536998,0.698762,12.747400
val_000900,sofa,center_color,ok,,0.755078,0.860449,12.784700
val_000901,cat,center_color,ok,,0.492222,0.659717,14.510500
val_000902,train,center_color,ok,,0.524654,0.688227,13.439500
val_000903,bus,center_color,ok,,0.706037,0.827692,12.921000
val_000904,motorbike,center_color,ok,,0.007812,0.015503,13.020200
val_000905,car,center_color,ok,,0.499551,0.666267,12.621600
val_000906,bus,center_color,ok,,0.412023,0.583593,14.178600
val_000907,train,center_color,ok,,0.293862,0.454241,14.234600
val_000908,motorbike,center_color,ok,,0.360397,0.529840,11.829700
val_000909,person,center_color,ok,,0.690027,0.816587,12.357600
val_000910,diningtable,center_color,ok,,0.550684,0.710247,13.610800
val_000911,bus,center_color,ok,,0.592035,0.743746,14.922900
val_000912,bicycle,center_color,ok,,0.087405,0.160759,14.432100
val_000913,bird,center_color,ok,,0.174333,0.296905,12.715100
val_000914,bird,center_color,ok,,0.526905,0.690161,10.920500
val_000915,horse,center_color,ok,,0.670946,0.803073,16.584900
val_000916,aeroplane,center_color,ok,,0.522660,0.686509,14.486600
val_000917,motorbike,center_color,ok,,0.668889,0.801598,11.878900
val_000918,sofa,center_color,ok,,0.802877,0.890662,13.528200
val_000919,person,center_color,ok,,0.412166,0.583736,11.117400
val_000920,person,center_color,ok,,0.476548,0.645490,12.947200
val_000921,motorbike,center_color,ok,,0.445354,0.616256,11.988300
val_000922,person,center_color,ok,,0.309909,0.473176,13.142600
val_000923,sheep,center_color,ok,,0.908116,0.951846,12.290900
val_000924,bird,center_color,ok,,0.509837,0.675353,12.656000
val_000925,train,center_color,ok,,0.679110,0.808893,5.010900
val_000926,bicycle,center_color,ok,,0.126308,0.224286,14.951300
val_000927,cat,center_color,ok,,0.842605,0.914580,13.023300
val_000928,aeroplane,center_color,ok,,0.591176,0.743068,11.906500
val_000929,bottle,center_color,ok,,0.456606,0.626945,12.454600
val_000930,horse,center_color,ok,,0.887166,0.940210,12.908200
val_000931,cat,center_color,ok,,0.369643,0.539765,13.864400
val_000932,train,center_color,ok,,0.798635,0.888045,11.887100
val_000933,bus,center_color,ok,,0.734645,0.847026,14.169100
val_000934,bird,center_color,ok,,0.567038,0.723707,14.655600
val_000935,bird,center_color,ok,,0.682927,0.811594,13.196100
val_000936,bottle,center_color,ok,,0.676391,0.806961,13.542200
val_000937,chair,center_color,ok,,0.338294,0.505560,13.734500
val_000938,horse,center_color,ok,,0.550093,0.709755,17.391400
val_000939,bicycle,center_color,ok,,0.293422,0.453714,13.494500
val_000940,person,center_color,ok,,0.651358,0.788876,11.698500
val_000941,boat,center_color,ok,,0.526596,0.689895,13.748900
val_000942,motorbike,center_color,ok,,0.187916,0.316379,13.819400
val_000943,dog,center_color,ok,,0.930551,0.964027,11.580900
val_000944,dog,center_color,ok,,0.397681,0.569058,12.437500
val_000945,car,center_color,ok,,0.258679,0.411032,15.932800
val_000946,cat,center_color,ok,,0.657025,0.793017,13.918200
val_000947,person,center_color,ok,,0.679272,0.809008,13.111700
val_000948,dog,center_color,ok,,0.658855,0.794349,4.103200
val_000949,aeroplane,center_color,ok,,0.523186,0.686963,12.461400
val_000950,bird,center_color,ok,,0.128469,0.227688,13.619800
val_000951,sofa,center_color,ok,,0.606714,0.755224,11.707900
val_000952,boat,center_color,ok,,0.830332,0.907302,9.746700
val_000953,sofa,center_color,ok,,0.800375,0.889120,12.631900
val_000954,sheep,center_color,ok,,0.524736,0.688297,12.917900
val_000955,tvmonitor,center_color,ok,,0.827516,0.905619,12.496000
val_000956,pottedplant,center_color,ok,,0.562253,0.719798,8.807800
val_000957,bird,center_color,ok,,0.658509,0.794098,11.170600
val_000958,bicycle,center_color,ok,,0.242126,0.389858,14.875800
val_000959,car,center_color,ok,,0.735482,0.847582,10.410800
val_000960,dog,center_color,ok,,0.421095,0.592634,13.724800
val_000961,bottle,center_color,ok,,0.618960,0.764639,12.456400
val_000962,cow,center_color,ok,,0.467130,0.636794,14.338800
val_000963,bird,center_color,ok,,0.358456,0.527740,12.299100
val_000964,person,center_color,ok,,0.730567,0.844310,12.709400
val_000965,cat,center_color,ok,,0.583901,0.737295,14.166300
val_000966,person,center_color,ok,,0.455443,0.625848,10.465900
val_000967,aeroplane,center_color,ok,,0.766366,0.867732,11.180400
val_000968,bus,center_color,ok,,0.795244,0.885945,13.976400
val_000969,aeroplane,center_color,ok,,0.361418,0.530943,13.099400
val_000970,car,center_color,ok,,0.615907,0.762305,12.853400
val_000971,pottedplant,center_color,ok,,0.539095,0.700535,13.157300
val_000972,horse,center_color,ok,,0.298855,0.460183,13.142700
val_000973,boat,center_color,ok,,0.731051,0.844633,8.405400
val_000974,bus,center_color,ok,,0.726664,0.841697,8.838800
val_000975,cat,center_color,ok,,0.692566,0.818362,12.793700
val_000976,cat,center_color,ok,,0.481367,0.649895,7.402500
val_000977,person,center_color,ok,,0.401155,0.572606,12.872600
val_000978,train,center_color,ok,,0.897422,0.945938,12.206600
val_000979,dog,center_color,ok,,0.265184,0.419202,13.097600
val_000980,bird,center_color,ok,,0.282845,0.440965,14.650000
val_000981,bird,center_color,ok,,0.460700,0.630793,13.635400
val_000982,horse,center_color,ok,,0.497554,0.664489,13.530200
val_000983,dog,center_color,ok,,0.498293,0.665148,15.230300
val_000984,boat,center_color,ok,,0.609471,0.757356,14.259800
val_000985,cow,center_color,ok,,0.813156,0.896951,14.682100
val_000986,bird,center_color,ok,,0.880528,0.936469,12.576400
val_000987,motorbike,center_color,ok,,0.360190,0.529617,11.166400
val_000988,cat,center_color,ok,,0.722723,0.839047,12.248800
val_000989,car,center_color,ok,,0.628542,0.771907,13.766900
val_000990,bird,center_color,ok,,0.563038,0.720441,12.768700
val_000991,cow,center_color,ok,,0.765625,0.867257,12.933800
val_000992,cow,center_color,ok,,0.440442,0.611538,11.600400
val_000993,sheep,center_color,ok,,0.448338,0.619107,14.015200
val_000994,bird,center_color,ok,,0.298285,0.459507,11.345500
val_000995,aeroplane,center_color,ok,,0.164319,0.282258,15.177100
val_000996,aeroplane,center_color,ok,,0.758812,0.862869,12.702600
val_000997,boat,center_color,ok,,0.093448,0.170924,12.767500
val_000998,bird,center_color,ok,,0.406912,0.578447,12.992000
val_000999,bird,center_color,ok,,0.217824,0.357727,15.983900
val_001000,cat,center_color,ok,,0.781680,0.877464,13.031500
val_001001,sheep,center_color,ok,,0.533711,0.695974,11.617700
val_001002,train,center_color,ok,,0.633076,0.775318,12.243200
val_001003,dog,center_color,ok,,0.586278,0.739187,15.467100
val_001004,sofa,center_color,ok,,0.882477,0.937570,12.722400
val_001005,train,center_color,ok,,0.247460,0.396742,12.792600
val_001006,aeroplane,center_color,ok,,0.911939,0.953941,12.935600
val_001007,bus,center_color,ok,,0.819182,0.900605,11.932400
val_001008,bicycle,center_color,ok,,0.142056,0.248773,16.658500
val_001009,motorbike,center_color,ok,,0.579575,0.733837,15.328600
val_001010,sheep,center_color,ok,,0.708575,0.829434,13.888800
val_001011,dog,center_color,ok,,0.870260,0.930630,15.318600
val_001012,cat,center_color,ok,,0.713060,0.832499,16.130800
val_001013,motorbike,center_color,ok,,0.515362,0.680183,12.417500
val_001014,sofa,center_color,ok,,0.286012,0.444805,14.512100
val_001015,cat,center_color,ok,,0.602339,0.751825,13.199200
val_001016,cat,center_color,ok,,0.649204,0.787294,13.367300
val_001017,person,center_color,ok,,0.429462,0.600872,15.312200
val_001018,dog,center_color,ok,,0.383445,0.554333,5.305000
val_001019,bus,center_color,ok,,0.729810,0.843804,13.099200
val_001020,aeroplane,center_color,ok,,0.799727,0.888720,13.218700
val_001021,horse,center_color,ok,,0.668103,0.801033,9.863400
val_001022,sheep,center_color,ok,,0.571371,0.727226,13.602900
val_001023,cat,center_color,ok,,0.638939,0.779698,14.622300
val_001024,motorbike,center_color,ok,,0.527908,0.691021,13.511900
val_001025,sheep,center_color,ok,,0.727416,0.842201,12.749800
val_001026,person,center_color,ok,,0.716752,0.835009,12.622800
val_001027,sheep,center_color,ok,,0.488924,0.656748,13.713200
val_001028,diningtable,center_color,ok,,0.692663,0.818430,13.256700
val_001029,bus,center_color,ok,,0.641466,0.781577,10.173200
val_001030,cat,center_color,ok,,0.553056,0.712217,13.409100
val_001031,cow,center_color,ok,,0.614632,0.761328,12.391600
val_001032,person,center_color,ok,,0.450616,0.621276,13.762500
val_001033,train,center_color,ok,,0.422187,0.593715,13.336600
val_001034,tvmonitor,center_color,ok,,0.859993,0.924727,11.888500
val_001035,person,center_color,ok,,0.416913,0.588480,13.892500
val_001036,dog,center_color,ok,,0.116999,0.209488,12.148600
val_001037,pottedplant,center_color,ok,,0.414177,0.585750,14.928600
val_001038,bird,center_color,ok,,0.693213,0.818814,12.596200
val_001039,bottle,center_color,ok,,0.462008,0.632018,13.286000
val_001040,diningtable,center_color,ok,,0.412871,0.584443,12.588300
val_001041,dog,center_color,ok,,0.386676,0.557702,13.209800
val_001042,cat,center_color,ok,,0.704216,0.826440,10.789800
val_001043,train,center_color,ok,,0.564379,0.721537,10.197900
val_001044,dog,center_color,ok,,0.716962,0.835152,14.482900
val_001045,sofa,center_color,ok,,0.580248,0.734376,12.329400
val_001046,car,center_color,ok,,0.730193,0.844059,11.367100
val_001047,bird,center_color,ok,,0.313402,0.477237,13.462200
val_001048,person,center_color,ok,,0.291761,0.451726,12.974700
val_001049,cat,center_color,ok,,0.665013,0.798808,14.147200
val_001050,bicycle,center_color,ok,,0.141934,0.248585,12.241600
val_001051,sheep,center_color,ok,,0.246612,0.395651,12.172700
val_001052,sofa,center_color,ok,,0.900688,0.947750,13.518400
val_001053,bird,center_color,ok,,0.660084,0.795241,13.022500
val_001054,cat,center_color,ok,,0.474061,0.643204,14.766200
val_001055,aeroplane,center_color,ok,,0.721810,0.838432,13.714100
val_001056,boat,center_color,ok,,0.800349,0.889104,11.461500
val_001057,horse,center_color,ok,,0.796831,0.886929,13.439800
val_001058,aeroplane,center_color,ok,,0.679501,0.809170,12.934600
val_001059,dog,center_color,ok,,0.758191,0.862467,13.449400
val_001060,sheep,center_color,ok,,0.315428,0.479582,13.158200
val_001061,motorbike,center_color,ok,,0.620134,0.765534,12.619700
val_001062,motorbike,center_color,ok,,0.771208,0.870827,13.502300
val_001063,cat,center_color,ok,,0.595716,0.746644,13.438600
val_001064,aeroplane,center_color,ok,,0.720329,0.837432,14.463600
val_001065,chair,center_color,ok,,0.111210,0.200160,16.813300
val_001066,cat,center_color,ok,,0.840124,0.913116,15.848400
val_001067,car,center_color,ok,,0.686252,0.813937,13.548200
val_001068,cow,center_color,ok,,0.511921,0.677179,13.358500
val_001069,motorbike,center_color,ok,,0.242283,0.390061,11.742000
val_001070,cat,center_color,ok,,0.422907,0.594427,15.635900
val_001071,bird,center_color,ok,,0.415784,0.587355,12.798700
val_001072,dog,center_color,ok,,0.100131,0.182035,14.640200
val_001073,cat,center_color,ok,,0.724685,0.840368,11.139400
val_001074,sofa,center_color,ok,,0.469498,0.638991,15.076800
val_001075,bicycle,center_color,ok,,0.095610,0.174533,13.222300
val_001076,chair,center_color,ok,,0.500316,0.666947,14.489100
val_001077,bus,center_color,ok,,0.114844,0.206028,12.269600
val_001078,person,center_color,ok,,0.855997,0.922412,13.432800
val_001079,train,center_color,ok,,0.684483,0.812692,14.676300
val_001080,horse,center_color,ok,,0.738731,0.849736,14.295600
val_001081,chair,center_color,ok,,0.535392,0.697401,13.002700
val_001082,cow,center_color,ok,,0.518293,0.682731,12.524000
val_001083,person,center_color,ok,,0.647478,0.786023,11.729300
val_001084,person,center_color,ok,,0.681590,0.810650,12.687100
val_001085,bus,center_color,ok,,0.469470,0.638965,14.907000
val_001086,cat,center_color,ok,,0.947194,0.972881,17.407400
val_001087,car,center_color,ok,,0.744553,0.853575,12.122800
val_001088,chair,center_color,ok,,0.530320,0.693084,13.055100
val_001089,car,center_color,ok,,0.469644,0.639126,12.677500
val_001090,aeroplane,center_color,ok,,0.514605,0.679524,7.149400
val_001091,car,center_color,ok,,0.540876,0.702037,14.590800
val_001092,person,center_color,ok,,0.467426,0.637069,13.457500
val_001093,dog,center_color,ok,,0.795773,0.886274,11.265600
val_001094,pottedplant,center_color,ok,,0.656293,0.792484,13.293200
val_001095,aeroplane,center_color,ok,,0.164624,0.282708,12.437100
val_001096,aeroplane,center_color,ok,,0.138300,0.242993,12.478900
val_001097,bird,center_color,ok,,0.531807,0.694353,11.503900
val_001098,cow,center_color,ok,,0.688688,0.815648,12.359200
val_001099,dog,center_color,ok,,0.632506,0.774889,14.158700
val_001100,motorbike,center_color,ok,,0.668200,0.801103,12.627800
val_001101,car,center_color,ok,,0.660838,0.795788,18.841300
val_001102,cow,center_color,ok,,0.395261,0.566576,13.263400
val_001103,cat,center_color,ok,,0.449344,0.620065,19.259000
val_001104,car,center_color,ok,,0.508200,0.673916,13.659700
val_001105,bus,center_color,ok,,0.713177,0.832578,12.091500
val_001106,chair,center_color,ok,,0.542635,0.703517,14.100200
val_001107,person,center_color,ok,,0.778401,0.875394,13.234400
val_001108,bird,center_color,ok,,0.455003,0.625433,13.932500
val_001109,aeroplane,center_color,ok,,0.501328,0.667846,11.106900
val_001110,car,center_color,ok,,0.603925,0.753059,12.612900
val_001111,cat,center_color,ok,,0.823102,0.902969,14.000000
val_001112,person,center_color,ok,,0.568349,0.724773,13.881600
val_001113,bird,center_color,ok,,0.157335,0.271892,14.596100
val_001114,car,center_color,ok,,0.237226,0.383481,13.653400
val_001115,car,center_color,ok,,0.764527,0.866552,12.086300
val_001116,cat,center_color,ok,,0.549159,0.708977,13.117600
val_001117,bird,center_color,ok,,0.749718,0.856959,12.526100
val_001118,aeroplane,center_color,ok,,0.743787,0.853071,12.163900
val_001119,dog,center_color,ok,,0.421986,0.593517,13.773800
val_001120,train,center_color,ok,,0.498150,0.665020,15.879500
val_001121,diningtable,center_color,ok,,0.869549,0.930223,13.623000
val_001122,horse,center_color,ok,,0.722449,0.838863,14.824200
val_001123,sheep,center_color,ok,,0.849637,0.918706,12.443500
val_001124,boat,center_color,ok,,0.390963,0.562147,13.388100
val_001125,diningtable,center_color,ok,,0.716285,0.834693,14.240400
val_001126,cat,center_color,ok,,0.422321,0.593847,15.775600
val_001127,train,center_color,ok,,0.542079,0.703050,13.811100
val_001128,aeroplane,center_color,ok,,0.164715,0.282841,13.419900
val_001129,dog,center_color,ok,,0.670211,0.802546,15.323600
val_001130,cat,center_color,ok,,0.747651,0.855607,13.233200
val_001131,cat,center_color,ok,,0.763015,0.865580,12.914400
val_001132,car,center_color,ok,,0.407105,0.578642,9.879600
val_001133,bird,center_color,ok,,0.602049,0.751599,12.720600
val_001134,bus,center_color,ok,,0.706503,0.828013,12.814900
val_001135,cat,center_color,ok,,0.919936,0.958298,12.833400
val_001136,car,center_color,ok,,0.597899,0.748357,13.061800
val_001137,bird,center_color,ok,,0.698113,0.822222,9.101500
val_001138,car,center_color,ok,,0.308917,0.472019,13.715700
val_001139,bicycle,center_color,ok,,0.183914,0.310688,18.630700
val_001140,aeroplane,center_color,ok,,0.422364,0.593890,14.371600
val_001141,motorbike,center_color,ok,,0.481744,0.650239,11.129100
val_001142,train,center_color,ok,,0.387204,0.558251,13.035500
val_001143,diningtable,center_color,ok,,0.635792,0.777351,14.180100
val_001144,boat,center_color,ok,,0.366249,0.536137,14.011500
val_001145,motorbike,center_color,ok,,0.591267,0.743140,14.044600
val_001146,bottle,center_color,ok,,0.484991,0.653191,12.736600
val_001147,aeroplane,center_color,ok,,0.737105,0.848659,14.318100
val_001148,cat,center_color,ok,,0.678151,0.808212,11.980800
val_001149,cat,center_color,ok,,0.505767,0.671773,13.523300
val_001150,train,center_color,ok,,0.477268,0.646150,11.648400
val_001151,person,center_color,ok,,0.785635,0.879950,11.390500
val_001152,boat,center_color,ok,,0.717749,0.835685,13.009500
val_001153,motorbike,center_color,ok,,0.588748,0.741147,14.922100
val_001154,sheep,center_color,ok,,0.538387,0.699937,14.072800
val_001155,aeroplane,center_color,ok,,0.498077,0.664955,14.336600
val_001156,cat,center_color,ok,,0.597524,0.748063,14.893900
val_001157,cow,center_color,ok,,0.740187,0.850698,16.900100
val_001158,person,center_color,ok,,0.659840,0.795065,13.533100
val_001159,bus,center_color,ok,,0.840267,0.913201,10.668200
val_001160,motorbike,center_color,ok,,0.174671,0.297395,14.291700
val_001161,cat,center_color,ok,,0.774630,0.873004,14.965800
val_001162,pottedplant,center_color,ok,,0.652602,0.789787,14.753100
val_001163,aeroplane,center_color,ok,,0.364287,0.534032,15.935700
val_001164,person,center_color,ok,,0.527355,0.690546,11.305600
val_001165,person,center_color,ok,,0.568199,0.724652,11.889300
val_001166,person,center_color,ok,,0.378806,0.549469,12.661200
val_001167,horse,center_color,ok,,0.584308,0.737619,13.160100
val_001168,bottle,center_color,ok,,0.866941,0.928729,13.832100
val_001169,bottle,center_color,ok,,0.751905,0.858385,12.951200
val_001170,chair,center_color,ok,,0.051587,0.098113,13.647300
val_001171,dog,center_color,ok,,0.345248,0.513285,21.555200
val_001172,bottle,center_color,ok,,0.784427,0.879192,11.606200
val_001173,bird,center_color,ok,,0.882814,0.937760,8.844600
val_001174,bird,center_color,ok,,0.790306,0.882872,14.796300
val_001175,dog,center_color,ok,,0.390717,0.561893,13.348900
val_001176,cow,center_color,ok,,0.379315,0.550005,13.119500
val_001177,boat,center_color,ok,,0.007228,0.014352,13.375700
val_001178,person,center_color,ok,,0.445690,0.616578,15.247800
val_001179,sofa,center_color,ok,,0.821586,0.902056,14.845000
val_001180,chair,center_color,ok,,0.462083,0.632089,13.338200
val_001181,boat,center_color,ok,,0.835773,0.910540,12.918900
val_001182,sofa,center_color,ok,,0.303683,0.465885,15.682400
val_001183,cow,center_color,ok,,0.397560,0.568934,15.721500
val_001184,dog,center_color,ok,,0.880104,0.936229,15.906400
val_001185,cat,center_color,ok,,0.927345,0.962303,15.287600
val_001186,chair,center_color,ok,,0.869497,0.930193,14.338200
val_001187,person,center_color,ok,,0.550160,0.709810,14.786500
val_001188,horse,center_color,ok,,0.751108,0.857866,15.794600
val_001189,tvmonitor,center_color,ok,,0.631742,0.774316,14.398500
val_001190,cat,center_color,ok,,0.654482,0.791162,14.074500
val_001191,motorbike,center_color,ok,,0.259101,0.411565,22.426000
val_001192,car,center_color,ok,,0.655556,0.791947,12.758500
val_001193,train,center_color,ok,,0.788609,0.881813,15.718600
val_001194,train,center_color,ok,,0.743106,0.852623,13.002600
val_001195,bird,center_color,ok,,0.757131,0.861781,14.548600
val_001196,car,center_color,ok,,0.886606,0.939895,9.568000
val_001197,cat,center_color,ok,,0.790189,0.882799,15.948100
val_001198,person,center_color,ok,,0.562239,0.719786,16.910600
val_001199,bus,center_color,ok,,0.661544,0.796300,14.491900
val_001200,cat,center_color,ok,,0.359097,0.528435,14.609800
val_001201,bus,center_color,ok,,0.586797,0.739599,16.509200
val_001202,dog,center_color,ok,,0.444927,0.615847,18.434000
val_001203,motorbike,center_color,ok,,0.359123,0.528462,15.136100
val_001204,cow,center_color,ok,,0.410001,0.581562,10.656400
val_001205,horse,center_color,ok,,0.582774,0.736396,15.822600
val_001206,sofa,center_color,ok,,0.624928,0.769176,14.309500
val_001207,pottedplant,center_color,ok,,0.635808,0.777363,8.112700
val_001208,dog,center_color,ok,,0.393674,0.564944,14.958600
val_001209,person,center_color,ok,,0.429078,0.600496,14.042900
val_001210,motorbike,center_color,ok,,0.437393,0.608592,14.945700
val_001211,bus,center_color,ok,,0.576366,0.731259,14.022300
val_001212,tvmonitor,center_color,ok,,0.479505,0.648196,12.314200
val_001213,cat,center_color,ok,,0.815527,0.898392,15.311800
val_001214,bird,center_color,ok,,0.454817,0.625257,13.280000
val_001215,motorbike,center_color,ok,,0.309501,0.472701,16.541200
val_001216,boat,center_color,ok,,0.312753,0.476484,13.525400
val_001217,cat,center_color,ok,,0.205703,0.341217,14.693300
val_001218,bird,center_color,ok,,0.228277,0.371703,12.417100
val_001219,car,center_color,ok,,0.567549,0.724123,14.772300
val_001220,motorbike,center_color,ok,,0.592918,0.744443,15.890900
val_001221,bottle,center_color,ok,,0.579884,0.734084,14.734700
val_001222,car,center_color,ok,,0.623773,0.768301,15.109100
val_001223,cat,center_color,ok,,0.606636,0.755163,14.539800
val_001224,bird,center_color,ok,,0.601706,0.751332,16.235200
val_001225,aeroplane,center_color,ok,,0.875170,0.933430,13.226700
val_001226,dog,center_color,ok,,0.369919,0.540060,14.534900
val_001227,person,center_color,ok,,0.699835,0.823415,13.954800
val_001228,sofa,center_color,ok,,0.375674,0.546167,17.005800
val_001229,diningtable,center_color,ok,,0.602738,0.752136,15.125600
val_001230,dog,center_color,ok,,0.429014,0.600434,13.085100
val_001231,bicycle,center_color,ok,,0.289076,0.448502,14.231500
val_001232,boat,center_color,ok,,0.443691,0.614662,15.369000
val_001233,train,center_color,ok,,0.676153,0.806792,14.710300
val_001234,person,center_color,ok,,0.396334,0.567678,15.644900
val_001235,aeroplane,center_color,ok,,0.267241,0.421768,13.200000
val_001236,sheep,center_color,ok,,0.471452,0.640799,14.520200
val_001237,train,center_color,ok,,0.603799,0.752961,14.808600
val_001238,bottle,center_color,ok,,0.432082,0.603432,14.822100
val_001239,sheep,center_color,ok,,0.391596,0.562801,13.513400
val_001240,car,center_color,ok,,0.709595,0.830132,13.408700
val_001241,train,center_color,ok,,0.101180,0.183766,14.656800
val_001242,aeroplane,center_color,ok,,0.408663,0.580214,14.652300
val_001243,aeroplane,center_color,ok,,0.769428,0.869691,14.340900
val_001244,cat,center_color,ok,,0.534769,0.696872,16.463400
val_001245,cow,center_color,ok,,0.631231,0.773932,14.007500
val_001246,person,center_color,ok,,0.654767,0.791370,16.334100
val_001247,dog,center_color,ok,,0.566606,0.723355,13.664900
val_001248,sheep,center_color,ok,,0.568431,0.724840,12.421900
val_001249,aeroplane,center_color,ok,,0.372316,0.542609,15.308200
val_001250,train,center_color,ok,,0.371397,0.541633,13.009200
val_001251,bicycle,center_color,ok,,0.053126,0.100892,16.570800
val_001252,dog,center_color,ok,,0.429357,0.600769,15.165300
val_001253,person,center_color,ok,,0.875094,0.933387,14.566000
val_001254,person,center_color,ok,,0.013173,0.026004,14.746100
val_001255,bottle,center_color,ok,,0.371722,0.541978,16.449700
val_001256,sofa,center_color,ok,,0.426129,0.597602,16.360200
val_001257,bird,center_color,ok,,0.516544,0.681212,13.699100
val_001258,sofa,center_color,ok,,0.960617,0.979913,13.178400
val_001259,bus,center_color,ok,,0.655653,0.792017,16.131500
val_001260,bird,center_color,ok,,0.470624,0.640033,16.558400
val_001261,chair,center_color,ok,,0.221616,0.362824,14.422200
val_001262,boat,center_color,ok,,0.623342,0.767974,13.651400
val_001263,boat,center_color,ok,,0.495302,0.662478,14.305100
val_001264,bus,center_color,ok,,0.717375,0.835432,15.119800
val_001265,bus,center_color,ok,,0.557243,0.715679,13.123000
val_001266,train,center_color,ok,,0.481882,0.650365,13.185800
val_001267,train,center_color,ok,,0.748999,0.856489,13.791700
val_001268,sofa,center_color,ok,,0.608995,0.756988,14.574600
val_001269,bus,center_color,ok,,0.729210,0.843402,13.021600
val_001270,diningtable,center_color,ok,,0.049213,0.093809,14.549900
val_001271,horse,center_color,ok,,0.307843,0.470764,14.284800
val_001272,bicycle,center_color,ok,,0.113288,0.203520,16.949300
val_001273,cat,center_color,ok,,0.681340,0.810473,13.975500
val_001274,boat,center_color,ok,,0.392482,0.563716,16.617200
val_001275,sheep,center_color,ok,,0.237573,0.383934,14.978200
val_001276,person,center_color,ok,,0.603134,0.752444,14.835900
val_001277,person,center_color,ok,,0.462429,0.632413,13.297300
val_001278,bird,center_color,ok,,0.420539,0.592083,12.777400
val_001279,person,center_color,ok,,0.323121,0.488422,13.118100
val_001280,aeroplane,center_color,ok,,0.143877,0.251561,12.613900
val_001281,bird,center_color,ok,,0.294694,0.455233,15.112000
val_001282,car,center_color,ok,,0.409592,0.581149,14.686800
val_001283,motorbike,center_color,ok,,0.603831,0.752986,15.356100
val_001284,train,center_color,ok,,0.688906,0.815802,13.941500
val_001285,horse,center_color,ok,,0.629247,0.772439,15.011200
val_001286,dog,center_color,ok,,0.339098,0.506458,14.967600
val_001287,cow,center_color,ok,,0.601312,0.751024,10.319800
val_001288,cow,center_color,ok,,0.464808,0.634633,14.500800
val_001289,person,center_color,ok,,0.277767,0.434769,13.612100
val_001290,diningtable,center_color,ok,,0.764794,0.866723,15.031400
val_001291,chair,center_color,ok,,0.221298,0.362398,13.952900
val_001292,motorbike,center_color,ok,,0.448150,0.618928,15.658900
val_001293,person,center_color,ok,,0.517055,0.681656,13.438000
val_001294,car,center_color,ok,,0.470259,0.639695,14.254000
val_001295,chair,center_color,ok,,0.015746,0.031004,17.092300
val_001296,bird,center_color,ok,,0.678933,0.808767,13.100300
val_001297,pottedplant,center_color,ok,,0.647084,0.785733,13.685000
val_001298,cat,center_color,ok,,0.764494,0.866531,14.604100
val_001299,cat,center_color,ok,,0.933705,0.965716,16.674900
val_001300,aeroplane,center_color,ok,,0.818111,0.899957,12.872400
val_001301,person,center_color,ok,,0.402443,0.573917,14.713400
val_001302,chair,center_color,ok,,0.345454,0.513513,14.432100
val_001303,bus,center_color,ok,,0.643101,0.782789,14.242200
val_001304,person,center_color,ok,,0.520180,0.684367,16.189100
val_001305,aeroplane,center_color,ok,,0.337573,0.504755,11.888200
val_001306,bus,center_color,ok,,0.676614,0.807120,14.776600
val_001307,car,center_color,ok,,0.473819,0.642981,15.019500
val_001308,bird,center_color,ok,,0.419679,0.591231,14.105700
val_001309,diningtable,center_color,ok,,0.644968,0.784171,14.365900
val_001310,bus,center_color,ok,,0.404404,0.575909,12.318500
val_001311,sofa,center_color,ok,,0.555318,0.714090,16.267200
val_001312,dog,center_color,ok,,0.304999,0.467431,14.534400
val_001313,sheep,center_color,ok,,0.422278,0.593805,14.024800
val_001314,cow,center_color,ok,,0.687153,0.814571,14.595200
val_001315,train,center_color,ok,,0.574516,0.729768,14.920300
val_001316,bus,center_color,ok,,0.457694,0.627970,14.782600
val_001317,person,center_color,ok,,0.720779,0.837736,16.688200
val_001318,person,center_color,ok,,0.269418,0.424475,9.389100
val_001319,train,center_color,ok,,0.668980,0.801663,12.359300
val_001320,car,center_color,ok,,0.524946,0.688478,13.012700
val_001321,aeroplane,center_color,ok,,0.271922,0.427577,13.269100
val_001322,cow,center_color,ok,,0.776106,0.873941,18.977100
val_001323,boat,center_color,ok,,0.791453,0.883588,14.099200
val_001324,car,center_color,ok,,0.633987,0.776000,12.956800
val_001325,cow,center_color,ok,,0.713962,0.833113,14.283500
val_001326,aeroplane,center_color,ok,,0.689643,0.816318,13.019900
val_001327,person,center_color,ok,,0.615345,0.761875,12.865400
val_001328,train,center_color,ok,,0.398340,0.569733,15.075600
val_001329,bird,center_color,ok,,0.765946,0.867462,15.322800
val_001330,cat,center_color,ok,,0.830272,0.907266,15.363000
val_001331,car,center_color,ok,,0.724138,0.840000,13.837200
val_001332,bus,center_color,ok,,0.653392,0.790366,13.535000
val_001333,person,center_color,ok,,0.754135,0.859837,14.296200
val_001334,sheep,center_color,ok,,0.435135,0.606403,16.026100
val_001335,aeroplane,center_color,ok,,0.459829,0.629977,13.171000
val_001336,person,center_color,ok,,0.572565,0.728193,15.698000
val_001337,bird,center_color,ok,,0.331216,0.497614,13.795500
val_001338,aeroplane,center_color,ok,,0.676511,0.807046,15.201400
val_001339,person,center_color,ok,,0.662903,0.797284,14.360800
val_001340,aeroplane,center_color,ok,,0.281659,0.439523,11.028100
val_001341,person,center_color,ok,,0.565267,0.722263,14.310200
val_001342,person,center_color,ok,,0.761333,0.864496,15.192000
val_001343,cat,center_color,ok,,0.760565,0.864001,14.870700
val_001344,cow,center_color,ok,,0.568621,0.724995,14.282600
val_001345,chair,center_color,ok,,0.653175,0.790207,13.106600
val_001346,boat,center_color,ok,,0.887892,0.940618,12.814500
val_001347,cat,center_color,ok,,0.632898,0.775184,14.660200
val_001348,sofa,center_color,ok,,0.446974,0.617805,16.929200
val_001349,cat,center_color,ok,,0.839426,0.912704,13.402600
val_001350,boat,center_color,ok,,0.171072,0.292163,13.106900
val_001351,train,center_color,ok,,0.839078,0.912499,13.437500
val_001352,person,center_color,ok,,0.522488,0.686361,13.704000
val_001353,aeroplane,center_color,ok,,0.349342,0.517796,14.349300
val_001354,dog,center_color,ok,,0.795074,0.885840,14.705000
val_001355,diningtable,center_color,ok,,0.029781,0.057839,13.794800
val_001356,car,center_color,ok,,0.786184,0.880295,14.068400
val_001357,person,center_color,ok,,0.671448,0.803433,19.316500
val_001358,cow,center_color,ok,,0.536156,0.698049,14.626500
val_001359,sofa,center_color,ok,,0.686301,0.813972,15.263000
val_001360,person,center_color,ok,,0.287019,0.446022,15.858700
val_001361,horse,center_color,ok,,0.303963,0.466214,5.436500
val_001362,tvmonitor,center_color,ok,,0.734328,0.846815,13.992000
val_001363,dog,center_color,ok,,0.588694,0.741105,13.487400
val_001364,bus,center_color,ok,,0.224033,0.366057,12.234500
val_001365,cat,center_color,ok,,0.313864,0.477773,16.743200
val_001366,cow,center_color,ok,,0.750812,0.857673,14.137200
val_001367,boat,center_color,ok,,0.292704,0.452855,13.832200
val_001368,person,center_color,ok,,0.309120,0.472257,14.262800
val_001369,chair,center_color,ok,,0.390676,0.561851,14.629900
val_001370,sofa,center_color,ok,,0.903985,0.949571,14.506400
val_001371,pottedplant,center_color,ok,,0.416084,0.587654,16.923700
val_001372,dog,center_color,ok,,0.591389,0.743236,13.314500
val_001373,aeroplane,center_color,ok,,0.488706,0.656551,15.054700
val_001374,tvmonitor,center_color,ok,,0.404319,0.575822,17.652400
val_001375,dog,center_color,ok,,0.302844,0.464897,15.297400
val_001376,person,center_color,ok,,0.572580,0.728205,15.174200
val_001377,person,center_color,ok,,0.672454,0.804153,13.856800
val_001378,dog,center_color,ok,,0.492412,0.659887,21.788000
val_001379,chair,center_color,ok,,0.730925,0.844548,13.271100
val_001380,car,center_color,ok,,0.268590,0.423446,14.229600
val_001381,person,center_color,ok,,0.665261,0.798987,16.091100
val_001382,dog,center_color,ok,,0.727899,0.842525,16.004000
val_001383,dog,center_color,ok,,0.633331,0.775509,14.331400
val_001384,dog,center_color,ok,,0.729300,0.843462,15.250700
val_001385,sofa,center_color,ok,,0.821902,0.902246,14.943800
val_001386,bicycle,center_color,ok,,0.123708,0.220178,14.523900
val_001387,dog,center_color,ok,,0.755343,0.860621,14.906600
val_001388,sheep,center_color,ok,,0.571500,0.727331,14.597300
val_001389,diningtable,center_color,ok,,0.617293,0.763366,15.645700
val_001390,bicycle,center_color,ok,,0.388411,0.559504,13.909000
val_001391,person,center_color,ok,,0.672131,0.803922,14.069000
val_001392,train,center_color,ok,,0.624662,0.768975,15.126500
val_001393,dog,center_color,ok,,0.926183,0.961677,16.081100
val_001394,bird,center_color,ok,,0.336286,0.503314,14.284000
val_001395,dog,center_color,ok,,0.634282,0.776221,15.375900
val_001396,person,center_color,ok,,0.843816,0.915293,15.847300
val_001397,person,center_color,ok,,0.495554,0.662703,14.616100
val_001398,car,center_color,ok,,0.553786,0.712822,14.782700
val_001399,aeroplane,center_color,ok,,0.361939,0.531506,14.978500
val_001400,person,center_color,ok,,0.803977,0.891338,16.485500
val_001401,diningtable,center_color,ok,,0.787976,0.881417,15.471600
val_001402,dog,center_color,ok,,0.428404,0.599836,15.159700
val_001403,train,center_color,ok,,0.704810,0.826848,14.619300
val_001404,sofa,center_color,ok,,0.349229,0.517672,14.243500
val_001405,person,center_color,ok,,0.398540,0.569938,16.780900
val_001406,person,center_color,ok,,0.388535,0.559633,14.559100
val_001407,aeroplane,center_color,ok,,0.412833,0.584405,12.620300
val_001408,tvmonitor,center_color,ok,,0.683023,0.811662,15.391300
val_001409,train,center_color,ok,,0.520844,0.684941,13.126400
val_001410,bird,center_color,ok,,0.876444,0.934154,14.519900
val_001411,person,center_color,ok,,0.268183,0.422940,15.099200
val_001412,person,center_color,ok,,0.645682,0.784699,16.917900
val_001413,dog,center_color,ok,,0.363310,0.532982,18.086100
val_001414,car,center_color,ok,,0.605778,0.754497,16.620700
val_001415,person,center_color,ok,,0.534051,0.696263,12.926400
val_001416,person,center_color,ok,,0.450209,0.620888,7.999000
val_001417,sofa,center_color,ok,,0.633652,0.775749,14.751800
val_001418,sheep,center_color,ok,,0.774278,0.872781,12.800900
val_001419,aeroplane,center_color,ok,,0.204027,0.338907,15.816700
val_001420,cat,center_color,ok,,0.848907,0.918280,16.738500
val_001421,bicycle,center_color,ok,,0.212067,0.349926,16.011800
val_001422,horse,center_color,ok,,0.417288,0.588854,13.902300
val_001423,boat,center_color,ok,,0.348761,0.517157,10.098800
val_001424,car,center_color,ok,,0.450127,0.620811,7.378300
val_001425,bottle,center_color,ok,,0.687981,0.815153,18.489500
val_001426,tvmonitor,center_color,ok,,0.690165,0.816684,14.151300
val_001427,cow,center_color,ok,,0.918805,0.957685,14.737700
val_001428,aeroplane,center_color,ok,,0.229834,0.373764,13.060900
val_001429,horse,center_color,ok,,0.692450,0.818281,13.937900
val_001430,boat,center_color,ok,,0.299523,0.460973,14.239400
val_001431,aeroplane,center_color,ok,,0.336043,0.503043,14.021900
val_001432,person,center_color,ok,,0.604947,0.753853,14.949700
val_001433,bicycle,center_color,ok,,0.319953,0.484794,15.204300
val_001434,chair,center_color,ok,,0.204774,0.339938,14.159200
val_001435,cow,center_color,ok,,0.219320,0.359742,14.067400
val_001436,bird,center_color,ok,,0.473839,0.643000,14.383600
val_001437,car,center_color,ok,,0.860801,0.925194,15.066800
val_001438,horse,center_color,ok,,0.787776,0.881292,15.701400
val_001439,chair,center_color,ok,,0.417642,0.589206,13.889000
val_001440,bus,center_color,ok,,0.754607,0.860143,13.805800
val_001441,bird,center_color,ok,,0.375009,0.545464,14.902400
val_001442,train,center_color,ok,,0.697981,0.822130,15.517100
val_001443,sofa,center_color,ok,,0.585546,0.738605,16.157800
val_001444,train,center_color,ok,,0.916809,0.956599,20.240700
val_001445,pottedplant,center_color,ok,,0.667235,0.800409,11.974900
val_001446,person,center_color,ok,,0.424090,0.595595,14.243100
val_001447,sofa,center_color,ok,,0.830998,0.907700,14.385200
val_001448,bottle,center_color,ok,,0.691349,0.817512,21.500000
val_000000,aeroplane,grabcut_point_box,ok,,0.387658,0.558723,566.948500
val_000001,train,grabcut_point_box,ok,,0.726147,0.841350,333.611400
val_000002,boat,grabcut_point_box,ok,,0.494990,0.662198,391.418300
val_000003,train,grabcut_point_box,ok,,0.676793,0.807247,1030.191500
val_000004,person,grabcut_point_box,ok,,0.635336,0.777010,1376.379300
val_000005,sheep,grabcut_point_box,ok,,0.893664,0.943847,740.197200
val_000006,tvmonitor,grabcut_point_box,ok,,0.527497,0.690668,442.327600
val_000007,person,grabcut_point_box,ok,,0.892229,0.943045,769.085700
val_000008,horse,grabcut_point_box,ok,,0.000000,0.000000,264.671000
val_000009,person,grabcut_point_box,ok,,0.887960,0.940656,526.407200
val_000010,sofa,grabcut_point_box,ok,,0.786984,0.880796,277.352900
val_000011,cow,grabcut_point_box,ok,,0.874511,0.933055,225.183500
val_000012,cow,grabcut_point_box,ok,,0.601170,0.750913,933.696400
val_000013,boat,grabcut_point_box,ok,,0.848509,0.918047,239.155300
val_000014,tvmonitor,grabcut_point_box,ok,,0.664537,0.798465,287.665100
val_000015,bicycle,grabcut_point_box,ok,,0.000000,0.000000,186.148600
val_000016,train,grabcut_point_box,ok,,0.687681,0.814942,231.048600
val_000017,train,grabcut_point_box,ok,,0.532416,0.694871,672.477000
val_000018,sofa,grabcut_point_box,ok,,0.756576,0.861421,264.641000
val_000019,bus,grabcut_point_box,ok,,0.917138,0.956779,978.897200
val_000020,sheep,grabcut_point_box,ok,,0.909339,0.952517,991.193500
val_000021,bus,grabcut_point_box,ok,,0.788291,0.881614,427.981600
val_000022,diningtable,grabcut_point_box,ok,,0.799003,0.888273,525.388400
val_000023,horse,grabcut_point_box,ok,,0.650717,0.788406,808.428000
val_000024,horse,grabcut_point_box,ok,,0.854108,0.921314,497.990600
val_000025,sofa,grabcut_point_box,ok,,0.782699,0.878106,436.052500
val_000026,diningtable,grabcut_point_box,ok,,0.675011,0.805978,360.772900
val_000027,boat,grabcut_point_box,ok,,0.867395,0.928989,168.181100
val_000028,diningtable,grabcut_point_box,ok,,0.977066,0.988400,280.927100
val_000029,boat,grabcut_point_box,ok,,0.724609,0.840317,192.258100
val_000030,sheep,grabcut_point_box,ok,,0.883127,0.937937,413.545200
val_000031,person,grabcut_point_box,ok,,0.776377,0.874113,506.030600
val_000032,sofa,grabcut_point_box,ok,,0.940938,0.969570,214.842700
val_000033,person,grabcut_point_box,ok,,0.419382,0.590936,311.137600
val_000034,dog,grabcut_point_box,ok,,0.821842,0.902210,346.123800
val_000035,person,grabcut_point_box,ok,,0.818300,0.900072,719.883200
val_000036,aeroplane,grabcut_point_box,ok,,0.873335,0.932385,296.010000
val_000037,bird,grabcut_point_box,ok,,0.841011,0.913640,179.217700
val_000038,cow,grabcut_point_box,ok,,0.694090,0.819425,1161.546100
val_000039,person,grabcut_point_box,ok,,0.440245,0.611347,706.734600
val_000040,car,grabcut_point_box,ok,,0.930776,0.964147,646.309200
val_000041,aeroplane,grabcut_point_box,ok,,0.376702,0.547253,181.705800
val_000042,person,grabcut_point_box,ok,,0.680870,0.810140,2491.498900
val_000043,person,grabcut_point_box,ok,,0.343524,0.511377,429.752200
val_000044,person,grabcut_point_box,ok,,0.726660,0.841694,595.920700
val_000045,sofa,grabcut_point_box,ok,,0.781316,0.877235,343.365000
val_000046,sofa,grabcut_point_box,ok,,0.959942,0.979562,321.375700
val_000047,person,grabcut_point_box,ok,,0.172268,0.293905,455.315800
val_000048,aeroplane,grabcut_point_box,ok,,0.954155,0.976540,785.882600
val_000049,person,grabcut_point_box,ok,,0.676276,0.806879,421.991100
val_000050,horse,grabcut_point_box,ok,,0.715327,0.834042,297.572000
val_000051,bicycle,grabcut_point_box,ok,,0.000000,0.000000,199.743700
val_000052,person,grabcut_point_box,ok,,0.343802,0.511685,213.967400
val_000053,person,grabcut_point_box,ok,,0.766639,0.867907,489.145200
val_000054,diningtable,grabcut_point_box,ok,,0.385481,0.556458,237.327300
val_000055,person,grabcut_point_box,ok,,0.923904,0.960447,226.220400
val_000056,person,grabcut_point_box,ok,,0.686435,0.814066,364.627600
val_000057,sheep,grabcut_point_box,ok,,0.882330,0.937487,255.165700
val_000058,aeroplane,grabcut_point_box,ok,,0.944430,0.971421,356.220000
val_000059,dog,grabcut_point_box,ok,,0.779439,0.876050,1267.678200
val_000060,cat,grabcut_point_box,ok,,0.858018,0.923584,659.994800
val_000061,aeroplane,grabcut_point_box,ok,,0.637945,0.778958,341.174200
val_000062,horse,grabcut_point_box,ok,,0.868627,0.929696,163.411600
val_000063,horse,grabcut_point_box,ok,,0.825581,0.904458,2225.437500
val_000064,bird,grabcut_point_box,ok,,0.900617,0.947710,547.853500
val_000065,person,grabcut_point_box,ok,,0.696327,0.820982,447.269900
val_000066,tvmonitor,grabcut_point_box,ok,,0.766648,0.867913,245.424600
val_000067,motorbike,grabcut_point_box,ok,,0.798856,0.888182,869.320300
val_000068,aeroplane,grabcut_point_box,ok,,0.828552,0.906238,502.794000
val_000069,sofa,grabcut_point_box,ok,,0.711995,0.831772,590.998600
val_000070,pottedplant,grabcut_point_box,ok,,0.503262,0.669560,260.356600
val_000071,aeroplane,grabcut_point_box,ok,,0.607865,0.756114,497.587600
val_000072,person,grabcut_point_box,ok,,0.546747,0.706964,538.562000
val_000073,cow,grabcut_point_box,ok,,0.000000,0.000000,204.894200
val_000074,bird,grabcut_point_box,ok,,0.981982,0.990909,437.883600
val_000075,bird,grabcut_point_box,ok,,0.000000,0.000000,185.103900
val_000076,person,grabcut_point_box,ok,,0.432449,0.603789,940.167700
val_000077,sofa,grabcut_point_box,ok,,0.886364,0.939759,131.189600
val_000078,cat,grabcut_point_box,ok,,0.938450,0.968248,799.508200
val_000079,cat,grabcut_point_box,ok,,0.707100,0.828422,1006.422100
val_000080,bus,grabcut_point_box,ok,,0.795987,0.886406,975.464900
val_000081,train,grabcut_point_box,ok,,0.789745,0.882522,1044.447000
val_000082,dog,grabcut_point_box,ok,,0.650980,0.788599,773.223700
val_000083,sheep,grabcut_point_box,ok,,0.529103,0.692044,2793.353500
val_000084,aeroplane,grabcut_point_box,ok,,0.941092,0.969652,306.682300
val_000085,diningtable,grabcut_point_box,ok,,0.785614,0.879937,297.086900
val_000086,car,grabcut_point_box,ok,,0.777245,0.874663,217.422800
val_000087,sheep,grabcut_point_box,ok,,0.664203,0.798224,727.114200
val_000088,boat,grabcut_point_box,ok,,0.868960,0.929886,568.163000
val_000089,person,grabcut_point_box,ok,,0.901127,0.947993,691.558500
val_000090,motorbike,grabcut_point_box,ok,,0.587816,0.740408,471.056300
val_000091,person,grabcut_point_box,ok,,0.952457,0.975649,677.349600
val_000092,dog,grabcut_point_box,ok,,0.783778,0.878784,1194.749500
val_000093,cow,grabcut_point_box,ok,,0.925676,0.961404,881.437600
val_000094,sofa,grabcut_point_box,ok,,0.711137,0.831187,389.215900
val_000095,person,grabcut_point_box,ok,,0.691222,0.817423,426.388300
val_000096,horse,grabcut_point_box,ok,,0.617570,0.763578,276.749200
val_000097,car,grabcut_point_box,ok,,0.913848,0.954985,198.706500
val_000098,person,grabcut_point_box,ok,,0.838862,0.912371,2708.161000
val_000099,bus,grabcut_point_box,ok,,0.744429,0.853493,1940.016700
val_000100,person,grabcut_point_box,ok,,0.602514,0.751961,520.900600
val_000101,dog,grabcut_point_box,ok,,0.737329,0.848807,213.274000
val_000102,boat,grabcut_point_box,ok,,0.842223,0.914355,182.029000
val_000103,person,grabcut_point_box,ok,,0.842486,0.914510,279.880900
val_000104,bus,grabcut_point_box,ok,,0.772177,0.871445,852.686900
val_000105,car,grabcut_point_box,ok,,0.895380,0.944803,474.861500
val_000106,cat,grabcut_point_box,ok,,0.863068,0.926502,464.090900
val_000107,person,grabcut_point_box,ok,,0.815068,0.898113,696.176900
val_000108,dog,grabcut_point_box,ok,,0.584221,0.737550,2236.379600
val_000109,bus,grabcut_point_box,ok,,0.861281,0.925471,312.015000
val_000110,cow,grabcut_point_box,ok,,0.742498,0.852223,2841.734100
val_000111,bird,grabcut_point_box,ok,,0.866768,0.928630,831.765600
val_000112,motorbike,grabcut_point_box,ok,,0.000000,0.000000,199.598000
val_000113,dog,grabcut_point_box,ok,,0.808220,0.893940,341.623100
val_000114,train,grabcut_point_box,ok,,0.508732,0.674384,1004.539500
val_000115,bus,grabcut_point_box,ok,,0.865648,0.927986,513.907500
val_000116,pottedplant,grabcut_point_box,ok,,0.951122,0.974949,528.367900
val_000117,person,grabcut_point_box,ok,,0.605334,0.754153,494.097300
val_000118,boat,grabcut_point_box,ok,,0.415920,0.587491,794.834100
val_000119,train,grabcut_point_box,ok,,0.815469,0.898356,461.924300
val_000120,horse,grabcut_point_box,ok,,0.000000,0.000000,184.323000
val_000121,person,grabcut_point_box,ok,,0.032845,0.063602,203.388700
val_000122,bird,grabcut_point_box,ok,,0.000000,0.000000,202.204000
val_000123,bus,grabcut_point_box,ok,,0.883107,0.937925,722.220600
val_000124,sheep,grabcut_point_box,ok,,0.735586,0.847652,284.126400
val_000125,diningtable,grabcut_point_box,ok,,0.879924,0.936127,182.966400
val_000126,bus,grabcut_point_box,ok,,0.885197,0.939103,161.792200
val_000127,cow,grabcut_point_box,ok,,0.851555,0.919827,1047.225600
val_000128,train,grabcut_point_box,ok,,0.894070,0.944073,158.973000
val_000129,boat,grabcut_point_box,ok,,0.645070,0.784246,293.716000
val_000130,dog,grabcut_point_box,ok,,0.646500,0.785302,202.443800
val_000131,car,grabcut_point_box,ok,,0.812693,0.896669,478.708300
val_000132,train,grabcut_point_box,ok,,0.538651,0.700160,841.608100
val_000133,cat,grabcut_point_box,ok,,0.749656,0.856918,497.158200
val_000134,motorbike,grabcut_point_box,ok,,0.394248,0.565535,1002.194800
val_000135,aeroplane,grabcut_point_box,ok,,0.920215,0.958450,193.764300
val_000136,person,grabcut_point_box,ok,,0.649155,0.787258,935.396700
val_000137,person,grabcut_point_box,ok,,0.896421,0.945382,221.157900
val_000138,bird,grabcut_point_box,ok,,0.935520,0.966686,276.966300
val_000139,dog,grabcut_point_box,ok,,0.000000,0.000000,358.858600
val_000140,tvmonitor,grabcut_point_box,ok,,0.733240,0.846092,257.624800
val_000141,tvmonitor,grabcut_point_box,ok,,0.892467,0.943178,221.327200
val_000142,boat,grabcut_point_box,ok,,0.905352,0.950325,350.601100
val_000143,motorbike,grabcut_point_box,ok,,0.565658,0.722582,556.982000
val_000144,train,grabcut_point_box,ok,,0.772951,0.871937,511.582800
val_000145,motorbike,grabcut_point_box,ok,,0.361096,0.530596,1087.523000
val_000146,person,grabcut_point_box,ok,,0.602338,0.751824,362.212100
val_000147,diningtable,grabcut_point_box,ok,,0.149768,0.260518,1118.386000
val_000148,bottle,grabcut_point_box,ok,,0.909822,0.952782,404.780200
val_000149,train,grabcut_point_box,ok,,0.775880,0.873798,760.347600
val_000150,chair,grabcut_point_box,ok,,0.687856,0.815065,354.571000
val_000151,horse,grabcut_point_box,ok,,0.603016,0.752352,390.327400
val_000152,pottedplant,grabcut_point_box,ok,,0.885239,0.939126,174.543600
val_000153,dog,grabcut_point_box,ok,,0.861178,0.925412,902.998100
val_000154,train,grabcut_point_box,ok,,0.665028,0.798819,239.204400
val_000155,person,grabcut_point_box,ok,,0.538044,0.699647,1701.935800
val_000156,person,grabcut_point_box,ok,,0.593928,0.745238,360.867200
val_000157,cat,grabcut_point_box,ok,,0.874969,0.933316,948.101000
val_000158,cat,grabcut_point_box,ok,,0.887583,0.940444,631.610000
val_000159,person,grabcut_point_box,ok,,0.775253,0.873400,460.230200
val_000160,sheep,grabcut_point_box,ok,,0.795425,0.886057,195.248700
val_000161,sheep,grabcut_point_box,ok,,0.000000,0.000000,175.932400
val_000162,boat,grabcut_point_box,ok,,0.328148,0.494144,1114.928400
val_000163,bicycle,grabcut_point_box,ok,,0.321942,0.487074,462.730400
val_000164,cow,grabcut_point_box,ok,,0.792219,0.884065,270.449300
val_000165,dog,grabcut_point_box,ok,,0.816894,0.899220,553.872800
val_000166,motorbike,grabcut_point_box,ok,,0.460182,0.630307,397.472400
val_000167,person,grabcut_point_box,ok,,0.794917,0.885742,187.106700
val_000168,bottle,grabcut_point_box,ok,,0.947461,0.973022,1468.506200
val_000169,car,grabcut_point_box,ok,,0.978723,0.989247,333.269100
val_000170,person,grabcut_point_box,ok,,0.622344,0.767216,589.070600
val_000171,horse,grabcut_point_box,ok,,0.624217,0.768638,334.651300
val_000172,motorbike,grabcut_point_box,ok,,0.822722,0.902740,313.265000
val_000173,aeroplane,grabcut_point_box,ok,,0.642612,0.782427,179.072600
val_000174,bottle,grabcut_point_box,ok,,0.906769,0.951105,688.489600
val_000175,cat,grabcut_point_box,ok,,0.564763,0.721851,796.613100
val_000176,sheep,grabcut_point_box,ok,,0.810129,0.895106,1062.773700
val_000177,aeroplane,grabcut_point_box,ok,,0.443086,0.614082,354.238200
val_000178,car,grabcut_point_box,ok,,0.494655,0.661899,1124.199500
val_000179,aeroplane,grabcut_point_box,ok,,0.478231,0.647031,223.943400
val_000180,person,grabcut_point_box,ok,,0.510451,0.675892,738.275100
val_000181,train,grabcut_point_box,ok,,0.857249,0.923138,815.494000
val_000182,train,grabcut_point_box,ok,,0.959032,0.979087,544.978500
val_000183,dog,grabcut_point_box,ok,,0.785662,0.879967,1238.386700
val_000184,boat,grabcut_point_box,ok,,0.488459,0.656329,708.001100
val_000185,motorbike,grabcut_point_box,ok,,0.799467,0.888560,211.272000
val_000186,diningtable,grabcut_point_box,ok,,0.072009,0.134345,337.580900
val_000187,pottedplant,grabcut_point_box,ok,,0.521081,0.685145,195.465700
val_000188,aeroplane,grabcut_point_box,ok,,0.761053,0.864316,426.861300
val_000189,diningtable,grabcut_point_box,ok,,0.249865,0.399827,625.890700
val_000190,person,grabcut_point_box,ok,,0.779275,0.875947,394.944100
val_000191,pottedplant,grabcut_point_box,ok,,0.569142,0.725418,237.602400
val_000192,bus,grabcut_point_box,ok,,0.907528,0.951522,339.436300
val_000193,sheep,grabcut_point_box,ok,,0.770394,0.870308,236.270400
val_000194,bus,grabcut_point_box,ok,,0.843589,0.915159,247.258900
val_000195,person,grabcut_point_box,ok,,0.747037,0.855204,189.111700
val_000196,car,grabcut_point_box,ok,,0.000000,0.000000,149.147900
val_000197,boat,grabcut_point_box,ok,,0.861962,0.925864,171.730700
val_000198,person,grabcut_point_box,ok,,0.893911,0.943984,580.745700
val_000199,diningtable,grabcut_point_box,ok,,0.883881,0.938362,634.136300
val_000200,person,grabcut_point_box,ok,,0.766536,0.867841,865.133400
val_000201,dog,grabcut_point_box,ok,,0.626040,0.770018,1260.388500
val_000202,diningtable,grabcut_point_box,ok,,0.855734,0.922259,536.711600
val_000203,cat,grabcut_point_box,ok,,0.742445,0.852188,761.091800
val_000204,car,grabcut_point_box,ok,,0.758844,0.862889,384.651300
val_000205,chair,grabcut_point_box,ok,,0.852118,0.920155,447.460400
val_000206,horse,grabcut_point_box,ok,,0.627141,0.770850,330.119400
val_000207,sofa,grabcut_point_box,ok,,0.874499,0.933048,244.348500
val_000208,person,grabcut_point_box,ok,,0.583478,0.736957,298.829900
val_000209,bicycle,grabcut_point_box,ok,,0.142510,0.249468,4273.917400
val_000210,boat,grabcut_point_box,ok,,0.852877,0.920598,193.021500
val_000211,chair,grabcut_point_box,ok,,0.926752,0.961983,909.251100
val_000212,person,grabcut_point_box,ok,,0.684777,0.812899,888.052100
val_000213,motorbike,grabcut_point_box,ok,,0.690020,0.816582,1477.201200
val_000214,sheep,grabcut_point_box,ok,,0.948258,0.973442,238.055600
val_000215,train,grabcut_point_box,ok,,0.864494,0.927323,878.720700
val_000216,person,grabcut_point_box,ok,,0.643441,0.783041,1986.137000
val_000217,cow,grabcut_point_box,ok,,0.785975,0.880164,622.472900
val_000218,train,grabcut_point_box,ok,,0.765477,0.867161,1037.586400
val_000219,sheep,grabcut_point_box,ok,,0.874891,0.933272,162.298500
val_000220,cow,grabcut_point_box,ok,,0.700097,0.823596,605.195300
val_000221,person,grabcut_point_box,ok,,0.465548,0.635323,915.235600
val_000222,horse,grabcut_point_box,ok,,0.573250,0.728746,577.126500
val_000223,aeroplane,grabcut_point_box,ok,,0.936549,0.967235,841.383700
val_000224,person,grabcut_point_box,ok,,0.614192,0.760990,1153.158200
val_000225,bird,grabcut_point_box,ok,,0.857273,0.923153,521.665300
val_000226,horse,grabcut_point_box,ok,,0.650018,0.787892,602.883800
val_000227,tvmonitor,grabcut_point_box,ok,,0.859627,0.924515,197.986900
val_000228,sheep,grabcut_point_box,ok,,0.778337,0.875354,696.025500
val_000229,train,grabcut_point_box,ok,,0.778487,0.875449,1055.379200
val_000230,person,grabcut_point_box,ok,,0.706772,0.828197,305.887300
val_000231,tvmonitor,grabcut_point_box,ok,,0.720324,0.837428,247.247900
val_000232,tvmonitor,grabcut_point_box,ok,,0.383318,0.554201,325.444200
val_000233,motorbike,grabcut_point_box,ok,,0.888676,0.941057,361.461200
val_000234,person,grabcut_point_box,ok,,0.555213,0.714002,252.762400
val_000235,aeroplane,grabcut_point_box,ok,,0.492456,0.659927,590.168600
val_000236,car,grabcut_point_box,ok,,0.740087,0.850632,213.769500
val_000237,sofa,grabcut_point_box,ok,,0.777460,0.874799,1131.637500
val_000238,aeroplane,grabcut_point_box,ok,,0.912440,0.954215,311.965800
val_000239,boat,grabcut_point_box,ok,,0.000000,0.000000,271.044300
val_000240,person,grabcut_point_box,ok,,0.762764,0.865418,748.154100
val_000241,person,grabcut_point_box,ok,,0.640485,0.780849,527.826500
val_000242,cat,grabcut_point_box,ok,,0.529462,0.692351,4408.618300
val_000243,sheep,grabcut_point_box,ok,,0.900493,0.947641,1249.214300
val_000244,pottedplant,grabcut_point_box,ok,,0.000000,0.000000,228.747900
val_000245,diningtable,grabcut_point_box,ok,,0.989011,0.994475,301.031700
val_000246,motorbike,grabcut_point_box,error,"error: OpenCV(4.10.0) D:\a\opencv-python\opencv-python\opencv\modules\imgproc\src\grabcut.cpp:386: error: (-215:Assertion failed) !bgdSamples.empty() && !fgdSamples.empty() in function 'initGMMs'
",,,2.665100
val_000247,horse,grabcut_point_box,ok,,0.620096,0.765505,327.792700
val_000248,person,grabcut_point_box,ok,,0.706380,0.827928,427.319500
val_000249,diningtable,grabcut_point_box,ok,,0.980918,0.990367,423.510100
val_000250,car,grabcut_point_box,ok,,0.818861,0.900410,475.109800
val_000251,car,grabcut_point_box,ok,,0.000000,0.000000,183.677300
val_000252,person,grabcut_point_box,ok,,0.542304,0.703239,315.547400
val_000253,person,grabcut_point_box,ok,,0.638418,0.779310,220.472700
val_000254,train,grabcut_point_box,ok,,0.839492,0.912743,578.301500
val_000255,person,grabcut_point_box,ok,,0.886018,0.939565,215.103500
val_000256,bird,grabcut_point_box,ok,,0.872382,0.931842,413.729900
val_000257,bird,grabcut_point_box,ok,,0.538788,0.700276,407.099800
val_000258,chair,grabcut_point_box,ok,,0.825406,0.904353,239.703200
val_000259,person,grabcut_point_box,ok,,0.384994,0.555951,602.749200
val_000260,tvmonitor,grabcut_point_box,ok,,0.906821,0.951134,509.523100
val_000261,dog,grabcut_point_box,ok,,0.772528,0.871668,951.810500
val_000262,horse,grabcut_point_box,ok,,0.703807,0.826158,330.547000
val_000263,sofa,grabcut_point_box,error,"error: OpenCV(4.10.0) D:\a\opencv-python\opencv-python\opencv\modules\imgproc\src\grabcut.cpp:386: error: (-215:Assertion failed) !bgdSamples.empty() && !fgdSamples.empty() in function 'initGMMs'
",,,2.584700
val_000264,train,grabcut_point_box,ok,,0.010787,0.021344,292.205400
val_000265,tvmonitor,grabcut_point_box,ok,,0.939065,0.968575,195.044800
val_000266,dog,grabcut_point_box,ok,,0.896738,0.945558,217.782200
val_000267,person,grabcut_point_box,ok,,0.880164,0.936263,630.369600
val_000268,sofa,grabcut_point_box,ok,,0.831337,0.907902,392.690000
val_000269,pottedplant,grabcut_point_box,ok,,0.724014,0.839917,933.722400
val_000270,horse,grabcut_point_box,ok,,0.726346,0.841484,196.019500
val_000271,boat,grabcut_point_box,ok,,0.415085,0.586657,237.778800
val_000272,bird,grabcut_point_box,ok,,0.876231,0.934033,308.655100
val_000273,person,grabcut_point_box,ok,,0.909029,0.952347,253.596200
val_000274,cow,grabcut_point_box,ok,,0.905516,0.950416,184.694800
val_000275,bus,grabcut_point_box,ok,,0.863308,0.926640,930.660800
val_000276,horse,grabcut_point_box,ok,,0.731380,0.844852,101.764900
val_000277,cat,grabcut_point_box,ok,,0.866751,0.928620,943.716100
val_000278,person,grabcut_point_box,ok,,0.854009,0.921257,341.533200
val_000279,person,grabcut_point_box,error,"error: OpenCV(4.10.0) D:\a\opencv-python\opencv-python\opencv\modules\imgproc\src\grabcut.cpp:386: error: (-215:Assertion failed) !bgdSamples.empty() && !fgdSamples.empty() in function 'initGMMs'
",,,3.787800
val_000280,dog,grabcut_point_box,ok,,0.655157,0.791655,902.090600
val_000281,cow,grabcut_point_box,ok,,0.896428,0.945386,276.344600
val_000282,dog,grabcut_point_box,ok,,0.812294,0.896426,1161.076700
val_000283,bus,grabcut_point_box,ok,,0.519240,0.683552,374.095100
val_000284,person,grabcut_point_box,ok,,0.805321,0.892164,287.192900
val_000285,motorbike,grabcut_point_box,ok,,0.535888,0.697822,963.544900
val_000286,bird,grabcut_point_box,ok,,0.899772,0.947242,508.660700
val_000287,car,grabcut_point_box,ok,,0.813779,0.897330,401.559300
val_000288,cat,grabcut_point_box,ok,,0.930428,0.963960,381.956100
val_000289,cow,grabcut_point_box,ok,,0.664017,0.798089,621.625700
val_000290,horse,grabcut_point_box,ok,,0.696474,0.821084,251.423800
val_000291,sofa,grabcut_point_box,ok,,0.976113,0.987912,414.501100
val_000292,person,grabcut_point_box,ok,,0.666361,0.799780,565.265700
val_000293,person,grabcut_point_box,ok,,0.792097,0.883989,782.855000
val_000294,bird,grabcut_point_box,ok,,0.884769,0.938862,248.682600
val_000295,person,grabcut_point_box,ok,,0.719028,0.836552,288.813700
val_000296,cat,grabcut_point_box,ok,,0.520216,0.684398,361.448000
val_000297,bus,grabcut_point_box,ok,,0.853275,0.920830,194.430200
val_000298,diningtable,grabcut_point_box,ok,,0.753049,0.859130,693.945000
val_000299,pottedplant,grabcut_point_box,ok,,0.449747,0.620449,185.035800
val_000300,tvmonitor,grabcut_point_box,ok,,0.880449,0.936424,543.249400
val_000301,bottle,grabcut_point_box,ok,,0.895520,0.944880,294.028600
val_000302,sofa,grabcut_point_box,ok,,0.943053,0.970692,206.179800
val_000303,dog,grabcut_point_box,ok,,0.387565,0.558626,1370.813400
val_000304,dog,grabcut_point_box,ok,,0.905287,0.950289,150.166500
val_000305,person,grabcut_point_box,ok,,0.935055,0.966438,585.596800
val_000306,sofa,grabcut_point_box,ok,,0.800491,0.889192,486.853500
val_000307,person,grabcut_point_box,ok,,0.420352,0.591898,1202.724000
val_000308,person,grabcut_point_box,ok,,0.813374,0.897084,1247.917400
val_000309,person,grabcut_point_box,ok,,0.654000,0.790810,252.339300
val_000310,diningtable,grabcut_point_box,ok,,0.483470,0.651809,1043.955000
val_000311,pottedplant,grabcut_point_box,ok,,0.857919,0.923527,229.891600
val_000312,motorbike,grabcut_point_box,ok,,0.767908,0.868719,511.167400
val_000313,bus,grabcut_point_box,ok,,0.450923,0.621567,556.275000
val_000314,cat,grabcut_point_box,ok,,0.965125,0.982253,1122.630900
val_000315,bird,grabcut_point_box,ok,,0.564268,0.721447,511.822200
val_000316,horse,grabcut_point_box,ok,,0.783613,0.878681,239.967100
val_000317,cow,grabcut_point_box,ok,,0.840541,0.913363,801.154400
val_000318,aeroplane,grabcut_point_box,ok,,0.907878,0.951715,296.618200
val_000319,cat,grabcut_point_box,ok,,0.768688,0.869218,252.284500
val_000320,motorbike,grabcut_point_box,ok,,0.621148,0.766306,361.293700
val_000321,cow,grabcut_point_box,ok,,0.647373,0.785946,195.539600
val_000322,tvmonitor,grabcut_point_box,ok,,0.914171,0.955161,382.120500
val_000323,cow,grabcut_point_box,ok,,0.855862,0.922334,326.483300
val_000324,bus,grabcut_point_box,ok,,0.885480,0.939262,391.179900
val_000325,dog,grabcut_point_box,ok,,0.714635,0.833571,649.938300
val_000326,chair,grabcut_point_box,ok,,0.859831,0.924633,577.340900
val_000327,boat,grabcut_point_box,ok,,0.575062,0.730209,446.192100
val_000328,bird,grabcut_point_box,ok,,0.720184,0.837334,189.586700
val_000329,sofa,grabcut_point_box,ok,,0.969372,0.984448,224.850000
val_000330,cat,grabcut_point_box,ok,,0.756933,0.861652,260.072300
val_000331,person,grabcut_point_box,ok,,0.932782,0.965222,555.601000
val_000332,person,grabcut_point_box,ok,,0.892134,0.942992,832.045300
val_000333,person,grabcut_point_box,ok,,0.775436,0.873516,217.401200
val_000334,person,grabcut_point_box,ok,,0.913869,0.954996,478.027500
val_000335,person,grabcut_point_box,ok,,0.807268,0.893357,761.827500
val_000336,dog,grabcut_point_box,ok,,0.881463,0.936997,206.100300
val_000337,person,grabcut_point_box,ok,,0.000000,0.000000,158.310500
val_000338,sofa,grabcut_point_box,ok,,0.652757,0.789901,304.006800
val_000339,person,grabcut_point_box,ok,,0.857697,0.923398,394.425700
val_000340,cat,grabcut_point_box,ok,,0.846885,0.917096,947.291200
val_000341,person,grabcut_point_box,ok,,0.544373,0.704976,1105.166100
val_000342,pottedplant,grabcut_point_box,ok,,0.496203,0.663283,446.111200
val_000343,cat,grabcut_point_box,ok,,0.704566,0.826681,3826.764600
val_000344,cat,grabcut_point_box,ok,,0.622900,0.767639,675.036700
val_000345,person,grabcut_point_box,ok,,0.000000,0.000000,172.690900
val_000346,person,grabcut_point_box,ok,,0.333987,0.500734,629.762700
val_000347,car,grabcut_point_box,ok,,0.972751,0.986187,212.117600
val_000348,person,grabcut_point_box,ok,,0.576478,0.731349,295.347900
val_000349,bird,grabcut_point_box,ok,,0.945075,0.971762,248.958000
val_000350,person,grabcut_point_box,ok,,0.824526,0.903825,432.176300
val_000351,sofa,grabcut_point_box,ok,,0.657319,0.793232,477.766600
val_000352,horse,grabcut_point_box,ok,,0.924402,0.960716,600.450800
val_000353,person,grabcut_point_box,ok,,0.617130,0.763241,463.605100
val_000354,train,grabcut_point_box,ok,,0.721229,0.838040,763.461500
val_000355,person,grabcut_point_box,ok,,0.722104,0.838630,597.754600
val_000356,person,grabcut_point_box,ok,,0.920811,0.958773,275.882700
val_000357,person,grabcut_point_box,ok,,0.855577,0.922168,92.349200
val_000358,person,grabcut_point_box,ok,,0.559090,0.717201,391.720800
val_000359,person,grabcut_point_box,ok,,0.755261,0.860568,588.507200
val_000360,bicycle,grabcut_point_box,ok,,0.502454,0.668844,232.257500
val_000361,person,grabcut_point_box,ok,,0.563504,0.720822,332.162300
val_000362,diningtable,grabcut_point_box,ok,,0.702675,0.825377,616.360900
val_000363,horse,grabcut_point_box,ok,,0.606892,0.755361,1441.244100
val_000364,motorbike,grabcut_point_box,ok,,0.569395,0.725624,804.768000
val_000365,person,grabcut_point_box,ok,,0.746635,0.854941,282.889200
val_000366,motorbike,grabcut_point_box,ok,,0.878487,0.935313,437.411200
val_000367,bird,grabcut_point_box,ok,,0.577229,0.731953,179.602600
val_000368,cat,grabcut_point_box,ok,,0.865702,0.928018,199.518700
val_000369,dog,grabcut_point_box,ok,,0.843903,0.915344,494.808700
val_000370,bottle,grabcut_point_box,ok,,0.849947,0.918888,217.950900
val_000371,cow,grabcut_point_box,ok,,0.890853,0.942276,436.460400
val_000372,dog,grabcut_point_box,ok,,0.948124,0.973371,384.219000
val_000373,person,grabcut_point_box,ok,,0.666459,0.799850,610.522300
val_000374,boat,grabcut_point_box,ok,,0.550389,0.710001,971.769000
val_000375,person,grabcut_point_box,ok,,0.537014,0.698776,282.087200
val_000376,boat,grabcut_point_box,ok,,0.924306,0.960664,238.315400
val_000377,dog,grabcut_point_box,ok,,0.808007,0.893809,322.181700
val_000378,person,grabcut_point_box,ok,,0.732326,0.845483,556.185300
val_000379,person,grabcut_point_box,ok,,0.511173,0.676525,493.155000
val_000380,cat,grabcut_point_box,ok,,0.850472,0.919195,496.260600
val_000381,boat,grabcut_point_box,ok,,0.722649,0.838998,248.115100
val_000382,motorbike,grabcut_point_box,ok,,0.000000,0.000000,201.252900
val_000383,person,grabcut_point_box,ok,,0.723192,0.839363,563.742900
val_000384,person,grabcut_point_box,ok,,0.563634,0.720928,187.221300
val_000385,person,grabcut_point_box,ok,,0.805343,0.892177,451.608400
val_000386,boat,grabcut_point_box,ok,,0.747591,0.855568,329.952900
val_000387,person,grabcut_point_box,ok,,0.678184,0.808236,1187.677800
val_000388,person,grabcut_point_box,ok,,0.597116,0.747743,863.129300
val_000389,dog,grabcut_point_box,ok,,0.929153,0.963276,320.369300
val_000390,person,grabcut_point_box,ok,,0.808543,0.894137,275.601400
val_000391,cat,grabcut_point_box,ok,,0.834075,0.909532,1124.640800
val_000392,chair,grabcut_point_box,ok,,0.193458,0.324198,573.622200
val_000393,dog,grabcut_point_box,ok,,0.842778,0.914682,222.017700
val_000394,person,grabcut_point_box,ok,,0.681304,0.810447,868.666300
val_000395,person,grabcut_point_box,ok,,0.893430,0.943716,567.979300
val_000396,cat,grabcut_point_box,ok,,0.324757,0.490289,2435.305600
val_000397,bird,grabcut_point_box,ok,,0.789246,0.882211,299.041900
val_000398,person,grabcut_point_box,ok,,0.577656,0.732297,263.145400
val_000399,aeroplane,grabcut_point_box,ok,,0.545269,0.705727,1287.629900
val_000400,person,grabcut_point_box,ok,,0.923178,0.960055,295.293400
val_000401,boat,grabcut_point_box,ok,,0.142695,0.249751,265.680000
val_000402,person,grabcut_point_box,ok,,0.961948,0.980605,282.418100
val_000403,cat,grabcut_point_box,ok,,0.697518,0.821809,905.009900
val_000404,horse,grabcut_point_box,ok,,0.548161,0.708145,512.417900
val_000405,tvmonitor,grabcut_point_box,ok,,0.920904,0.958824,209.776200
val_000406,chair,grabcut_point_box,ok,,0.077911,0.144558,518.987500
val_000407,person,grabcut_point_box,ok,,0.658092,0.793794,505.124700
val_000408,person,grabcut_point_box,ok,,0.563870,0.721121,654.223700
val_000409,cat,grabcut_point_box,ok,,0.813837,0.897365,652.748000
val_000410,person,grabcut_point_box,ok,,0.985332,0.992612,377.688200
val_000411,pottedplant,grabcut_point_box,ok,,0.879201,0.935718,385.349000
val_000412,aeroplane,grabcut_point_box,ok,,0.436928,0.608142,275.428300
val_000413,person,grabcut_point_box,ok,,0.588828,0.741210,568.986100
val_000414,bird,grabcut_point_box,ok,,0.900312,0.947541,248.848900
val_000415,cat,grabcut_point_box,ok,,0.784555,0.879272,296.679300
val_000416,bus,grabcut_point_box,ok,,0.846820,0.917058,476.189200
val_000417,car,grabcut_point_box,ok,,0.791568,0.883659,465.482100
val_000418,dog,grabcut_point_box,ok,,0.855533,0.922143,281.757200
val_000419,motorbike,grabcut_point_box,ok,,0.000000,0.000000,317.035800
val_000420,person,grabcut_point_box,ok,,0.758880,0.862913,194.096000
val_000421,bicycle,grabcut_point_box,ok,,0.166116,0.284905,1314.754700
val_000422,pottedplant,grabcut_point_box,ok,,0.122061,0.217565,435.890000
val_000423,aeroplane,grabcut_point_box,ok,,0.669146,0.801782,512.720700
val_000424,pottedplant,grabcut_point_box,ok,,0.841178,0.913739,498.844900
val_000425,motorbike,grabcut_point_box,ok,,0.661236,0.796077,492.313200
val_000426,bird,grabcut_point_box,ok,,0.933139,0.965413,438.737100
val_000427,tvmonitor,grabcut_point_box,ok,,0.620459,0.765782,536.331300
val_000428,bottle,grabcut_point_box,ok,,0.918484,0.957510,340.703900
val_000429,boat,grabcut_point_box,ok,,0.735849,0.847826,202.038700
val_000430,person,grabcut_point_box,ok,,0.010670,0.021115,268.633900
val_000431,boat,grabcut_point_box,ok,,0.915206,0.955726,338.657800
val_000432,chair,grabcut_point_box,ok,,0.491375,0.658955,269.343300
val_000433,sheep,grabcut_point_box,ok,,0.766078,0.867547,264.024200
val_000434,person,grabcut_point_box,ok,,0.975165,0.987426,233.625300
val_000435,cat,grabcut_point_box,ok,,0.489841,0.657575,383.892800
val_000436,tvmonitor,grabcut_point_box,ok,,0.887897,0.940620,300.518500
val_000437,cat,grabcut_point_box,ok,,0.944473,0.971444,365.107300
val_000438,diningtable,grabcut_point_box,ok,,0.729653,0.843699,529.159400
val_000439,cow,grabcut_point_box,ok,,0.593476,0.744882,1071.701100
val_000440,horse,grabcut_point_box,ok,,0.737689,0.849046,528.735800
val_000441,dog,grabcut_point_box,ok,,0.658392,0.794013,905.133600
val_000442,person,grabcut_point_box,ok,,0.572153,0.727859,1188.259000
val_000443,train,grabcut_point_box,ok,,0.964732,0.982049,1005.625700
val_000444,dog,grabcut_point_box,ok,,0.943392,0.970872,456.694700
val_000445,person,grabcut_point_box,ok,,0.391513,0.562716,385.571400
val_000446,dog,grabcut_point_box,ok,,0.804369,0.891579,1661.703300
val_000447,person,grabcut_point_box,ok,,0.891035,0.942378,384.371600
val_000448,car,grabcut_point_box,ok,,0.774525,0.872938,584.713300
val_000449,tvmonitor,grabcut_point_box,ok,,0.985442,0.992668,196.987000
val_000450,tvmonitor,grabcut_point_box,ok,,0.993553,0.996766,278.575600
val_000451,boat,grabcut_point_box,ok,,0.917511,0.956981,234.984700
val_000452,person,grabcut_point_box,ok,,0.572919,0.728479,521.183600
val_000453,train,grabcut_point_box,ok,,0.873448,0.932449,569.792500
val_000454,person,grabcut_point_box,ok,,0.851690,0.919906,278.491800
val_000455,bird,grabcut_point_box,ok,,0.653066,0.790127,775.123000
val_000456,pottedplant,grabcut_point_box,ok,,0.672261,0.804015,206.276000
val_000457,bus,grabcut_point_box,ok,,0.959257,0.979205,591.446400
val_000458,aeroplane,grabcut_point_box,ok,,0.787769,0.881287,580.737500
val_000459,person,grabcut_point_box,ok,,0.779874,0.876325,579.882500
val_000460,dog,grabcut_point_box,ok,,0.702725,0.825413,523.647300
val_000461,bicycle,grabcut_point_box,ok,,0.189120,0.318084,2448.608700
val_000462,person,grabcut_point_box,ok,,0.943864,0.971121,417.309500
val_000463,car,grabcut_point_box,ok,,0.716563,0.834881,162.189700
val_000464,aeroplane,grabcut_point_box,ok,,0.968538,0.984017,306.207300
val_000465,horse,grabcut_point_box,ok,,0.749888,0.857070,260.728500
val_000466,person,grabcut_point_box,ok,,0.544050,0.704705,340.819300
val_000467,horse,grabcut_point_box,ok,,0.508797,0.674440,593.299500
val_000468,diningtable,grabcut_point_box,ok,,0.971510,0.985549,347.171100
val_000469,person,grabcut_point_box,ok,,0.138809,0.243779,1184.571200
val_000470,cat,grabcut_point_box,ok,,0.924604,0.960825,757.370500
val_000471,person,grabcut_point_box,ok,,0.898173,0.946355,307.822600
val_000472,person,grabcut_point_box,ok,,0.816072,0.898722,218.728200
val_000473,dog,grabcut_point_box,ok,,0.820923,0.901656,463.599400
val_000474,car,grabcut_point_box,ok,,0.706845,0.828248,816.206800
val_000475,person,grabcut_point_box,ok,,0.762218,0.865067,225.461700
val_000476,sofa,grabcut_point_box,ok,,0.916340,0.956344,188.565600
val_000477,person,grabcut_point_box,ok,,0.868000,0.929336,829.833200
val_000478,bus,grabcut_point_box,ok,,0.839452,0.912720,466.024700
val_000479,horse,grabcut_point_box,ok,,0.560194,0.718108,938.099900
val_000480,chair,grabcut_point_box,ok,,0.385727,0.556715,482.685900
val_000481,car,grabcut_point_box,ok,,0.854656,0.921633,728.869900
val_000482,person,grabcut_point_box,ok,,0.628994,0.772248,323.977500
val_000483,boat,grabcut_point_box,ok,,0.765897,0.867431,1166.762000
val_000484,person,grabcut_point_box,ok,,0.778007,0.875145,375.530900
val_000485,aeroplane,grabcut_point_box,ok,,0.910918,0.953383,254.916400
val_000486,tvmonitor,grabcut_point_box,ok,,0.491511,0.659078,1658.751600
val_000487,boat,grabcut_point_box,ok,,0.945835,0.972164,297.418500
val_000488,aeroplane,grabcut_point_box,ok,,0.722831,0.839120,1043.175700
val_000489,aeroplane,grabcut_point_box,ok,,0.780916,0.876983,449.229300
val_000490,car,grabcut_point_box,ok,,0.891053,0.942388,341.509700
val_000491,person,grabcut_point_box,ok,,0.797875,0.887576,783.238300
val_000492,person,grabcut_point_box,ok,,0.566347,0.723143,471.641800
val_000493,sofa,grabcut_point_box,ok,,0.978209,0.988985,243.762800
val_000494,horse,grabcut_point_box,ok,,0.865862,0.928110,86.550800
val_000495,train,grabcut_point_box,ok,,0.906569,0.950995,497.480900
val_000496,tvmonitor,grabcut_point_box,ok,,0.964042,0.981692,217.927400
val_000497,car,grabcut_point_box,ok,,0.000000,0.000000,172.415400
val_000498,motorbike,grabcut_point_box,ok,,0.663959,0.798047,843.182800
val_000499,bicycle,grabcut_point_box,ok,,0.285855,0.444615,329.488700
val_000500,train,grabcut_point_box,ok,,0.890857,0.942278,386.890800
val_000501,horse,grabcut_point_box,ok,,0.734684,0.847052,879.970600
val_000502,motorbike,grabcut_point_box,ok,,0.757060,0.861735,237.786700
val_000503,sheep,grabcut_point_box,ok,,0.737063,0.848631,624.327200
val_000504,pottedplant,grabcut_point_box,ok,,0.303756,0.465971,401.986600
val_000505,car,grabcut_point_box,ok,,0.799565,0.888620,430.427900
val_000506,sofa,grabcut_point_box,ok,,0.919613,0.958124,335.001300
val_000507,person,grabcut_point_box,ok,,0.681070,0.810282,577.389700
val_000508,train,grabcut_point_box,ok,,0.921185,0.958976,469.608500
val_000509,chair,grabcut_point_box,ok,,0.988123,0.994026,233.512500
val_000510,sheep,grabcut_point_box,ok,,0.957000,0.978028,284.727400
val_000511,horse,grabcut_point_box,ok,,0.602035,0.751588,580.204900
val_000512,person,grabcut_point_box,ok,,0.555833,0.714515,566.065500
val_000513,bottle,grabcut_point_box,ok,,0.044808,0.085773,1562.974600
val_000514,horse,grabcut_point_box,ok,,0.843614,0.915174,259.537400
val_000515,cow,grabcut_point_box,ok,,0.933914,0.965828,363.570500
val_000516,aeroplane,grabcut_point_box,ok,,0.553206,0.712341,2573.299400
val_000517,horse,grabcut_point_box,ok,,0.831389,0.907933,1612.957200
val_000518,tvmonitor,grabcut_point_box,ok,,0.949235,0.973957,325.496800
val_000519,bicycle,grabcut_point_box,ok,,0.223659,0.365558,1494.464800
val_000520,sheep,grabcut_point_box,ok,,0.950227,0.974478,350.318600
val_000521,tvmonitor,grabcut_point_box,ok,,0.970941,0.985256,204.171700
val_000522,bicycle,grabcut_point_box,ok,,0.333468,0.500151,440.799200
val_000523,motorbike,grabcut_point_box,ok,,0.679655,0.809279,514.737500
val_000524,tvmonitor,grabcut_point_box,ok,,0.842481,0.914507,214.695700
val_000525,cow,grabcut_point_box,ok,,0.939581,0.968850,302.033500
val_000526,cow,grabcut_point_box,ok,,0.883066,0.937902,963.847400
val_000527,diningtable,grabcut_point_box,ok,,0.977390,0.988566,237.875400
val_000528,dog,grabcut_point_box,ok,,0.000000,0.000000,248.786400
val_000529,pottedplant,grabcut_point_box,ok,,0.419458,0.591011,628.347300
val_000530,pottedplant,grabcut_point_box,ok,,0.903280,0.949183,603.117800
val_000531,motorbike,grabcut_point_box,ok,,0.535763,0.697716,589.958100
val_000532,tvmonitor,grabcut_point_box,ok,,0.969184,0.984351,260.989500
val_000533,bottle,grabcut_point_box,ok,,0.847719,0.917584,211.778300
val_000534,aeroplane,grabcut_point_box,ok,,0.691499,0.817617,576.135300
val_000535,boat,grabcut_point_box,ok,,0.818364,0.900110,202.338300
val_000536,person,grabcut_point_box,ok,,0.649721,0.787674,313.935200
val_000537,motorbike,grabcut_point_box,ok,,0.877356,0.934672,601.529800
val_000538,tvmonitor,grabcut_point_box,ok,,0.888872,0.941167,467.005300
val_000539,person,grabcut_point_box,ok,,0.410811,0.582376,491.023500
val_000540,horse,grabcut_point_box,ok,,0.917774,0.957124,1148.576800
val_000541,train,grabcut_point_box,ok,,0.906517,0.950967,466.209100
val_000542,boat,grabcut_point_box,ok,,0.077845,0.144445,430.986900
val_000543,sheep,grabcut_point_box,ok,,0.868040,0.929359,489.028400
val_000544,motorbike,grabcut_point_box,ok,,0.919186,0.957892,584.980300
val_000545,horse,grabcut_point_box,ok,,0.818759,0.900349,522.932200
val_000546,bus,grabcut_point_box,ok,,0.938999,0.968540,191.052600
val_000547,pottedplant,grabcut_point_box,ok,,0.757883,0.862268,282.105000
val_000548,horse,grabcut_point_box,ok,,0.498165,0.665034,1167.588400
val_000549,bicycle,grabcut_point_box,ok,,0.110229,0.198570,725.797300
val_000550,person,grabcut_point_box,ok,,0.605426,0.754225,300.813300
val_000551,person,grabcut_point_box,ok,,0.673515,0.804911,1109.047900
val_000552,bottle,grabcut_point_box,ok,,0.976172,0.987942,262.189600
val_000553,motorbike,grabcut_point_box,ok,,0.735643,0.847689,780.842000
val_000554,diningtable,grabcut_point_box,ok,,0.224336,0.366462,873.674000
val_000555,horse,grabcut_point_box,ok,,0.000000,0.000000,239.269100
val_000556,train,grabcut_point_box,ok,,0.894811,0.944486,396.988100
val_000557,cow,grabcut_point_box,ok,,0.786276,0.880352,789.819200
val_000558,person,grabcut_point_box,ok,,0.731011,0.844606,297.404400
val_000559,dog,grabcut_point_box,ok,,0.915313,0.955784,397.614800
val_000560,bird,grabcut_point_box,ok,,0.000000,0.000000,190.850700
val_000561,tvmonitor,grabcut_point_box,ok,,0.840452,0.913310,352.757200
val_000562,aeroplane,grabcut_point_box,ok,,0.703597,0.826014,380.502000
val_000563,horse,grabcut_point_box,ok,,0.855119,0.921902,220.274100
val_000564,boat,grabcut_point_box,ok,,0.829361,0.906722,310.451400
val_000565,car,grabcut_point_box,ok,,0.435982,0.607225,356.242700
val_000566,person,grabcut_point_box,ok,,0.774345,0.872823,273.707200
val_000567,cat,grabcut_point_box,ok,,0.895926,0.945107,598.533100
val_000568,sheep,grabcut_point_box,ok,,0.639608,0.780196,868.837700
val_000569,cat,grabcut_point_box,ok,,0.877398,0.934696,306.939400
val_000570,diningtable,grabcut_point_box,ok,,0.637830,0.778872,566.991600
val_000571,cat,grabcut_point_box,ok,,0.903433,0.949267,403.166600
val_000572,train,grabcut_point_box,ok,,0.748100,0.855901,1747.287300
val_000573,person,grabcut_point_box,ok,,0.851918,0.920038,364.836100
val_000574,cow,grabcut_point_box,ok,,0.801040,0.889531,409.543800
val_000575,train,grabcut_point_box,ok,,0.834425,0.909740,685.043100
val_000576,bus,grabcut_point_box,ok,,0.396389,0.567734,357.609300
val_000577,aeroplane,grabcut_point_box,ok,,0.597564,0.748094,271.789400
val_000578,person,grabcut_point_box,ok,,0.262627,0.416001,478.413100
val_000579,train,grabcut_point_box,ok,,0.918247,0.957381,520.266900
val_000580,sofa,grabcut_point_box,ok,,0.862188,0.925995,210.618600
val_000581,sheep,grabcut_point_box,ok,,0.792750,0.884395,662.759300
val_000582,person,grabcut_point_box,ok,,0.209045,0.345802,712.661300
val_000583,dog,grabcut_point_box,ok,,0.954966,0.976965,347.230500
val_000584,car,grabcut_point_box,ok,,0.256053,0.407710,768.206300
val_000585,cow,grabcut_point_box,ok,,0.925041,0.961061,266.407900
val_000586,cow,grabcut_point_box,ok,,0.937908,0.967960,254.952000
val_000587,diningtable,grabcut_point_box,ok,,0.431028,0.602404,262.829600
val_000588,bird,grabcut_point_box,ok,,0.923235,0.960086,201.882900
val_000589,cow,grabcut_point_box,ok,,0.688597,0.815585,481.781000
val_000590,boat,grabcut_point_box,ok,,0.856701,0.922821,208.005300
val_000591,chair,grabcut_point_box,ok,,0.682056,0.810979,239.687900
val_000592,person,grabcut_point_box,ok,,0.854973,0.921817,904.590300
val_000593,cow,grabcut_point_box,ok,,0.865048,0.927641,433.516800
val_000594,aeroplane,grabcut_point_box,ok,,0.835118,0.910152,437.639800
val_000595,dog,grabcut_point_box,ok,,0.822947,0.902876,542.024500
val_000596,horse,grabcut_point_box,ok,,0.863000,0.926462,320.924700
val_000597,person,grabcut_point_box,ok,,0.874650,0.933134,312.621400
val_000598,sheep,grabcut_point_box,ok,,0.576405,0.731290,250.197500
val_000599,bird,grabcut_point_box,ok,,0.761264,0.864452,797.595200
val_000600,aeroplane,grabcut_point_box,ok,,0.641818,0.781838,108.473100
val_000601,dog,grabcut_point_box,ok,,0.608977,0.756974,1676.990500
val_000602,chair,grabcut_point_box,ok,,0.815880,0.898605,282.561100
val_000603,cat,grabcut_point_box,ok,,0.623035,0.767741,1184.788200
val_000604,cow,grabcut_point_box,ok,,0.898656,0.946623,217.522900
val_000605,sheep,grabcut_point_box,ok,,0.649655,0.787626,435.597800
val_000606,person,grabcut_point_box,ok,,0.858413,0.923813,363.808900
val_000607,bus,grabcut_point_box,ok,,0.966520,0.982975,434.951600
val_000608,car,grabcut_point_box,ok,,0.958333,0.978723,289.915200
val_000609,bottle,grabcut_point_box,ok,,0.829453,0.906777,278.620900
val_000610,sheep,grabcut_point_box,ok,,0.874280,0.932924,443.963400
val_000611,person,grabcut_point_box,ok,,0.658525,0.794109,343.251500
val_000612,aeroplane,grabcut_point_box,ok,,0.730711,0.844406,200.852900
val_000613,horse,grabcut_point_box,ok,,0.605361,0.754175,1702.425100
val_000614,person,grabcut_point_box,ok,,0.849813,0.918810,649.048300
val_000615,diningtable,grabcut_point_box,ok,,0.950241,0.974486,1670.409300
val_000616,sofa,grabcut_point_box,ok,,0.762917,0.865517,364.002300
val_000617,motorbike,grabcut_point_box,ok,,0.552394,0.711667,264.808700
val_000618,train,grabcut_point_box,ok,,0.683483,0.811987,1148.694700
val_000619,bus,grabcut_point_box,ok,,0.674776,0.805811,971.624300
val_000620,bird,grabcut_point_box,ok,,0.858345,0.923773,202.227200
val_000621,horse,grabcut_point_box,ok,,0.000000,0.000000,201.047500
val_000622,bus,grabcut_point_box,ok,,0.828198,0.906026,392.270400
val_000623,person,grabcut_point_box,ok,,0.792923,0.884503,915.845700
val_000624,diningtable,grabcut_point_box,ok,,0.814571,0.897811,258.284700
val_000625,horse,grabcut_point_box,ok,,0.817529,0.899605,599.242700
val_000626,horse,grabcut_point_box,ok,,0.754721,0.860217,1403.614600
val_000627,horse,grabcut_point_box,ok,,0.627173,0.770874,1586.864700
val_000628,pottedplant,grabcut_point_box,ok,,0.656359,0.792532,843.196800
val_000629,bus,grabcut_point_box,ok,,0.796525,0.886740,641.201900
val_000630,bicycle,grabcut_point_box,ok,,0.257158,0.409110,1873.914800
val_000631,bus,grabcut_point_box,ok,,0.935429,0.966637,280.975400
val_000632,bicycle,grabcut_point_box,ok,,0.000000,0.000000,1236.361500
val_000633,bird,grabcut_point_box,ok,,0.524515,0.688108,2415.279300
val_000634,horse,grabcut_point_box,ok,,0.844617,0.915764,228.942200
val_000635,cat,grabcut_point_box,ok,,0.752208,0.858583,626.250600
val_000636,train,grabcut_point_box,ok,,0.648973,0.787124,272.953800
val_000637,aeroplane,grabcut_point_box,ok,,0.303528,0.465702,475.425700
val_000638,bird,grabcut_point_box,ok,,0.810138,0.895112,339.608000
val_000639,sheep,grabcut_point_box,ok,,0.961636,0.980443,183.083400
val_000640,motorbike,grabcut_point_box,ok,,0.721813,0.838434,319.682900
val_000641,cat,grabcut_point_box,ok,,0.458454,0.628685,897.402700
val_000642,sofa,grabcut_point_box,ok,,0.941982,0.970124,252.607900
val_000643,sofa,grabcut_point_box,ok,,0.918326,0.957424,358.984600
val_000644,bottle,grabcut_point_box,ok,,0.778493,0.875452,402.411600
val_000645,tvmonitor,grabcut_point_box,ok,,0.935354,0.966597,184.121000
val_000646,bicycle,grabcut_point_box,ok,,0.102307,0.185623,1414.709700
val_000647,dog,grabcut_point_box,ok,,0.643019,0.782729,243.591700
val_000648,bottle,grabcut_point_box,ok,,0.903276,0.949180,280.758600
val_000649,aeroplane,grabcut_point_box,ok,,0.617670,0.763654,345.472300
val_000650,cow,grabcut_point_box,ok,,0.803142,0.890825,1148.067600
val_000651,sofa,grabcut_point_box,ok,,0.964352,0.981853,241.352900
val_000652,person,grabcut_point_box,ok,,0.757466,0.861998,250.272700
val_000653,bird,grabcut_point_box,ok,,0.784481,0.879226,355.266100
val_000654,bus,grabcut_point_box,ok,,0.927453,0.962361,402.527300
val_000655,bicycle,grabcut_point_box,ok,,0.204502,0.339563,205.165800
val_000656,bicycle,grabcut_point_box,error,"error: OpenCV(4.10.0) D:\a\opencv-python\opencv-python\opencv\modules\imgproc\src\grabcut.cpp:386: error: (-215:Assertion failed) !bgdSamples.empty() && !fgdSamples.empty() in function 'initGMMs'
",,,3.537500
val_000657,aeroplane,grabcut_point_box,ok,,0.912658,0.954335,482.377000
val_000658,tvmonitor,grabcut_point_box,ok,,0.887821,0.940577,254.618200
val_000659,horse,grabcut_point_box,ok,,0.686983,0.814451,737.162000
val_000660,person,grabcut_point_box,ok,,0.850532,0.919230,1135.393700
val_000661,boat,grabcut_point_box,ok,,0.557668,0.716030,197.337100
val_000662,bus,grabcut_point_box,ok,,0.500207,0.666851,387.359000
val_000663,aeroplane,grabcut_point_box,ok,,0.870256,0.930627,285.576400
val_000664,boat,grabcut_point_box,ok,,0.773264,0.872136,467.448400
val_000665,bus,grabcut_point_box,ok,,0.409703,0.581261,318.012300
val_000666,car,grabcut_point_box,ok,,0.000000,0.000000,220.880800
val_000667,boat,grabcut_point_box,ok,,0.517860,0.682356,1119.279800
val_000668,sofa,grabcut_point_box,ok,,0.733998,0.846596,83.675400
val_000669,pottedplant,grabcut_point_box,ok,,0.632575,0.774941,337.762700
val_000670,car,grabcut_point_box,ok,,0.739135,0.850003,758.017600
val_000671,bicycle,grabcut_point_box,ok,,0.268046,0.422770,814.434600
val_000672,bird,grabcut_point_box,ok,,0.715451,0.834126,361.379900
val_000673,train,grabcut_point_box,ok,,0.468661,0.638215,493.230500
val_000674,cow,grabcut_point_box,ok,,0.583530,0.736999,328.775700
val_000675,bird,grabcut_point_box,ok,,0.748272,0.856013,604.432800
val_000676,sheep,grabcut_point_box,ok,,0.897426,0.945940,338.377100
val_000677,person,grabcut_point_box,ok,,0.632238,0.774689,408.319600
val_000678,horse,grabcut_point_box,ok,,0.544461,0.705049,272.403300
val_000679,train,grabcut_point_box,ok,,0.904598,0.949910,434.549900
val_000680,cat,grabcut_point_box,ok,,0.704784,0.826831,2078.829900
val_000681,boat,grabcut_point_box,ok,,0.813968,0.897445,341.140800
val_000682,horse,grabcut_point_box,ok,,0.435769,0.607018,243.514000
val_000683,motorbike,grabcut_point_box,ok,,0.618553,0.764329,241.084600
val_000684,cow,grabcut_point_box,ok,,0.773453,0.872256,1283.784100
val_000685,sofa,grabcut_point_box,ok,,0.906447,0.950928,1040.491700
val_000686,cow,grabcut_point_box,ok,,0.940001,0.969073,488.230000
val_000687,car,grabcut_point_box,ok,,0.326152,0.491877,578.232900
val_000688,boat,grabcut_point_box,ok,,0.839542,0.912773,414.215600
val_000689,dog,grabcut_point_box,ok,,0.966454,0.982941,704.050500
val_000690,bottle,grabcut_point_box,ok,,0.482764,0.651168,325.642500
val_000691,train,grabcut_point_box,ok,,0.867820,0.929233,193.961900
val_000692,bird,grabcut_point_box,ok,,0.884733,0.938842,319.641100
val_000693,dog,grabcut_point_box,ok,,0.833140,0.908976,239.740700
val_000694,boat,grabcut_point_box,ok,,0.773271,0.872141,150.650000
val_000695,sheep,grabcut_point_box,ok,,0.889655,0.941606,440.070800
val_000696,horse,grabcut_point_box,ok,,0.845134,0.916068,235.688700
val_000697,dog,grabcut_point_box,ok,,0.817195,0.899403,337.349900
val_000698,cat,grabcut_point_box,ok,,0.834752,0.909934,377.741700
val_000699,dog,grabcut_point_box,ok,,0.744052,0.853245,194.143300
val_000700,bird,grabcut_point_box,ok,,0.910467,0.953135,804.562200
val_000701,bird,grabcut_point_box,ok,,0.643673,0.783213,572.478300
val_000702,cat,grabcut_point_box,ok,,0.835838,0.910579,978.591600
val_000703,bus,grabcut_point_box,ok,,0.936850,0.967395,570.148900
val_000704,bird,grabcut_point_box,ok,,0.000000,0.000000,269.774800
val_000705,bird,grabcut_point_box,ok,,0.845670,0.916382,447.172000
val_000706,diningtable,grabcut_point_box,error,"error: OpenCV(4.10.0) D:\a\opencv-python\opencv-python\opencv\modules\imgproc\src\grabcut.cpp:386: error: (-215:Assertion failed) !bgdSamples.empty() && !fgdSamples.empty() in function 'initGMMs'
",,,3.003500
val_000707,car,grabcut_point_box,ok,,0.874573,0.933090,230.451100
val_000708,car,grabcut_point_box,ok,,0.690851,0.817164,318.149600
val_000709,bottle,grabcut_point_box,ok,,0.000000,0.000000,164.067500
val_000710,person,grabcut_point_box,ok,,0.816457,0.898956,280.648800
val_000711,train,grabcut_point_box,ok,,0.754850,0.860301,357.030900
val_000712,bird,grabcut_point_box,ok,,0.837665,0.911662,261.034600
val_000713,aeroplane,grabcut_point_box,ok,,0.764806,0.866731,379.283700
val_000714,train,grabcut_point_box,ok,,0.749342,0.856713,1202.525900
val_000715,tvmonitor,grabcut_point_box,ok,,0.000000,0.000000,238.825800
val_000716,cat,grabcut_point_box,ok,,0.795557,0.886139,1404.952400
val_000717,cat,grabcut_point_box,ok,,0.754831,0.860289,426.160900
val_000718,horse,grabcut_point_box,ok,,0.702781,0.825451,300.393500
val_000719,sheep,grabcut_point_box,ok,,0.000000,0.000000,195.248500
val_000720,dog,grabcut_point_box,ok,,0.977303,0.988521,256.030800
val_000721,car,grabcut_point_box,ok,,0.802553,0.890463,830.628900
val_000722,bird,grabcut_point_box,ok,,0.844976,0.915975,321.466400
val_000723,bird,grabcut_point_box,ok,,0.819661,0.900894,299.040900
val_000724,sofa,grabcut_point_box,ok,,0.770539,0.870400,308.100800
val_000725,person,grabcut_point_box,ok,,0.761892,0.864857,239.572200
val_000726,bird,grabcut_point_box,ok,,0.708583,0.829439,344.813800
val_000727,pottedplant,grabcut_point_box,ok,,0.000000,0.000000,526.460300
val_000728,dog,grabcut_point_box,ok,,0.896790,0.945587,484.606000
val_000729,person,grabcut_point_box,ok,,0.860597,0.925076,387.443900
val_000730,sofa,grabcut_point_box,ok,,0.558484,0.716702,201.386500
val_000731,bird,grabcut_point_box,ok,,0.882112,0.937364,211.984000
val_000732,sheep,grabcut_point_box,ok,,0.619101,0.764746,1235.611500
val_000733,sofa,grabcut_point_box,ok,,0.554388,0.713320,463.912000
val_000734,bus,grabcut_point_box,ok,,0.760388,0.863887,873.895600
val_000735,bus,grabcut_point_box,ok,,0.740793,0.851098,636.899100
val_000736,bottle,grabcut_point_box,ok,,0.927684,0.962486,350.107700
val_000737,aeroplane,grabcut_point_box,ok,,0.849637,0.918707,340.007100
val_000738,aeroplane,grabcut_point_box,ok,,0.931600,0.964589,237.800800
val_000739,bus,grabcut_point_box,ok,,0.905916,0.950636,417.451700
val_000740,boat,grabcut_point_box,ok,,0.689118,0.815950,927.671500
val_000741,sheep,grabcut_point_box,ok,,0.708247,0.829209,2259.974600
val_000742,dog,grabcut_point_box,ok,,0.740896,0.851166,1140.493200
val_000743,cow,grabcut_point_box,ok,,0.625429,0.769556,394.379300
val_000744,person,grabcut_point_box,ok,,0.854709,0.921664,212.489100
val_000745,sheep,grabcut_point_box,ok,,0.823188,0.903021,497.488300
val_000746,tvmonitor,grabcut_point_box,ok,,0.874794,0.933216,309.468900
val_000747,horse,grabcut_point_box,ok,,0.608104,0.756300,313.991500
val_000748,cow,grabcut_point_box,ok,,0.572327,0.728000,1799.877400
val_000749,cow,grabcut_point_box,ok,,0.890254,0.941941,804.133000
val_000750,dog,grabcut_point_box,ok,,0.000000,0.000000,1303.988200
val_000751,car,grabcut_point_box,ok,,0.844390,0.915630,303.685200
val_000752,horse,grabcut_point_box,ok,,0.736294,0.848121,544.736600
val_000753,cow,grabcut_point_box,ok,,0.784461,0.879214,407.182600
val_000754,person,grabcut_point_box,ok,,0.798465,0.887941,359.670800
val_000755,train,grabcut_point_box,ok,,0.859674,0.924543,359.081300
val_000756,cow,grabcut_point_box,ok,,0.733837,0.846489,527.155900
val_000757,bus,grabcut_point_box,ok,,0.858960,0.924130,1192.309700
val_000758,motorbike,grabcut_point_box,ok,,0.830590,0.907456,851.313900
val_000759,train,grabcut_point_box,ok,,0.546991,0.707167,934.965800
val_000760,cat,grabcut_point_box,ok,,0.701870,0.824822,1067.689600
val_000761,train,grabcut_point_box,ok,,0.931609,0.964594,491.934800
val_000762,bicycle,grabcut_point_box,ok,,0.148924,0.259241,300.652400
val_000763,motorbike,grabcut_point_box,ok,,0.791264,0.883470,350.058000
val_000764,aeroplane,grabcut_point_box,ok,,0.809110,0.894484,184.427400
val_000765,person,grabcut_point_box,ok,,0.680980,0.810218,578.113200
val_000766,tvmonitor,grabcut_point_box,ok,,0.867451,0.929022,289.016800
val_000767,person,grabcut_point_box,ok,,0.750368,0.857383,396.495000
val_000768,motorbike,grabcut_point_box,ok,,0.133292,0.235230,1399.634300
val_000769,sofa,grabcut_point_box,ok,,0.759409,0.863255,607.172800
val_000770,chair,grabcut_point_box,ok,,0.631361,0.774030,493.326800
val_000771,dog,grabcut_point_box,ok,,0.852705,0.920497,334.169100
val_000772,diningtable,grabcut_point_box,ok,,0.438684,0.609841,334.274300
val_000773,bottle,grabcut_point_box,ok,,0.825974,0.904694,203.125000
val_000774,cat,grabcut_point_box,ok,,0.653934,0.790762,518.496000
val_000775,bus,grabcut_point_box,ok,,0.905317,0.950306,291.489500
val_000776,dog,grabcut_point_box,ok,,0.822064,0.902344,883.308600
val_000777,cow,grabcut_point_box,ok,,0.753062,0.859139,464.129800
val_000778,tvmonitor,grabcut_point_box,ok,,0.960779,0.979997,394.020200
val_000779,train,grabcut_point_box,ok,,0.771657,0.871113,1100.208600
val_000780,sofa,grabcut_point_box,ok,,0.015447,0.030424,313.263500
val_000781,tvmonitor,grabcut_point_box,ok,,0.939266,0.968682,187.645900
val_000782,person,grabcut_point_box,ok,,0.912376,0.954181,1034.764900
val_000783,boat,grabcut_point_box,ok,,0.812892,0.896790,199.913300
val_000784,bottle,grabcut_point_box,ok,,0.803588,0.891099,208.490000
val_000785,bird,grabcut_point_box,ok,,0.730743,0.844427,169.206000
val_000786,car,grabcut_point_box,ok,,0.973982,0.986820,231.686100
val_000787,cow,grabcut_point_box,ok,,0.771386,0.870941,225.753100
val_000788,train,grabcut_point_box,ok,,0.629396,0.772551,675.482500
val_000789,bottle,grabcut_point_box,ok,,0.828718,0.906338,272.071100
val_000790,motorbike,grabcut_point_box,ok,,0.703011,0.825609,226.777400
val_000791,boat,grabcut_point_box,ok,,0.829665,0.906904,174.589000
val_000792,sofa,grabcut_point_box,ok,,0.964545,0.981952,516.556600
val_000793,bottle,grabcut_point_box,ok,,0.857073,0.923036,174.108000
val_000794,cat,grabcut_point_box,ok,,0.854986,0.921825,728.022900
val_000795,pottedplant,grabcut_point_box,ok,,0.880791,0.936617,181.216200
val_000796,aeroplane,grabcut_point_box,ok,,0.654795,0.791391,1467.060100
val_000797,bottle,grabcut_point_box,ok,,0.803312,0.890929,334.322100
val_000798,train,grabcut_point_box,ok,,0.329988,0.496227,2103.573900
val_000799,aeroplane,grabcut_point_box,ok,,0.579304,0.733620,253.141100
val_000800,bicycle,grabcut_point_box,ok,,0.190486,0.320014,1593.340600
val_000801,cat,grabcut_point_box,ok,,0.812138,0.896331,856.401200
val_000802,horse,grabcut_point_box,ok,,0.818142,0.899976,585.987400
val_000803,train,grabcut_point_box,ok,,0.927408,0.962337,587.005200
val_000804,car,grabcut_point_box,ok,,0.893161,0.943566,262.094700
val_000805,diningtable,grabcut_point_box,ok,,0.875322,0.933516,405.407000
val_000806,aeroplane,grabcut_point_box,ok,,0.846367,0.916792,271.020900
val_000807,boat,grabcut_point_box,ok,,0.885193,0.939101,282.149800
val_000808,cow,grabcut_point_box,ok,,0.923192,0.960062,345.703900
val_000809,dog,grabcut_point_box,ok,,0.801857,0.890034,395.327000
val_000810,person,grabcut_point_box,ok,,0.723943,0.839869,484.704700
val_000811,diningtable,grabcut_point_box,ok,,0.859781,0.924605,280.294700
val_000812,boat,grabcut_point_box,ok,,0.762915,0.865516,362.044300
val_000813,train,grabcut_point_box,ok,,0.956768,0.977907,339.508000
val_000814,sofa,grabcut_point_box,ok,,0.916330,0.956338,501.641300
val_000815,bicycle,grabcut_point_box,ok,,0.145417,0.253911,1456.230100
val_000816,motorbike,grabcut_point_box,ok,,0.895536,0.944890,227.794600
val_000817,dog,grabcut_point_box,ok,,0.573232,0.728731,2429.451300
val_000818,bicycle,grabcut_point_box,ok,,0.243790,0.392011,1593.689500
val_000819,dog,grabcut_point_box,ok,,0.924186,0.960599,607.918100
val_000820,person,grabcut_point_box,ok,,0.607620,0.755925,705.630800
val_000821,bird,grabcut_point_box,ok,,0.887871,0.940605,498.373600
val_000822,train,grabcut_point_box,ok,,0.840858,0.913550,414.587400
val_000823,bus,grabcut_point_box,ok,,0.741070,0.851281,699.914000
val_000824,train,grabcut_point_box,ok,,0.194759,0.326022,1097.056100
val_000825,horse,grabcut_point_box,ok,,0.774170,0.872712,493.962600
val_000826,bicycle,grabcut_point_box,ok,,0.133264,0.235187,696.686300
val_000827,bird,grabcut_point_box,ok,,0.655440,0.791862,372.208100
val_000828,car,grabcut_point_box,ok,,0.608338,0.756480,670.305900
val_000829,car,grabcut_point_box,ok,,0.808776,0.894280,298.006300
val_000830,train,grabcut_point_box,ok,,0.523307,0.687067,1227.236000
val_000831,bird,grabcut_point_box,ok,,0.906142,0.950760,360.858200
val_000832,dog,grabcut_point_box,ok,,0.935866,0.966871,406.251200
val_000833,horse,grabcut_point_box,ok,,0.655250,0.791724,1018.699600
val_000834,person,grabcut_point_box,ok,,0.805579,0.892322,411.619400
val_000835,bird,grabcut_point_box,ok,,0.783386,0.878538,313.678500
val_000836,boat,grabcut_point_box,ok,,0.630167,0.773132,376.683100
val_000837,diningtable,grabcut_point_box,ok,,0.370818,0.541017,837.787400
val_000838,bottle,grabcut_point_box,ok,,0.947493,0.973039,403.390200
val_000839,tvmonitor,grabcut_point_box,ok,,0.977626,0.988686,418.887000
val_000840,cow,grabcut_point_box,ok,,0.918004,0.957249,585.975500
val_000841,car,grabcut_point_box,ok,,0.856566,0.922743,382.020100
val_000842,tvmonitor,grabcut_point_box,ok,,0.681287,0.810435,656.108300
val_000843,sofa,grabcut_point_box,ok,,0.905175,0.950228,497.726700
val_000844,cow,grabcut_point_box,ok,,0.822342,0.902511,270.937300
val_000845,person,grabcut_point_box,ok,,0.673852,0.805151,342.916400
val_000846,car,grabcut_point_box,ok,,0.658677,0.794220,707.023400
val_000847,sofa,grabcut_point_box,ok,,0.922578,0.959730,657.395500
val_000848,bird,grabcut_point_box,ok,,0.869367,0.930119,405.698400
val_000849,sheep,grabcut_point_box,ok,,0.879883,0.936104,654.284600
val_000850,aeroplane,grabcut_point_box,ok,,0.319593,0.484381,432.859600
val_000851,bus,grabcut_point_box,ok,,0.857079,0.923040,912.856000
val_000852,boat,grabcut_point_box,ok,,0.544674,0.705229,196.905700
val_000853,dog,grabcut_point_box,ok,,0.776212,0.874008,1079.001800
val_000854,cat,grabcut_point_box,ok,,0.949156,0.973915,360.369100
val_000855,cow,grabcut_point_box,ok,,0.887517,0.940407,423.683200
val_000856,horse,grabcut_point_box,ok,,0.790666,0.883097,506.921500
val_000857,aeroplane,grabcut_point_box,ok,,0.398377,0.569771,433.175400
val_000858,dog,grabcut_point_box,ok,,0.852171,0.920186,1052.859900
val_000859,person,grabcut_point_box,ok,,0.914001,0.955068,324.502800
val_000860,tvmonitor,grabcut_point_box,ok,,0.867378,0.928980,212.130100
val_000861,bird,grabcut_point_box,ok,,0.850797,0.919384,347.659800
val_000862,tvmonitor,grabcut_point_box,ok,,0.371120,0.541338,347.165100
val_000863,horse,grabcut_point_box,ok,,0.615922,0.762317,257.007100
val_000864,cat,grabcut_point_box,ok,,0.899624,0.947160,293.856200
val_000865,dog,grabcut_point_box,ok,,0.732650,0.845699,403.354500
val_000866,train,grabcut_point_box,ok,,0.097624,0.177882,469.072000
val_000867,bicycle,grabcut_point_box,ok,,0.163200,0.280606,2427.160300
val_000868,person,grabcut_point_box,ok,,0.555865,0.714541,282.597600
val_000869,bird,grabcut_point_box,ok,,0.746338,0.854746,243.962900
val_000870,dog,grabcut_point_box,ok,,0.834412,0.909733,191.472600
val_000871,motorbike,grabcut_point_box,ok,,0.671215,0.803266,311.103900
val_000872,sheep,grabcut_point_box,ok,,0.847694,0.917570,194.056200
val_000873,bus,grabcut_point_box,ok,,0.925161,0.961126,586.941200
val_000874,bird,grabcut_point_box,ok,,0.888774,0.941112,269.471000
val_000875,sofa,grabcut_point_box,ok,,0.992053,0.996010,210.254400
val_000876,boat,grabcut_point_box,ok,,0.517197,0.681780,389.519700
val_000877,diningtable,grabcut_point_box,ok,,0.014116,0.027839,488.743500
val_000878,chair,grabcut_point_box,ok,,0.000000,0.000000,178.680000
val_000879,person,grabcut_point_box,ok,,0.698495,0.822487,560.572900
val_000880,bottle,grabcut_point_box,ok,,0.276890,0.433694,223.855100
val_000881,cat,grabcut_point_box,ok,,0.923814,0.960399,442.446900
val_000882,train,grabcut_point_box,ok,,0.893097,0.943530,560.923900
val_000883,sofa,grabcut_point_box,ok,,0.968456,0.983975,426.256500
val_000884,bottle,grabcut_point_box,ok,,0.248010,0.397449,516.333300
val_000885,motorbike,grabcut_point_box,ok,,0.083744,0.154545,481.021300
val_000886,car,grabcut_point_box,ok,,0.795053,0.885827,183.859800
val_000887,horse,grabcut_point_box,ok,,0.855410,0.922071,799.361600
val_000888,cat,grabcut_point_box,ok,,0.730735,0.844422,571.997500
val_000889,dog,grabcut_point_box,ok,,0.787007,0.880810,803.346100
val_000890,bird,grabcut_point_box,ok,,0.000000,0.000000,177.412400
val_000891,bird,grabcut_point_box,ok,,0.882009,0.937306,287.699000
val_000892,bird,grabcut_point_box,ok,,0.647730,0.786209,210.632400
val_000893,bottle,grabcut_point_box,ok,,0.531765,0.694317,810.527500
val_000894,dog,grabcut_point_box,ok,,0.691009,0.817275,309.093500
val_000895,bus,grabcut_point_box,ok,,0.805686,0.892388,367.117300
val_000896,dog,grabcut_point_box,ok,,0.000000,0.000000,277.734400
val_000897,car,grabcut_point_box,ok,,0.950081,0.974402,329.633500
val_000898,boat,grabcut_point_box,ok,,0.733247,0.846096,168.528200
val_000899,aeroplane,grabcut_point_box,ok,,0.843998,0.915400,197.184300
val_000900,sofa,grabcut_point_box,ok,,0.753709,0.859560,485.628000
val_000901,cat,grabcut_point_box,ok,,0.863972,0.927022,794.139900
val_000902,train,grabcut_point_box,ok,,0.651554,0.789019,281.500600
val_000903,bus,grabcut_point_box,ok,,0.846330,0.916770,674.918800
val_000904,motorbike,grabcut_point_box,ok,,0.707706,0.828838,224.751900
val_000905,car,grabcut_point_box,ok,,0.912934,0.954485,805.842900
val_000906,bus,grabcut_point_box,ok,,0.737632,0.849008,925.628900
val_000907,train,grabcut_point_box,ok,,0.483749,0.652063,617.857100
val_000908,motorbike,grabcut_point_box,ok,,0.501099,0.667643,190.084700
val_000909,person,grabcut_point_box,ok,,0.771886,0.871259,310.492900
val_000910,diningtable,grabcut_point_box,ok,,0.979304,0.989544,297.099800
val_000911,bus,grabcut_point_box,ok,,0.861944,0.925854,1103.350000
val_000912,bicycle,grabcut_point_box,ok,,0.086816,0.159762,942.968500
val_000913,bird,grabcut_point_box,ok,,0.117874,0.210889,351.560300
val_000914,bird,grabcut_point_box,ok,,0.811297,0.895819,236.613800
val_000915,horse,grabcut_point_box,ok,,0.667388,0.800519,2421.787900
val_000916,aeroplane,grabcut_point_box,ok,,0.770303,0.870250,395.908000
val_000917,motorbike,grabcut_point_box,ok,,0.717044,0.835208,267.684600
val_000918,sofa,grabcut_point_box,ok,,0.643854,0.783347,672.055200
val_000919,person,grabcut_point_box,ok,,0.871442,0.931305,379.377200
val_000920,person,grabcut_point_box,ok,,0.758706,0.862800,1282.631700
val_000921,motorbike,grabcut_point_box,ok,,0.611656,0.759041,215.088000
val_000922,person,grabcut_point_box,ok,,0.412782,0.584353,347.304100
val_000923,sheep,grabcut_point_box,ok,,0.823265,0.903067,175.629300
val_000924,bird,grabcut_point_box,ok,,0.917790,0.957133,256.714900
val_000925,train,grabcut_point_box,ok,,0.283641,0.441931,171.200100
val_000926,bicycle,grabcut_point_box,ok,,0.115120,0.206471,577.439200
val_000927,cat,grabcut_point_box,ok,,0.936813,0.967376,390.273600
val_000928,aeroplane,grabcut_point_box,ok,,0.747798,0.855703,384.025700
val_000929,bottle,grabcut_point_box,ok,,0.576413,0.731297,261.525700
val_000930,horse,grabcut_point_box,ok,,0.867061,0.928798,470.120000
val_000931,cat,grabcut_point_box,ok,,0.895752,0.945010,552.220800
val_000932,train,grabcut_point_box,ok,,0.631031,0.773781,604.979900
val_000933,bus,grabcut_point_box,ok,,0.818061,0.899927,215.013800
val_000934,bird,grabcut_point_box,ok,,0.000000,0.000000,268.069500
val_000935,bird,grabcut_point_box,ok,,0.898446,0.946507,183.680600
val_000936,bottle,grabcut_point_box,ok,,0.000000,0.000000,206.964400
val_000937,chair,grabcut_point_box,ok,,0.458362,0.628598,1804.752900
val_000938,horse,grabcut_point_box,ok,,0.778721,0.875596,642.467500
val_000939,bicycle,grabcut_point_box,ok,,0.415698,0.587269,403.000300
val_000940,person,grabcut_point_box,ok,,0.823176,0.903013,160.177700
val_000941,boat,grabcut_point_box,ok,,0.549745,0.709465,265.475200
val_000942,motorbike,grabcut_point_box,ok,,0.415772,0.587343,2928.869000
val_000943,dog,grabcut_point_box,ok,,0.722318,0.838774,396.674500
val_000944,dog,grabcut_point_box,ok,,0.893403,0.943701,1042.092200
val_000945,car,grabcut_point_box,ok,,0.084185,0.155297,4434.538800
val_000946,cat,grabcut_point_box,ok,,0.595565,0.746526,993.041600
val_000947,person,grabcut_point_box,ok,,0.565605,0.722538,789.412300
val_000948,dog,grabcut_point_box,ok,,0.632092,0.774579,147.919200
val_000949,aeroplane,grabcut_point_box,ok,,0.732116,0.845343,538.763200
val_000950,bird,grabcut_point_box,ok,,0.907051,0.951260,425.627700
val_000951,sofa,grabcut_point_box,ok,,0.564754,0.721844,1155.322400
val_000952,boat,grabcut_point_box,ok,,0.894864,0.944516,215.160400
val_000953,sofa,grabcut_point_box,ok,,0.964285,0.981818,230.377100
val_000954,sheep,grabcut_point_box,ok,,0.545455,0.705882,193.051400
val_000955,tvmonitor,grabcut_point_box,ok,,0.894368,0.944239,305.186500
val_000956,pottedplant,grabcut_point_box,ok,,0.633550,0.775673,466.494000
val_000957,bird,grabcut_point_box,ok,,0.747917,0.855781,155.658300
val_000958,bicycle,grabcut_point_box,ok,,0.232296,0.377013,1373.375800
val_000959,car,grabcut_point_box,ok,,0.824942,0.904075,1080.868400
val_000960,dog,grabcut_point_box,ok,,0.728091,0.842653,1590.439000
val_000961,bottle,grabcut_point_box,ok,,0.813492,0.897156,793.604200
val_000962,cow,grabcut_point_box,ok,,0.724378,0.840161,555.365300
val_000963,bird,grabcut_point_box,ok,,0.000000,0.000000,209.560800
val_000964,person,grabcut_point_box,ok,,0.901013,0.947929,308.380600
val_000965,cat,grabcut_point_box,ok,,0.686013,0.813769,1229.592800
val_000966,person,grabcut_point_box,ok,,0.798319,0.887850,333.342900
val_000967,aeroplane,grabcut_point_box,ok,,0.837388,0.911498,258.207700
val_000968,bus,grabcut_point_box,ok,,0.826142,0.904795,496.357100
val_000969,aeroplane,grabcut_point_box,ok,,0.920564,0.958639,234.132100
val_000970,car,grabcut_point_box,ok,,0.865930,0.928148,202.790000
val_000971,pottedplant,grabcut_point_box,ok,,0.863860,0.926958,601.430400
val_000972,horse,grabcut_point_box,ok,,0.707778,0.828888,641.718300
val_000973,boat,grabcut_point_box,ok,,0.000000,0.000000,111.086200
val_000974,bus,grabcut_point_box,ok,,0.892495,0.943194,399.578200
val_000975,cat,grabcut_point_box,ok,,0.778356,0.875366,649.545500
val_000976,cat,grabcut_point_box,ok,,0.621697,0.766724,285.373800
val_000977,person,grabcut_point_box,ok,,0.551032,0.710536,534.905300
val_000978,train,grabcut_point_box,ok,,0.910329,0.953060,990.857000
val_000979,dog,grabcut_point_box,ok,,0.801883,0.890050,595.259200
val_000980,bird,grabcut_point_box,ok,,0.512545,0.677725,3118.174100
val_000981,bird,grabcut_point_box,ok,,0.695894,0.820681,233.448100
val_000982,horse,grabcut_point_box,ok,,0.664646,0.798544,1867.491300
val_000983,dog,grabcut_point_box,ok,,0.916161,0.956247,454.219000
val_000984,boat,grabcut_point_box,ok,,0.788926,0.882011,278.378200
val_000985,cow,grabcut_point_box,ok,,0.933596,0.965658,413.169800
val_000986,bird,grabcut_point_box,ok,,0.887566,0.940434,187.283600
val_000987,motorbike,grabcut_point_box,ok,,0.358902,0.528223,157.617500
val_000988,cat,grabcut_point_box,ok,,0.788142,0.881521,1097.885500
val_000989,car,grabcut_point_box,ok,,0.809592,0.894778,626.325000
val_000990,bird,grabcut_point_box,ok,,0.579655,0.733901,296.923000
val_000991,cow,grabcut_point_box,ok,,0.955468,0.977227,491.101400
val_000992,cow,grabcut_point_box,ok,,0.866971,0.928746,441.751400
val_000993,sheep,grabcut_point_box,ok,,0.913547,0.954821,286.610000
val_000994,bird,grabcut_point_box,ok,,0.000000,0.000000,343.063300
val_000995,aeroplane,grabcut_point_box,ok,,0.763290,0.865756,802.563200
val_000996,aeroplane,grabcut_point_box,ok,,0.728305,0.842797,579.950400
val_000997,boat,grabcut_point_box,ok,,0.685054,0.813095,245.248200
val_000998,bird,grabcut_point_box,ok,,0.820083,0.901149,552.035100
val_000999,bird,grabcut_point_box,ok,,0.840484,0.913329,803.617700
val_001000,cat,grabcut_point_box,ok,,0.855231,0.921967,299.792300
val_001001,sheep,grabcut_point_box,ok,,0.000000,0.000000,214.032800
val_001002,train,grabcut_point_box,ok,,0.734607,0.847001,486.685400
val_001003,dog,grabcut_point_box,ok,,0.910165,0.952970,955.847000
val_001004,sofa,grabcut_point_box,ok,,0.956434,0.977732,293.554800
val_001005,train,grabcut_point_box,ok,,0.493391,0.660766,370.212500
val_001006,aeroplane,grabcut_point_box,ok,,0.947046,0.972803,252.790200
val_001007,bus,grabcut_point_box,ok,,0.939948,0.969044,309.457300
val_001008,bicycle,grabcut_point_box,ok,,0.283710,0.442016,222.859100
val_001009,motorbike,grabcut_point_box,ok,,0.683880,0.812267,1211.854700
val_001010,sheep,grabcut_point_box,ok,,0.957137,0.978099,197.088200
val_001011,dog,grabcut_point_box,ok,,0.930086,0.963777,923.028700
val_001012,cat,grabcut_point_box,ok,,0.845376,0.916210,599.517400
val_001013,motorbike,grabcut_point_box,ok,,0.674472,0.805594,225.242600
val_001014,sofa,grabcut_point_box,ok,,0.990471,0.995213,738.424700
val_001015,cat,grabcut_point_box,ok,,0.843939,0.915365,563.767400
val_001016,cat,grabcut_point_box,ok,,0.676405,0.806971,448.757300
val_001017,person,grabcut_point_box,ok,,0.720698,0.837681,1427.658600
val_001018,dog,grabcut_point_box,ok,,0.788081,0.881483,1010.662100
val_001019,bus,grabcut_point_box,ok,,0.911215,0.953545,761.565100
val_001020,aeroplane,grabcut_point_box,ok,,0.839941,0.913009,444.649700
val_001021,horse,grabcut_point_box,ok,,0.902453,0.948725,476.159700
val_001022,sheep,grabcut_point_box,ok,,0.733764,0.846440,406.493600
val_001023,cat,grabcut_point_box,ok,,0.637611,0.778709,1087.406200
val_001024,motorbike,grabcut_point_box,ok,,0.587114,0.739851,1697.900000
val_001025,sheep,grabcut_point_box,ok,,0.909556,0.952636,431.766600
val_001026,person,grabcut_point_box,ok,,0.856966,0.922974,233.084200
val_001027,sheep,grabcut_point_box,ok,,0.898812,0.946710,1027.699400
val_001028,diningtable,grabcut_point_box,ok,,0.894996,0.944589,1047.263500
val_001029,bus,grabcut_point_box,ok,,0.685101,0.813128,470.761200
val_001030,cat,grabcut_point_box,ok,,0.846523,0.916883,976.560800
val_001031,cow,grabcut_point_box,ok,,0.606818,0.755304,466.374900
val_001032,person,grabcut_point_box,ok,,0.679051,0.808851,341.135700
val_001033,train,grabcut_point_box,ok,,0.911103,0.953484,214.280000
val_001034,tvmonitor,grabcut_point_box,ok,,0.400352,0.571787,361.031200
val_001035,person,grabcut_point_box,ok,,0.628625,0.771970,414.796500
val_001036,dog,grabcut_point_box,ok,,0.802096,0.890181,166.674700
val_001037,pottedplant,grabcut_point_box,ok,,0.513395,0.678468,780.335900
val_001038,bird,grabcut_point_box,ok,,0.000000,0.000000,187.599600
val_001039,bottle,grabcut_point_box,ok,,0.656501,0.792636,555.636200
val_001040,diningtable,grabcut_point_box,ok,,0.251639,0.402095,251.148600
val_001041,dog,grabcut_point_box,ok,,0.000000,0.000000,1011.753800
val_001042,cat,grabcut_point_box,ok,,0.934937,0.966375,226.922700
val_001043,train,grabcut_point_box,ok,,0.797141,0.887122,423.477000
val_001044,dog,grabcut_point_box,ok,,0.929258,0.963332,550.375400
val_001045,sofa,grabcut_point_box,ok,,0.829984,0.907094,615.224200
val_001046,car,grabcut_point_box,ok,,0.927007,0.962121,160.548800
val_001047,bird,grabcut_point_box,ok,,0.733931,0.846552,2267.950500
val_001048,person,grabcut_point_box,ok,,0.740820,0.851116,506.130800
val_001049,cat,grabcut_point_box,ok,,0.782652,0.878076,624.596800
val_001050,bicycle,grabcut_point_box,ok,,0.160667,0.276853,1517.614600
val_001051,sheep,grabcut_point_box,ok,,0.576517,0.731381,1964.483000
val_001052,sofa,grabcut_point_box,ok,,0.752049,0.858479,435.823700
val_001053,bird,grabcut_point_box,ok,,0.412018,0.583587,809.986500
val_001054,cat,grabcut_point_box,ok,,0.006916,0.013736,771.066400
val_001055,aeroplane,grabcut_point_box,ok,,0.873934,0.932727,799.639000
val_001056,boat,grabcut_point_box,ok,,0.667411,0.800535,236.329600
val_001057,horse,grabcut_point_box,ok,,0.819124,0.900570,675.778800
val_001058,aeroplane,grabcut_point_box,ok,,0.407316,0.578855,695.703200
val_001059,dog,grabcut_point_box,ok,,0.895790,0.945031,409.759400
val_001060,sheep,grabcut_point_box,ok,,0.886029,0.939571,371.654000
val_001061,motorbike,grabcut_point_box,ok,,0.452170,0.622750,498.352900
val_001062,motorbike,grabcut_point_box,ok,,0.930057,0.963761,463.561200
val_001063,cat,grabcut_point_box,ok,,0.777131,0.874591,1130.813300
val_001064,aeroplane,grabcut_point_box,ok,,0.918555,0.957549,271.922700
val_001065,chair,grabcut_point_box,ok,,0.407732,0.579276,883.993600
val_001066,cat,grabcut_point_box,ok,,0.797122,0.887110,619.103700
val_001067,car,grabcut_point_box,ok,,0.729610,0.843670,1518.754500
val_001068,cow,grabcut_point_box,ok,,0.621936,0.766906,2194.625500
val_001069,motorbike,grabcut_point_box,ok,,0.544483,0.705068,400.171700
val_001070,cat,grabcut_point_box,ok,,0.707817,0.828914,1844.204500
val_001071,bird,grabcut_point_box,ok,,0.000000,0.000000,198.446900
val_001072,dog,grabcut_point_box,ok,,0.986200,0.993052,455.086400
val_001073,cat,grabcut_point_box,ok,,0.940279,0.969220,335.528700
val_001074,sofa,grabcut_point_box,error,"error: OpenCV(4.10.0) D:\a\opencv-python\opencv-python\opencv\modules\imgproc\src\grabcut.cpp:386: error: (-215:Assertion failed) !bgdSamples.empty() && !fgdSamples.empty() in function 'initGMMs'
",,,3.109200
val_001075,bicycle,grabcut_point_box,ok,,0.119686,0.213786,786.835900
val_001076,chair,grabcut_point_box,ok,,0.673133,0.804638,240.832600
val_001077,bus,grabcut_point_box,ok,,0.812008,0.896252,412.528000
val_001078,person,grabcut_point_box,ok,,0.861164,0.925404,428.425900
val_001079,train,grabcut_point_box,ok,,0.790131,0.882763,471.556700
val_001080,horse,grabcut_point_box,ok,,0.944191,0.971295,747.849300
val_001081,chair,grabcut_point_box,ok,,0.583583,0.737041,339.822200
val_001082,cow,grabcut_point_box,ok,,0.710811,0.830964,179.525200
val_001083,person,grabcut_point_box,ok,,0.000000,0.000000,323.638000
val_001084,person,grabcut_point_box,ok,,0.852050,0.920116,576.026200
val_001085,bus,grabcut_point_box,ok,,0.961979,0.980621,676.777800
val_001086,cat,grabcut_point_box,ok,,0.935415,0.966630,552.549600
val_001087,car,grabcut_point_box,ok,,0.821407,0.901948,742.853900
val_001088,chair,grabcut_point_box,ok,,0.534488,0.696633,376.292400
val_001089,car,grabcut_point_box,ok,,0.720523,0.837563,616.452000
val_001090,aeroplane,grabcut_point_box,ok,,0.712192,0.831907,508.195800
val_001091,car,grabcut_point_box,ok,,0.792381,0.884166,303.456400
val_001092,person,grabcut_point_box,ok,,0.451717,0.622321,333.801400
val_001093,dog,grabcut_point_box,ok,,0.911347,0.953618,256.988300
val_001094,pottedplant,grabcut_point_box,ok,,0.989044,0.994492,314.388400
val_001095,aeroplane,grabcut_point_box,ok,,0.757983,0.862332,211.708700
val_001096,aeroplane,grabcut_point_box,ok,,0.666423,0.799824,1047.774800
val_001097,bird,grabcut_point_box,ok,,0.869070,0.929949,271.124300
val_001098,cow,grabcut_point_box,ok,,0.749673,0.856929,213.467000
val_001099,dog,grabcut_point_box,ok,,0.799953,0.888860,519.720700
val_001100,motorbike,grabcut_point_box,ok,,0.847317,0.917349,406.736900
val_001101,car,grabcut_point_box,ok,,0.740519,0.850917,416.848200
val_001102,cow,grabcut_point_box,ok,,0.588366,0.740844,646.581000
val_001103,cat,grabcut_point_box,ok,,0.500790,0.667369,2893.580900
val_001104,car,grabcut_point_box,ok,,0.591602,0.743405,700.204700
val_001105,bus,grabcut_point_box,ok,,0.636520,0.777895,612.019600
val_001106,chair,grabcut_point_box,ok,,0.620295,0.765657,505.979700
val_001107,person,grabcut_point_box,ok,,0.937150,0.967555,413.934300
val_001108,bird,grabcut_point_box,ok,,0.653525,0.790463,598.959900
val_001109,aeroplane,grabcut_point_box,ok,,0.405294,0.576810,630.940500
val_001110,car,grabcut_point_box,ok,,0.793103,0.884615,605.494100
val_001111,cat,grabcut_point_box,ok,,0.837624,0.911638,983.652900
val_001112,person,grabcut_point_box,ok,,0.560902,0.718690,204.374200
val_001113,bird,grabcut_point_box,ok,,0.938219,0.968125,255.296300
val_001114,car,grabcut_point_box,ok,,0.438554,0.609715,218.389000
val_001115,car,grabcut_point_box,ok,,0.688744,0.815688,660.736300
val_001116,cat,grabcut_point_box,ok,,0.594975,0.746062,1457.304800
val_001117,bird,grabcut_point_box,ok,,0.845337,0.916187,848.035300
val_001118,aeroplane,grabcut_point_box,ok,,0.918534,0.957537,1021.734600
val_001119,dog,grabcut_point_box,ok,,0.957078,0.978068,845.493000
val_001120,train,grabcut_point_box,ok,,0.542318,0.703251,765.211000
val_001121,diningtable,grabcut_point_box,ok,,0.626605,0.770445,307.445300
val_001122,horse,grabcut_point_box,ok,,0.820757,0.901556,924.767700
val_001123,sheep,grabcut_point_box,ok,,0.879521,0.935899,478.866300
val_001124,boat,grabcut_point_box,ok,,0.812211,0.896376,296.868000
val_001125,diningtable,grabcut_point_box,ok,,0.844090,0.915454,300.691200
val_001126,cat,grabcut_point_box,ok,,0.177720,0.301804,4330.797900
val_001127,train,grabcut_point_box,ok,,0.000000,0.000000,183.718100
val_001128,aeroplane,grabcut_point_box,ok,,0.898505,0.946540,430.658700
val_001129,dog,grabcut_point_box,ok,,0.924284,0.960652,505.726600
val_001130,cat,grabcut_point_box,ok,,0.959439,0.979300,249.488200
val_001131,cat,grabcut_point_box,ok,,0.749492,0.856811,310.819700
val_001132,car,grabcut_point_box,ok,,0.572762,0.728352,183.096500
val_001133,bird,grabcut_point_box,ok,,0.869899,0.930423,273.029600
val_001134,bus,grabcut_point_box,ok,,0.945405,0.971936,551.474100
val_001135,cat,grabcut_point_box,ok,,0.933344,0.965523,375.040000
val_001136,car,grabcut_point_box,ok,,0.926433,0.961812,506.383700
val_001137,bird,grabcut_point_box,ok,,0.822765,0.902766,144.235500
val_001138,car,grabcut_point_box,ok,,0.932907,0.965289,1114.316400
val_001139,bicycle,grabcut_point_box,ok,,0.372045,0.542322,1019.852700
val_001140,aeroplane,grabcut_point_box,ok,,0.583233,0.736762,435.338600
val_001141,motorbike,grabcut_point_box,ok,,0.346126,0.514255,438.768100
val_001142,train,grabcut_point_box,ok,,0.000000,0.000000,342.565000
val_001143,diningtable,grabcut_point_box,ok,,0.538142,0.699730,761.988400
val_001144,boat,grabcut_point_box,ok,,0.876709,0.934305,237.016600
val_001145,motorbike,grabcut_point_box,ok,,0.691632,0.817710,319.410200
val_001146,bottle,grabcut_point_box,ok,,0.032291,0.062562,307.072700
val_001147,aeroplane,grabcut_point_box,ok,,0.539770,0.701104,326.094000
val_001148,cat,grabcut_point_box,ok,,0.957861,0.978477,270.620600
val_001149,cat,grabcut_point_box,ok,,0.577170,0.731906,549.152900
val_001150,train,grabcut_point_box,ok,,0.889270,0.941390,379.531400
val_001151,person,grabcut_point_box,ok,,0.667885,0.800876,247.864400
val_001152,boat,grabcut_point_box,ok,,0.845233,0.916126,214.188400
val_001153,motorbike,grabcut_point_box,ok,,0.101633,0.184514,977.226800
val_001154,sheep,grabcut_point_box,ok,,0.849309,0.918515,724.887300
val_001155,aeroplane,grabcut_point_box,ok,,0.503923,0.670145,343.173600
val_001156,cat,grabcut_point_box,ok,,0.673372,0.804808,2904.021100
val_001157,cow,grabcut_point_box,ok,,0.940090,0.969120,758.195700
val_001158,person,grabcut_point_box,ok,,0.000000,0.000000,195.521400
val_001159,bus,grabcut_point_box,ok,,0.962769,0.981032,293.026000
val_001160,motorbike,grabcut_point_box,ok,,0.875626,0.933689,426.994600
val_001161,cat,grabcut_point_box,ok,,0.852364,0.920299,2135.827800
val_001162,pottedplant,grabcut_point_box,ok,,0.796377,0.886648,569.500100
val_001163,aeroplane,grabcut_point_box,ok,,0.487509,0.655470,942.478200
val_001164,person,grabcut_point_box,ok,,0.541537,0.702594,533.831500
val_001165,person,grabcut_point_box,ok,,0.000205,0.000409,1154.231800
val_001166,person,grabcut_point_box,ok,,0.940408,0.969289,928.741600
val_001167,horse,grabcut_point_box,ok,,0.909763,0.952750,735.224400
val_001168,bottle,grabcut_point_box,ok,,0.975590,0.987644,236.152300
val_001169,bottle,grabcut_point_box,ok,,0.750634,0.857557,1189.252500
val_001170,chair,grabcut_point_box,ok,,0.459754,0.629907,213.236100
val_001171,dog,grabcut_point_box,ok,,0.273361,0.429354,1072.350200
val_001172,bottle,grabcut_point_box,ok,,0.953015,0.975942,288.024100
val_001173,bird,grabcut_point_box,ok,,0.852035,0.920107,180.654500
val_001174,bird,grabcut_point_box,ok,,0.905226,0.950256,803.285000
val_001175,dog,grabcut_point_box,ok,,0.721217,0.838032,331.747300
val_001176,cow,grabcut_point_box,ok,,0.812377,0.896477,610.592500
val_001177,boat,grabcut_point_box,ok,,0.537910,0.699534,420.656700
val_001178,person,grabcut_point_box,ok,,0.726783,0.841777,264.031200
val_001179,sofa,grabcut_point_box,ok,,0.852095,0.920142,561.295200
val_001180,chair,grabcut_point_box,ok,,0.440493,0.611587,1751.165100
val_001181,boat,grabcut_point_box,ok,,0.868050,0.929365,1025.990700
val_001182,sofa,grabcut_point_box,ok,,0.735021,0.847276,321.538400
val_001183,cow,grabcut_point_box,ok,,0.832679,0.908702,549.704100
val_001184,dog,grabcut_point_box,ok,,0.876873,0.934398,190.511700
val_001185,cat,grabcut_point_box,ok,,0.924948,0.961011,245.943200
val_001186,chair,grabcut_point_box,ok,,0.890084,0.941846,668.864400
val_001187,person,grabcut_point_box,ok,,0.618936,0.764621,259.575500
val_001188,horse,grabcut_point_box,ok,,0.852093,0.920141,909.293600
val_001189,tvmonitor,grabcut_point_box,ok,,0.857360,0.923203,216.920100
val_001190,cat,grabcut_point_box,ok,,0.710793,0.830951,2236.687900
val_001191,motorbike,grabcut_point_box,ok,,0.654977,0.791524,1801.995900
val_001192,car,grabcut_point_box,ok,,0.696230,0.820915,645.055200
val_001193,train,grabcut_point_box,ok,,0.001031,0.002059,888.798800
val_001194,train,grabcut_point_box,ok,,0.010908,0.021580,273.514100
val_001195,bird,grabcut_point_box,ok,,0.841686,0.914038,343.659800
val_001196,car,grabcut_point_box,ok,,0.384659,0.555601,210.232800
val_001197,cat,grabcut_point_box,ok,,0.931435,0.964501,634.532700
val_001198,person,grabcut_point_box,ok,,0.756115,0.861122,706.130200
val_001199,bus,grabcut_point_box,ok,,0.882172,0.937398,273.163600
val_001200,cat,grabcut_point_box,ok,,0.812580,0.896601,499.733600
val_001201,bus,grabcut_point_box,ok,,0.825132,0.904189,511.705400
val_001202,dog,grabcut_point_box,ok,,0.458601,0.628823,5510.620300
val_001203,motorbike,grabcut_point_box,ok,,0.474046,0.643190,581.270500
val_001204,cow,grabcut_point_box,ok,,0.000000,0.000000,184.641900
val_001205,horse,grabcut_point_box,ok,,0.614161,0.760966,1096.734400
val_001206,sofa,grabcut_point_box,ok,,0.820395,0.901337,236.507100
val_001207,pottedplant,grabcut_point_box,ok,,0.000000,0.000000,110.693100
val_001208,dog,grabcut_point_box,ok,,0.966992,0.983219,441.748000
val_001209,person,grabcut_point_box,ok,,0.092342,0.169071,224.475900
val_001210,motorbike,grabcut_point_box,ok,,0.000000,0.000000,314.871300
val_001211,bus,grabcut_point_box,ok,,0.744020,0.853224,735.325700
val_001212,tvmonitor,grabcut_point_box,ok,,0.899504,0.947093,200.979800
val_001213,cat,grabcut_point_box,ok,,0.792055,0.883963,1093.904300
val_001214,bird,grabcut_point_box,ok,,0.638420,0.779312,208.651100
val_001215,motorbike,grabcut_point_box,ok,,0.561220,0.718950,1178.846000
val_001216,boat,grabcut_point_box,ok,,0.658361,0.793990,597.307600
val_001217,cat,grabcut_point_box,ok,,0.785278,0.879726,450.221000
val_001218,bird,grabcut_point_box,ok,,0.864160,0.927131,334.322300
val_001219,car,grabcut_point_box,ok,,0.886421,0.939791,594.986900
val_001220,motorbike,grabcut_point_box,ok,,0.615123,0.761704,1413.672100
val_001221,bottle,grabcut_point_box,ok,,0.929280,0.963344,344.867700
val_001222,car,grabcut_point_box,ok,,0.735078,0.847314,414.603600
val_001223,cat,grabcut_point_box,ok,,0.829934,0.907065,440.084400
val_001224,bird,grabcut_point_box,ok,,0.677061,0.807438,259.678100
val_001225,aeroplane,grabcut_point_box,ok,,0.891980,0.942906,199.650600
val_001226,dog,grabcut_point_box,ok,,0.748960,0.856463,321.396600
val_001227,person,grabcut_point_box,ok,,0.802607,0.890496,616.216600
val_001228,sofa,grabcut_point_box,ok,,0.322614,0.487843,353.582400
val_001229,diningtable,grabcut_point_box,ok,,0.689552,0.816254,638.192100
val_001230,dog,grabcut_point_box,ok,,0.787912,0.881376,821.748100
val_001231,bicycle,grabcut_point_box,ok,,0.329603,0.495792,736.816800
val_001232,boat,grabcut_point_box,ok,,0.122180,0.217755,405.208800
val_001233,train,grabcut_point_box,ok,,0.863497,0.926749,201.757300
val_001234,person,grabcut_point_box,ok,,0.600245,0.750191,485.204300
val_001235,aeroplane,grabcut_point_box,ok,,0.454382,0.624845,329.261500
val_001236,sheep,grabcut_point_box,ok,,0.948513,0.973576,329.270300
val_001237,train,grabcut_point_box,ok,,0.702141,0.825009,689.846700
val_001238,bottle,grabcut_point_box,ok,,0.806193,0.892699,738.410100
val_001239,sheep,grabcut_point_box,ok,,0.000000,0.000000,303.337900
val_001240,car,grabcut_point_box,ok,,0.634278,0.776218,622.689900
val_001241,train,grabcut_point_box,ok,,0.762001,0.864927,344.372900
val_001242,aeroplane,grabcut_point_box,ok,,0.778182,0.875256,299.432600
val_001243,aeroplane,grabcut_point_box,ok,,0.772373,0.871569,221.763700
val_001244,cat,grabcut_point_box,ok,,0.857425,0.923240,2104.690700
val_001245,cow,grabcut_point_box,ok,,0.650291,0.788092,182.703000
val_001246,person,grabcut_point_box,ok,,0.946848,0.972698,575.851000
val_001247,dog,grabcut_point_box,ok,,0.662432,0.796943,764.820300
val_001248,sheep,grabcut_point_box,ok,,0.764614,0.866608,162.173900
val_001249,aeroplane,grabcut_point_box,ok,,0.398091,0.569478,2044.324700
val_001250,train,grabcut_point_box,ok,,0.371105,0.541323,410.551000
val_001251,bicycle,grabcut_point_box,ok,,0.157283,0.271814,1563.482900
val_001252,dog,grabcut_point_box,ok,,0.329539,0.495719,1261.287300
val_001253,person,grabcut_point_box,ok,,0.831240,0.907844,328.475000
val_001254,person,grabcut_point_box,ok,,0.753886,0.859675,537.360600
val_001255,bottle,grabcut_point_box,ok,,0.767709,0.868592,2657.237600
val_001256,sofa,grabcut_point_box,ok,,0.952483,0.975663,637.396000
val_001257,bird,grabcut_point_box,ok,,0.679882,0.809440,304.489900
val_001258,sofa,grabcut_point_box,ok,,0.943411,0.970881,216.366300
val_001259,bus,grabcut_point_box,ok,,0.742000,0.851895,1026.573000
val_001260,bird,grabcut_point_box,ok,,0.981184,0.990502,488.710900
val_001261,chair,grabcut_point_box,ok,,0.784534,0.879260,425.579400
val_001262,boat,grabcut_point_box,ok,,0.803425,0.890999,458.770400
val_001263,boat,grabcut_point_box,ok,,0.812175,0.896354,511.395600
val_001264,bus,grabcut_point_box,ok,,0.886139,0.939633,541.925800
val_001265,bus,grabcut_point_box,ok,,0.765566,0.867218,445.328000
val_001266,train,grabcut_point_box,ok,,0.936272,0.967087,345.967500
val_001267,train,grabcut_point_box,ok,,0.810774,0.895500,235.945200
val_001268,sofa,grabcut_point_box,ok,,0.866598,0.928532,380.570700
val_001269,bus,grabcut_point_box,ok,,0.720272,0.837393,370.434600
val_001270,diningtable,grabcut_point_box,ok,,0.444807,0.615732,247.297400
val_001271,horse,grabcut_point_box,ok,,0.649712,0.787667,220.883100
val_001272,bicycle,grabcut_point_box,ok,,0.135345,0.238421,2364.507600
val_001273,cat,grabcut_point_box,ok,,0.770545,0.870404,233.272900
val_001274,boat,grabcut_point_box,ok,,0.683893,0.812276,1480.919900
val_001275,sheep,grabcut_point_box,ok,,0.597951,0.748397,228.054500
val_001276,person,grabcut_point_box,ok,,0.748144,0.855929,499.242700
val_001277,person,grabcut_point_box,ok,,0.582722,0.736355,685.059700
val_001278,bird,grabcut_point_box,ok,,0.122831,0.218787,323.407200
val_001279,person,grabcut_point_box,ok,,0.662066,0.796678,498.328800
val_001280,aeroplane,grabcut_point_box,ok,,0.522124,0.686047,207.449700
val_001281,bird,grabcut_point_box,ok,,0.930479,0.963987,379.248600
val_001282,car,grabcut_point_box,ok,,0.631802,0.774361,294.346200
val_001283,motorbike,grabcut_point_box,ok,,0.557758,0.716104,1809.706700
val_001284,train,grabcut_point_box,ok,,0.710581,0.830806,492.909600
val_001285,horse,grabcut_point_box,ok,,0.828972,0.906489,627.904300
val_001286,dog,grabcut_point_box,ok,,0.728232,0.842748,652.452600
val_001287,cow,grabcut_point_box,ok,,0.786929,0.880761,1027.711600
val_001288,cow,grabcut_point_box,ok,,0.778663,0.875560,410.876500
val_001289,person,grabcut_point_box,ok,,0.559710,0.717710,518.104900
val_001290,diningtable,grabcut_point_box,ok,,0.928609,0.962983,980.456800
val_001291,chair,grabcut_point_box,ok,,0.858221,0.923702,220.089200
val_001292,motorbike,grabcut_point_box,ok,,0.728325,0.842810,983.519800
val_001293,person,grabcut_point_box,ok,,0.827106,0.905373,462.531500
val_001294,car,grabcut_point_box,ok,,0.000000,0.000000,192.474000
val_001295,chair,grabcut_point_box,ok,,0.730947,0.844563,1088.335000
val_001296,bird,grabcut_point_box,ok,,0.826128,0.904787,167.077100
val_001297,pottedplant,grabcut_point_box,ok,,0.000000,0.000000,197.558500
val_001298,cat,grabcut_point_box,ok,,0.763825,0.866101,791.223700
val_001299,cat,grabcut_point_box,ok,,0.877121,0.934538,512.946400
val_001300,aeroplane,grabcut_point_box,ok,,0.709933,0.830364,167.329000
val_001301,person,grabcut_point_box,ok,,0.681337,0.810470,531.700400
val_001302,chair,grabcut_point_box,ok,,0.681134,0.810327,794.673500
val_001303,bus,grabcut_point_box,ok,,0.631074,0.773814,1193.825700
val_001304,person,grabcut_point_box,ok,,0.715406,0.834095,640.914900
val_001305,aeroplane,grabcut_point_box,ok,,0.648687,0.786914,263.779200
val_001306,bus,grabcut_point_box,ok,,0.895586,0.944917,348.492300
val_001307,car,grabcut_point_box,ok,,0.738500,0.849583,537.769200
val_001308,bird,grabcut_point_box,ok,,0.000000,0.000000,184.976600
val_001309,diningtable,grabcut_point_box,ok,,0.898873,0.946744,435.427700
val_001310,bus,grabcut_point_box,ok,,0.630854,0.773648,334.097800
val_001311,sofa,grabcut_point_box,ok,,0.914537,0.955361,596.859900
val_001312,dog,grabcut_point_box,ok,,0.911823,0.953878,254.510100
val_001313,sheep,grabcut_point_box,ok,,0.767349,0.868361,197.800800
val_001314,cow,grabcut_point_box,ok,,0.787199,0.880931,259.318900
val_001315,train,grabcut_point_box,ok,,0.675859,0.806582,643.027400
val_001316,bus,grabcut_point_box,ok,,0.804321,0.891550,362.265600
val_001317,person,grabcut_point_box,ok,,0.772162,0.871435,1055.722100
val_001318,person,grabcut_point_box,ok,,0.344558,0.512522,431.723000
val_001319,train,grabcut_point_box,ok,,0.749863,0.857053,182.024600
val_001320,car,grabcut_point_box,ok,,0.848584,0.918091,466.690300
val_001321,aeroplane,grabcut_point_box,ok,,0.886908,0.940065,213.383900
val_001322,cow,grabcut_point_box,ok,,0.721148,0.837985,1762.354100
val_001323,boat,grabcut_point_box,ok,,0.836041,0.910700,197.794000
val_001324,car,grabcut_point_box,ok,,0.000000,0.000000,151.389900
val_001325,cow,grabcut_point_box,ok,,0.901679,0.948298,345.344500
val_001326,aeroplane,grabcut_point_box,ok,,0.763673,0.866003,181.537500
val_001327,person,grabcut_point_box,ok,,0.562680,0.720147,727.847200
val_001328,train,grabcut_point_box,ok,,0.886819,0.940015,594.698900
val_001329,bird,grabcut_point_box,ok,,0.943733,0.971052,438.625400
val_001330,cat,grabcut_point_box,ok,,0.838786,0.912326,417.042700
val_001331,car,grabcut_point_box,ok,,0.000000,0.000000,193.902200
val_001332,bus,grabcut_point_box,ok,,0.906810,0.951128,381.847300
val_001333,person,grabcut_point_box,ok,,0.810196,0.895147,205.052800
val_001334,sheep,grabcut_point_box,ok,,0.742452,0.852192,738.096700
val_001335,aeroplane,grabcut_point_box,ok,,0.459887,0.630031,679.872500
val_001336,person,grabcut_point_box,ok,,0.744717,0.853682,432.640000
val_001337,bird,grabcut_point_box,ok,,0.614520,0.761242,378.096200
val_001338,aeroplane,grabcut_point_box,ok,,0.630745,0.773567,1117.178200
val_001339,person,grabcut_point_box,ok,,0.000000,0.000000,363.994100
val_001340,aeroplane,grabcut_point_box,ok,,0.000000,0.000000,137.893900
val_001341,person,grabcut_point_box,ok,,0.738932,0.849869,213.754200
val_001342,person,grabcut_point_box,ok,,0.719245,0.836698,430.512800
val_001343,cat,grabcut_point_box,ok,,0.915167,0.955705,264.378000
val_001344,cow,grabcut_point_box,ok,,0.643702,0.783234,349.549100
val_001345,chair,grabcut_point_box,ok,,0.577971,0.732550,352.851600
val_001346,boat,grabcut_point_box,ok,,0.191125,0.320915,225.917400
val_001347,cat,grabcut_point_box,ok,,0.697963,0.822118,1239.788800
val_001348,sofa,grabcut_point_box,error,"error: OpenCV(4.10.0) D:\a\opencv-python\opencv-python\opencv\modules\imgproc\src\grabcut.cpp:386: error: (-215:Assertion failed) !bgdSamples.empty() && !fgdSamples.empty() in function 'initGMMs'
",,,2.889900
val_001349,cat,grabcut_point_box,ok,,0.922794,0.959847,357.398500
val_001350,boat,grabcut_point_box,ok,,0.557053,0.715522,176.709900
val_001351,train,grabcut_point_box,ok,,0.876225,0.934030,352.225900
val_001352,person,grabcut_point_box,ok,,0.654212,0.790965,386.749300
val_001353,aeroplane,grabcut_point_box,ok,,0.795201,0.885919,231.367300
val_001354,dog,grabcut_point_box,ok,,0.901527,0.948214,403.938000
val_001355,diningtable,grabcut_point_box,ok,,0.346710,0.514899,1656.974100
val_001356,car,grabcut_point_box,ok,,0.000000,0.000000,195.098100
val_001357,person,grabcut_point_box,ok,,0.733276,0.846116,557.389400
val_001358,cow,grabcut_point_box,ok,,0.846943,0.917130,348.922300
val_001359,sofa,grabcut_point_box,ok,,0.203177,0.337735,768.915500
val_001360,person,grabcut_point_box,ok,,0.485207,0.653386,392.105600
val_001361,horse,grabcut_point_box,ok,,0.821482,0.901993,229.044300
val_001362,tvmonitor,grabcut_point_box,ok,,0.788210,0.881563,236.537400
val_001363,dog,grabcut_point_box,ok,,0.702045,0.824943,876.245900
val_001364,bus,grabcut_point_box,ok,,0.380855,0.551622,178.675100
val_001365,cat,grabcut_point_box,ok,,0.883307,0.938038,458.002600
val_001366,cow,grabcut_point_box,ok,,0.756089,0.861105,230.259700
val_001367,boat,grabcut_point_box,ok,,0.694931,0.820011,321.492800
val_001368,person,grabcut_point_box,ok,,0.759614,0.863387,309.674700
val_001369,chair,grabcut_point_box,ok,,0.415320,0.586892,749.456800
val_001370,sofa,grabcut_point_box,ok,,0.959671,0.979420,269.410600
val_001371,pottedplant,grabcut_point_box,ok,,0.679383,0.809087,481.748900
val_001372,dog,grabcut_point_box,ok,,0.703111,0.825679,1873.401700
val_001373,aeroplane,grabcut_point_box,ok,,0.000000,0.000000,580.369600
val_001374,tvmonitor,grabcut_point_box,ok,,0.969309,0.984415,293.654100
val_001375,dog,grabcut_point_box,ok,,0.901562,0.948233,314.364400
val_001376,person,grabcut_point_box,ok,,0.922002,0.959418,290.024000
val_001377,person,grabcut_point_box,ok,,0.737437,0.848879,224.095200
val_001378,dog,grabcut_point_box,ok,,0.646031,0.784956,2151.286400
val_001379,chair,grabcut_point_box,ok,,0.881045,0.936761,217.794900
val_001380,car,grabcut_point_box,ok,,0.031096,0.060316,196.393100
val_001381,person,grabcut_point_box,ok,,0.736544,0.848287,939.227900
val_001382,dog,grabcut_point_box,ok,,0.819858,0.901013,628.796300
val_001383,dog,grabcut_point_box,ok,,0.900710,0.947761,554.886400
val_001384,dog,grabcut_point_box,ok,,0.952252,0.975542,812.560600
val_001385,sofa,grabcut_point_box,ok,,0.958881,0.979009,198.241500
val_001386,bicycle,grabcut_point_box,ok,,0.000000,0.000000,204.116500
val_001387,dog,grabcut_point_box,ok,,0.876500,0.934186,1163.133500
val_001388,sheep,grabcut_point_box,ok,,0.920631,0.958676,317.707000
val_001389,diningtable,grabcut_point_box,ok,,0.940664,0.969425,522.038400
val_001390,bicycle,grabcut_point_box,ok,,0.519084,0.683417,197.712900
val_001391,person,grabcut_point_box,ok,,0.000000,0.000000,185.053700
val_001392,train,grabcut_point_box,ok,,0.669872,0.802304,869.389700
val_001393,dog,grabcut_point_box,ok,,0.943338,0.970843,400.886800
val_001394,bird,grabcut_point_box,ok,,0.770655,0.870475,298.116800
val_001395,dog,grabcut_point_box,ok,,0.000000,0.000000,474.503400
val_001396,person,grabcut_point_box,ok,,0.926709,0.961961,496.797300
val_001397,person,grabcut_point_box,ok,,0.800870,0.889425,513.840400
val_001398,car,grabcut_point_box,ok,,0.908448,0.952028,407.517700
val_001399,aeroplane,grabcut_point_box,ok,,0.459094,0.629287,2796.464900
val_001400,person,grabcut_point_box,ok,,0.934888,0.966349,579.576300
val_001401,diningtable,grabcut_point_box,ok,,0.491226,0.658822,658.031000
val_001402,dog,grabcut_point_box,ok,,0.726143,0.841348,332.445500
val_001403,train,grabcut_point_box,ok,,0.892782,0.943355,394.083100
val_001404,sofa,grabcut_point_box,ok,,0.552555,0.711801,320.423600
val_001405,person,grabcut_point_box,ok,,0.507676,0.673455,815.824200
val_001406,person,grabcut_point_box,ok,,0.407570,0.579111,240.340000
val_001407,aeroplane,grabcut_point_box,ok,,0.579682,0.733922,188.256900
val_001408,tvmonitor,grabcut_point_box,ok,,0.897942,0.946227,245.583900
val_001409,train,grabcut_point_box,ok,,0.351192,0.519826,262.476500
val_001410,bird,grabcut_point_box,ok,,0.846913,0.917112,200.392700
val_001411,person,grabcut_point_box,ok,,0.389961,0.561111,670.675300
val_001412,person,grabcut_point_box,ok,,0.566612,0.723359,512.179900
val_001413,dog,grabcut_point_box,ok,,0.978464,0.989115,942.386300
val_001414,car,grabcut_point_box,ok,,0.888730,0.941087,1334.205400
val_001415,person,grabcut_point_box,ok,,0.705085,0.827038,518.856400
val_001416,person,grabcut_point_box,ok,,0.745821,0.854407,387.094900
val_001417,sofa,grabcut_point_box,ok,,0.653814,0.790674,490.879400
val_001418,sheep,grabcut_point_box,ok,,0.741294,0.851429,166.235400
val_001419,aeroplane,grabcut_point_box,ok,,0.303067,0.465160,2324.971200
val_001420,cat,grabcut_point_box,error,"error: OpenCV(4.10.0) D:\a\opencv-python\opencv-python\opencv\modules\imgproc\src\grabcut.cpp:386: error: (-215:Assertion failed) !bgdSamples.empty() && !fgdSamples.empty() in function 'initGMMs'
",,,3.010000
val_001421,bicycle,grabcut_point_box,ok,,0.296326,0.457178,1349.852600
val_001422,horse,grabcut_point_box,ok,,0.708492,0.829377,207.480700
val_001423,boat,grabcut_point_box,ok,,0.764447,0.866500,158.858700
val_001424,car,grabcut_point_box,ok,,0.761856,0.864833,157.129500
val_001425,bottle,grabcut_point_box,ok,,0.662699,0.797137,366.736100
val_001426,tvmonitor,grabcut_point_box,ok,,0.761517,0.864615,185.348400
val_001427,cow,grabcut_point_box,ok,,0.932393,0.965014,315.287300
val_001428,aeroplane,grabcut_point_box,ok,,0.776417,0.874139,419.080000
val_001429,horse,grabcut_point_box,ok,,0.000000,0.000000,197.745200
val_001430,boat,grabcut_point_box,ok,,0.888693,0.941066,234.608700
val_001431,aeroplane,grabcut_point_box,ok,,0.325641,0.491296,188.689300
val_001432,person,grabcut_point_box,ok,,0.854885,0.921766,445.929500
val_001433,bicycle,grabcut_point_box,ok,,0.361839,0.531398,949.278200
val_001434,chair,grabcut_point_box,ok,,0.262297,0.415587,800.893600
val_001435,cow,grabcut_point_box,ok,,0.854785,0.921708,256.875700
val_001436,bird,grabcut_point_box,ok,,0.983417,0.991639,330.761700
val_001437,car,grabcut_point_box,ok,,0.670357,0.802651,734.627400
val_001438,horse,grabcut_point_box,ok,,0.000000,0.000000,190.888200
val_001439,chair,grabcut_point_box,ok,,0.000000,0.000000,228.123500
val_001440,bus,grabcut_point_box,ok,,0.853000,0.920669,454.263600
val_001441,bird,grabcut_point_box,ok,,0.890160,0.941888,231.717000
val_001442,train,grabcut_point_box,ok,,0.736109,0.847999,1471.878600
val_001443,sofa,grabcut_point_box,ok,,0.893464,0.943735,325.621000
val_001444,train,grabcut_point_box,ok,,0.948583,0.973613,660.109000
val_001445,pottedplant,grabcut_point_box,ok,,0.000000,0.000000,157.601400
val_001446,person,grabcut_point_box,ok,,0.763640,0.865982,641.244300
val_001447,sofa,grabcut_point_box,ok,,0.524815,0.688365,340.100800
val_001448,bottle,grabcut_point_box,ok,,0.991503,0.995733,469.416900
val_000000,aeroplane,robust_superpixel,ok,,0.433684,0.604993,202.357200
val_000001,train,robust_superpixel,ok,,0.683475,0.811981,176.015400
val_000002,boat,robust_superpixel,ok,,0.269366,0.424410,181.156000
val_000003,train,robust_superpixel,ok,,0.592248,0.743914,206.824500
val_000004,person,robust_superpixel,ok,,0.398652,0.570051,189.956600
val_000005,sheep,robust_superpixel,ok,,0.658396,0.794015,185.264700
val_000006,tvmonitor,robust_superpixel,ok,,0.545205,0.705673,211.234400
val_000007,person,robust_superpixel,ok,,0.395683,0.567010,207.505600
val_000008,horse,robust_superpixel,ok,,0.444881,0.615803,191.372300
val_000009,person,robust_superpixel,ok,,0.825239,0.904253,201.998300
val_000010,sofa,robust_superpixel,ok,,0.633092,0.775329,208.452300
val_000011,cow,robust_superpixel,ok,,0.834583,0.909834,207.826500
val_000012,cow,robust_superpixel,ok,,0.595955,0.746832,185.633100
val_000013,boat,robust_superpixel,ok,,0.731019,0.844611,200.236600
val_000014,tvmonitor,robust_superpixel,ok,,0.755297,0.860592,205.678800
val_000015,bicycle,robust_superpixel,ok,,0.186586,0.314493,183.969600
val_000016,train,robust_superpixel,ok,,0.840613,0.913406,124.474600
val_000017,train,robust_superpixel,ok,,0.140940,0.247059,179.464900
val_000018,sofa,robust_superpixel,ok,,0.672497,0.804183,211.637500
val_000019,bus,robust_superpixel,ok,,0.801742,0.889963,237.738700
val_000020,sheep,robust_superpixel,ok,,0.724036,0.839931,226.375900
val_000021,bus,robust_superpixel,ok,,0.642317,0.782209,209.766500
val_000022,diningtable,robust_superpixel,ok,,0.750588,0.857527,213.372900
val_000023,horse,robust_superpixel,ok,,0.517178,0.681763,243.603700
val_000024,horse,robust_superpixel,ok,,0.609444,0.757335,262.632200
val_000025,sofa,robust_superpixel,ok,,0.582629,0.736280,182.383900
val_000026,diningtable,robust_superpixel,ok,,0.192583,0.322968,212.293100
val_000027,boat,robust_superpixel,ok,,0.851095,0.919558,153.533200
val_000028,diningtable,robust_superpixel,ok,,0.900095,0.947421,222.698800
val_000029,boat,robust_superpixel,ok,,0.883212,0.937984,206.461700
val_000030,sheep,robust_superpixel,ok,,0.605056,0.753937,198.407200
val_000031,person,robust_superpixel,ok,,0.919824,0.958238,211.480700
val_000032,sofa,robust_superpixel,ok,,0.880725,0.936581,207.731100
val_000033,person,robust_superpixel,ok,,0.345810,0.513906,207.260600
val_000034,dog,robust_superpixel,ok,,0.806588,0.892941,217.196200
val_000035,person,robust_superpixel,ok,,0.448394,0.619160,207.028500
val_000036,aeroplane,robust_superpixel,ok,,0.357256,0.526439,185.516800
val_000037,bird,robust_superpixel,ok,,0.834134,0.909567,171.728100
val_000038,cow,robust_superpixel,ok,,0.535053,0.697114,240.302200
val_000039,person,robust_superpixel,ok,,0.360502,0.529955,176.820500
val_000040,car,robust_superpixel,ok,,0.898718,0.946658,176.589900
val_000041,aeroplane,robust_superpixel,ok,,0.315493,0.479657,203.199200
val_000042,person,robust_superpixel,ok,,0.422223,0.593751,186.787600
val_000043,person,robust_superpixel,ok,,0.472391,0.641665,174.047300
val_000044,person,robust_superpixel,ok,,0.671052,0.803149,209.901300
val_000045,sofa,robust_superpixel,ok,,0.802924,0.890691,203.074000
val_000046,sofa,robust_superpixel,ok,,0.788587,0.881799,177.068600
val_000047,person,robust_superpixel,ok,,0.799839,0.888790,158.908600
val_000048,aeroplane,robust_superpixel,ok,,0.410344,0.581907,172.213700
val_000049,person,robust_superpixel,ok,,0.547517,0.707607,242.500000
val_000050,horse,robust_superpixel,ok,,0.643487,0.783075,210.912600
val_000051,bicycle,robust_superpixel,ok,,0.274811,0.431140,211.707200
val_000052,person,robust_superpixel,ok,,0.389930,0.561079,180.556700
val_000053,person,robust_superpixel,ok,,0.668537,0.801345,211.627300
val_000054,diningtable,robust_superpixel,ok,,0.386657,0.557682,199.416200
val_000055,person,robust_superpixel,ok,,0.468129,0.637722,177.772400
val_000056,person,robust_superpixel,ok,,0.750034,0.857165,222.804500
val_000057,sheep,robust_superpixel,ok,,0.632768,0.775087,265.848600
val_000058,aeroplane,robust_superpixel,ok,,0.725900,0.841185,180.618900
val_000059,dog,robust_superpixel,ok,,0.387672,0.558737,199.944500
val_000060,cat,robust_superpixel,ok,,0.562910,0.720335,186.854300
val_000061,aeroplane,robust_superpixel,ok,,0.349691,0.518180,208.189100
val_000062,horse,robust_superpixel,ok,,0.842158,0.914317,174.651900
val_000063,horse,robust_superpixel,ok,,0.595639,0.746584,252.719900
val_000064,bird,robust_superpixel,ok,,0.852517,0.920388,175.984100
val_000065,person,robust_superpixel,ok,,0.653982,0.790797,190.204700
val_000066,tvmonitor,robust_superpixel,ok,,0.520963,0.685044,192.211300
val_000067,motorbike,robust_superpixel,ok,,0.610773,0.758360,172.268100
val_000068,aeroplane,robust_superpixel,ok,,0.359088,0.528425,194.496100
val_000069,sofa,robust_superpixel,ok,,0.630421,0.773323,192.812000
val_000070,pottedplant,robust_superpixel,ok,,0.547939,0.707960,198.755900
val_000071,aeroplane,robust_superpixel,ok,,0.325611,0.491262,176.970800
val_000072,person,robust_superpixel,ok,,0.516486,0.681162,205.135800
val_000073,cow,robust_superpixel,ok,,0.510215,0.675685,192.544400
val_000074,bird,robust_superpixel,ok,,0.857252,0.923140,174.799300
val_000075,bird,robust_superpixel,ok,,0.494245,0.661531,211.820900
val_000076,person,robust_superpixel,ok,,0.365375,0.535201,192.892500
val_000077,sofa,robust_superpixel,ok,,0.751932,0.858403,75.300500
val_000078,cat,robust_superpixel,ok,,0.514707,0.679612,174.349300
val_000079,cat,robust_superpixel,ok,,0.654530,0.791197,213.813400
val_000080,bus,robust_superpixel,ok,,0.646476,0.785284,165.941700
val_000081,train,robust_superpixel,ok,,0.524852,0.688398,197.776200
val_000082,dog,robust_superpixel,ok,,0.559869,0.717841,200.421900
val_000083,sheep,robust_superpixel,ok,,0.350610,0.519188,213.563900
val_000084,aeroplane,robust_superpixel,ok,,0.940772,0.969482,189.119100
val_000085,diningtable,robust_superpixel,ok,,0.929059,0.963225,189.522400
val_000086,car,robust_superpixel,ok,,0.573282,0.728772,193.837300
val_000087,sheep,robust_superpixel,ok,,0.684034,0.812375,202.489500
val_000088,boat,robust_superpixel,ok,,0.139714,0.245173,188.890200
val_000089,person,robust_superpixel,ok,,0.782588,0.878035,171.263300
val_000090,motorbike,robust_superpixel,ok,,0.451543,0.622156,205.037500
val_000091,person,robust_superpixel,ok,,0.785155,0.879649,220.807700
val_000092,dog,robust_superpixel,ok,,0.846889,0.917098,190.475400
val_000093,cow,robust_superpixel,ok,,0.645002,0.784196,186.187000
val_000094,sofa,robust_superpixel,ok,,0.773399,0.872222,195.623900
val_000095,person,robust_superpixel,ok,,0.736759,0.848430,212.145100
val_000096,horse,robust_superpixel,ok,,0.591808,0.743567,183.734100
val_000097,car,robust_superpixel,ok,,0.749180,0.856607,181.556800
val_000098,person,robust_superpixel,ok,,0.738406,0.849521,208.690400
val_000099,bus,robust_superpixel,ok,,0.759772,0.863489,187.084700
val_000100,person,robust_superpixel,ok,,0.550816,0.710357,207.462600
val_000101,dog,robust_superpixel,ok,,0.520640,0.684764,195.251600
val_000102,boat,robust_superpixel,ok,,0.848476,0.918028,189.551800
val_000103,person,robust_superpixel,ok,,0.456205,0.626567,206.582800
val_000104,bus,robust_superpixel,ok,,0.609535,0.757405,210.447300
val_000105,car,robust_superpixel,ok,,0.737800,0.849119,157.312200
val_000106,cat,robust_superpixel,ok,,0.556059,0.714702,207.037400
val_000107,person,robust_superpixel,ok,,0.487014,0.655023,211.571300
val_000108,dog,robust_superpixel,ok,,0.360071,0.529489,181.328500
val_000109,bus,robust_superpixel,ok,,0.805953,0.892551,188.915000
val_000110,cow,robust_superpixel,ok,,0.660665,0.795663,172.724700
val_000111,bird,robust_superpixel,ok,,0.748980,0.856477,184.720000
val_000112,motorbike,robust_superpixel,ok,,0.683372,0.811908,209.449100
val_000113,dog,robust_superpixel,ok,,0.505548,0.671580,209.979600
val_000114,train,robust_superpixel,ok,,0.740107,0.850645,210.178000
val_000115,bus,robust_superpixel,ok,,0.757636,0.862108,191.936400
val_000116,pottedplant,robust_superpixel,ok,,0.925423,0.961267,182.729900
val_000117,person,robust_superpixel,ok,,0.433360,0.604677,202.307000
val_000118,boat,robust_superpixel,ok,,0.436638,0.607861,195.260900
val_000119,train,robust_superpixel,ok,,0.597903,0.748359,205.424600
val_000120,horse,robust_superpixel,ok,,0.378995,0.549669,220.124000
val_000121,person,robust_superpixel,ok,,0.522659,0.686508,181.524100
val_000122,bird,robust_superpixel,ok,,0.288345,0.447621,179.981500
val_000123,bus,robust_superpixel,ok,,0.684649,0.812809,213.116800
val_000124,sheep,robust_superpixel,ok,,0.649894,0.787801,206.790800
val_000125,diningtable,robust_superpixel,ok,,0.877409,0.934702,75.885700
val_000126,bus,robust_superpixel,ok,,0.885637,0.939351,156.814700
val_000127,cow,robust_superpixel,ok,,0.332737,0.499328,242.470200
val_000128,train,robust_superpixel,ok,,0.909212,0.952447,89.145300
val_000129,boat,robust_superpixel,ok,,0.597455,0.748008,179.596600
val_000130,dog,robust_superpixel,ok,,0.371574,0.541821,202.174600
val_000131,car,robust_superpixel,ok,,0.734604,0.846999,205.890500
val_000132,train,robust_superpixel,ok,,0.652990,0.790072,187.743700
val_000133,cat,robust_superpixel,ok,,0.857879,0.923504,202.696500
val_000134,motorbike,robust_superpixel,ok,,0.311358,0.474863,187.916000
val_000135,aeroplane,robust_superpixel,ok,,0.785865,0.880095,156.862200
val_000136,person,robust_superpixel,ok,,0.529502,0.692385,204.435400
val_000137,person,robust_superpixel,ok,,0.640911,0.781165,181.818200
val_000138,bird,robust_superpixel,ok,,0.861482,0.925587,205.233000
val_000139,dog,robust_superpixel,ok,,0.369438,0.539547,193.448700
val_000140,tvmonitor,robust_superpixel,ok,,0.774662,0.873025,205.005200
val_000141,tvmonitor,robust_superpixel,ok,,0.788141,0.881520,209.783100
val_000142,boat,robust_superpixel,ok,,0.738742,0.849743,202.639600
val_000143,motorbike,robust_superpixel,ok,,0.554030,0.713023,211.864700
val_000144,train,robust_superpixel,ok,,0.367772,0.537768,210.848500
val_000145,motorbike,robust_superpixel,ok,,0.413201,0.584773,180.460200
val_000146,person,robust_superpixel,ok,,0.672594,0.804252,188.293600
val_000147,diningtable,robust_superpixel,ok,,0.470265,0.639701,181.990800
val_000148,bottle,robust_superpixel,ok,,0.628928,0.772198,93.502800
val_000149,train,robust_superpixel,ok,,0.647789,0.786252,206.361700
val_000150,chair,robust_superpixel,ok,,0.665314,0.799025,204.804300
val_000151,horse,robust_superpixel,ok,,0.520415,0.684570,190.151000
val_000152,pottedplant,robust_superpixel,ok,,0.695443,0.820367,190.489200
val_000153,dog,robust_superpixel,ok,,0.579523,0.733795,185.083100
val_000154,train,robust_superpixel,ok,,0.540285,0.701539,178.588000
val_000155,person,robust_superpixel,ok,,0.483626,0.651951,208.863900
val_000156,person,robust_superpixel,ok,,0.227759,0.371015,210.277400
val_000157,cat,robust_superpixel,ok,,0.752452,0.858742,194.670400
val_000158,cat,robust_superpixel,ok,,0.695463,0.820381,200.301400
val_000159,person,robust_superpixel,ok,,0.797851,0.887561,195.959800
val_000160,sheep,robust_superpixel,ok,,0.544657,0.705214,204.405200
val_000161,sheep,robust_superpixel,ok,,0.867944,0.929304,206.598200
val_000162,boat,robust_superpixel,ok,,0.277018,0.433852,177.005100
val_000163,bicycle,robust_superpixel,ok,,0.201026,0.334757,215.572600
val_000164,cow,robust_superpixel,ok,,0.539665,0.701016,171.993600
val_000165,dog,robust_superpixel,ok,,0.797332,0.887240,183.377300
val_000166,motorbike,robust_superpixel,ok,,0.603881,0.753025,159.812800
val_000167,person,robust_superpixel,ok,,0.770725,0.870519,182.068300
val_000168,bottle,robust_superpixel,ok,,0.462367,0.632354,214.470200
val_000169,car,robust_superpixel,ok,,0.890249,0.941939,188.740100
val_000170,person,robust_superpixel,ok,,0.599692,0.749759,203.250000
val_000171,horse,robust_superpixel,ok,,0.449097,0.619830,173.984100
val_000172,motorbike,robust_superpixel,ok,,0.737909,0.849192,208.731000
val_000173,aeroplane,robust_superpixel,ok,,0.602564,0.752000,204.639800
val_000174,bottle,robust_superpixel,ok,,0.583533,0.737002,206.824500
val_000175,cat,robust_superpixel,ok,,0.682385,0.811211,222.993100
val_000176,sheep,robust_superpixel,ok,,0.576844,0.731643,187.819600
val_000177,aeroplane,robust_superpixel,ok,,0.396586,0.567937,186.016000
val_000178,car,robust_superpixel,ok,,0.506922,0.672791,216.706600
val_000179,aeroplane,robust_superpixel,ok,,0.479898,0.648556,187.708700
val_000180,person,robust_superpixel,ok,,0.376789,0.547345,215.316500
val_000181,train,robust_superpixel,ok,,0.385570,0.556551,185.888700
val_000182,train,robust_superpixel,ok,,0.738568,0.849628,212.042800
val_000183,dog,robust_superpixel,ok,,0.444432,0.615372,177.498700
val_000184,boat,robust_superpixel,ok,,0.481582,0.650092,203.646500
val_000185,motorbike,robust_superpixel,ok,,0.730479,0.844250,204.205500
val_000186,diningtable,robust_superpixel,ok,,0.014807,0.029181,223.684100
val_000187,pottedplant,robust_superpixel,ok,,0.171269,0.292450,180.719500
val_000188,aeroplane,robust_superpixel,ok,,0.432261,0.603606,155.769200
val_000189,diningtable,robust_superpixel,ok,,0.238323,0.384913,211.562400
val_000190,person,robust_superpixel,ok,,0.727415,0.842200,194.770400
val_000191,pottedplant,robust_superpixel,ok,,0.605928,0.754614,203.319400
val_000192,bus,robust_superpixel,ok,,0.380863,0.551630,213.513800
val_000193,sheep,robust_superpixel,ok,,0.628153,0.771614,207.723200
val_000194,bus,robust_superpixel,ok,,0.862245,0.926028,134.487400
val_000195,person,robust_superpixel,ok,,0.637951,0.778962,203.899200
val_000196,car,robust_superpixel,ok,,0.698214,0.822292,160.287700
val_000197,boat,robust_superpixel,ok,,0.841633,0.914007,175.892100
val_000198,person,robust_superpixel,ok,,0.352059,0.520775,200.952400
val_000199,diningtable,robust_superpixel,ok,,0.854035,0.921272,275.068100
val_000200,person,robust_superpixel,ok,,0.754661,0.860179,206.054700
val_000201,dog,robust_superpixel,ok,,0.805996,0.892578,201.501000
val_000202,diningtable,robust_superpixel,ok,,0.790559,0.883030,208.411200
val_000203,cat,robust_superpixel,ok,,0.675321,0.806199,205.944200
val_000204,car,robust_superpixel,ok,,0.770722,0.870517,191.867700
val_000205,chair,robust_superpixel,ok,,0.778741,0.875609,198.742800
val_000206,horse,robust_superpixel,ok,,0.540982,0.702126,185.599400
val_000207,sofa,robust_superpixel,ok,,0.825705,0.904533,205.664400
val_000208,person,robust_superpixel,ok,,0.577082,0.731835,217.404600
val_000209,bicycle,robust_superpixel,ok,,0.212893,0.351050,208.819600
val_000210,boat,robust_superpixel,ok,,0.756597,0.861435,202.821600
val_000211,chair,robust_superpixel,ok,,0.863030,0.926480,200.810500
val_000212,person,robust_superpixel,ok,,0.878369,0.935247,195.402800
val_000213,motorbike,robust_superpixel,ok,,0.565656,0.722580,219.053100
val_000214,sheep,robust_superpixel,ok,,0.792205,0.884056,212.826900
val_000215,train,robust_superpixel,ok,,0.792497,0.884238,217.150900
val_000216,person,robust_superpixel,ok,,0.480956,0.649521,195.414000
val_000217,cow,robust_superpixel,ok,,0.583117,0.736669,204.932300
val_000218,train,robust_superpixel,ok,,0.725988,0.841243,193.086600
val_000219,sheep,robust_superpixel,ok,,0.453158,0.623687,172.302000
val_000220,cow,robust_superpixel,ok,,0.672991,0.804536,176.335900
val_000221,person,robust_superpixel,ok,,0.522999,0.686802,173.570500
val_000222,horse,robust_superpixel,ok,,0.564284,0.721460,210.832400
val_000223,aeroplane,robust_superpixel,ok,,0.789333,0.882265,178.445400
val_000224,person,robust_superpixel,ok,,0.622105,0.767034,206.542500
val_000225,bird,robust_superpixel,ok,,0.572299,0.727977,218.376500
val_000226,horse,robust_superpixel,ok,,0.711247,0.831261,187.258500
val_000227,tvmonitor,robust_superpixel,ok,,0.811537,0.895965,202.353200
val_000228,sheep,robust_superpixel,ok,,0.744566,0.853583,219.691300
val_000229,train,robust_superpixel,ok,,0.614821,0.761472,213.254700
val_000230,person,robust_superpixel,ok,,0.812108,0.896313,189.327800
val_000231,tvmonitor,robust_superpixel,ok,,0.658526,0.794110,201.947300
val_000232,tvmonitor,robust_superpixel,ok,,0.385689,0.556675,215.869300
val_000233,motorbike,robust_superpixel,ok,,0.600312,0.750244,222.294400
val_000234,person,robust_superpixel,ok,,0.448987,0.619726,182.661700
val_000235,aeroplane,robust_superpixel,ok,,0.406731,0.578264,208.186800
val_000236,car,robust_superpixel,ok,,0.611484,0.758908,182.743200
val_000237,sofa,robust_superpixel,ok,,0.774155,0.872703,150.375800
val_000238,aeroplane,robust_superpixel,ok,,0.856292,0.922583,181.120900
val_000239,boat,robust_superpixel,ok,,0.637986,0.778988,250.878700
val_000240,person,robust_superpixel,ok,,0.390401,0.561566,210.127400
val_000241,person,robust_superpixel,ok,,0.643995,0.783451,208.969800
val_000242,cat,robust_superpixel,ok,,0.433790,0.605095,183.682900
val_000243,sheep,robust_superpixel,ok,,0.671272,0.803307,210.518300
val_000244,pottedplant,robust_superpixel,ok,,0.593245,0.744700,220.169300
val_000245,diningtable,robust_superpixel,ok,,0.635775,0.777338,197.606200
val_000246,motorbike,robust_superpixel,ok,,0.520877,0.684970,218.179600
val_000247,horse,robust_superpixel,ok,,0.544915,0.705431,191.116600
val_000248,person,robust_superpixel,ok,,0.518545,0.682949,222.508400
val_000249,diningtable,robust_superpixel,ok,,0.900687,0.947749,211.675600
val_000250,car,robust_superpixel,ok,,0.669889,0.802316,195.886400
val_000251,car,robust_superpixel,ok,,0.444521,0.615458,209.240800
val_000252,person,robust_superpixel,ok,,0.542935,0.703769,217.599800
val_000253,person,robust_superpixel,ok,,0.660835,0.795787,158.821500
val_000254,train,robust_superpixel,ok,,0.719661,0.836980,189.685700
val_000255,person,robust_superpixel,ok,,0.780157,0.876504,189.592200
val_000256,bird,robust_superpixel,ok,,0.740632,0.850992,203.319600
val_000257,bird,robust_superpixel,ok,,0.561055,0.718815,192.835400
val_000258,chair,robust_superpixel,ok,,0.886248,0.939694,211.428800
val_000259,person,robust_superpixel,ok,,0.402949,0.574431,210.454400
val_000260,tvmonitor,robust_superpixel,ok,,0.900905,0.947870,196.921700
val_000261,dog,robust_superpixel,ok,,0.140038,0.245673,184.423400
val_000262,horse,robust_superpixel,ok,,0.425123,0.596612,237.655500
val_000263,sofa,robust_superpixel,ok,,0.607691,0.755980,205.928100
val_000264,train,robust_superpixel,ok,,0.167937,0.287579,206.747300
val_000265,tvmonitor,robust_superpixel,ok,,0.899711,0.947208,215.058200
val_000266,dog,robust_superpixel,ok,,0.650590,0.788312,190.687400
val_000267,person,robust_superpixel,ok,,0.572276,0.727959,183.293000
val_000268,sofa,robust_superpixel,ok,,0.811934,0.896207,210.725800
val_000269,pottedplant,robust_superpixel,ok,,0.546482,0.706742,183.001200
val_000270,horse,robust_superpixel,ok,,0.632456,0.774852,183.009300
val_000271,boat,robust_superpixel,ok,,0.660540,0.795572,187.122200
val_000272,bird,robust_superpixel,ok,,0.784659,0.879338,172.682200
val_000273,person,robust_superpixel,ok,,0.676752,0.807218,211.460000
val_000274,cow,robust_superpixel,ok,,0.871513,0.931346,196.993600
val_000275,bus,robust_superpixel,ok,,0.722434,0.838852,204.937500
val_000276,horse,robust_superpixel,ok,,0.505897,0.671888,71.563600
val_000277,cat,robust_superpixel,ok,,0.707992,0.829035,212.979300
val_000278,person,robust_superpixel,ok,,0.774973,0.873223,181.376500
val_000279,person,robust_superpixel,ok,,0.602550,0.751989,243.227600
val_000280,dog,robust_superpixel,ok,,0.496465,0.663517,182.097300
val_000281,cow,robust_superpixel,ok,,0.603153,0.752459,179.813300
val_000282,dog,robust_superpixel,ok,,0.507675,0.673455,259.507400
val_000283,bus,robust_superpixel,ok,,0.856625,0.922777,186.118400
val_000284,person,robust_superpixel,ok,,0.466076,0.635814,215.545900
val_000285,motorbike,robust_superpixel,ok,,0.583059,0.736623,217.664900
val_000286,bird,robust_superpixel,ok,,0.864870,0.927539,210.873800
val_000287,car,robust_superpixel,ok,,0.463855,0.633745,74.774600
val_000288,cat,robust_superpixel,ok,,0.862789,0.926341,185.733600
val_000289,cow,robust_superpixel,ok,,0.338287,0.505552,208.767900
val_000290,horse,robust_superpixel,ok,,0.495679,0.662815,182.204000
val_000291,sofa,robust_superpixel,ok,,0.909027,0.952346,186.795500
val_000292,person,robust_superpixel,ok,,0.593980,0.745279,193.295500
val_000293,person,robust_superpixel,ok,,0.497301,0.664263,205.643400
val_000294,bird,robust_superpixel,ok,,0.673697,0.805040,209.168800
val_000295,person,robust_superpixel,ok,,0.580602,0.734659,209.020900
val_000296,cat,robust_superpixel,ok,,0.517579,0.682111,210.005500
val_000297,bus,robust_superpixel,ok,,0.459266,0.629448,181.815000
val_000298,diningtable,robust_superpixel,ok,,0.719196,0.836665,276.679700
val_000299,pottedplant,robust_superpixel,ok,,0.323181,0.488491,170.037700
val_000300,tvmonitor,robust_superpixel,ok,,0.858194,0.923686,206.785100
val_000301,bottle,robust_superpixel,ok,,0.483691,0.652010,254.765800
val_000302,sofa,robust_superpixel,ok,,0.498402,0.665245,197.970700
val_000303,dog,robust_superpixel,ok,,0.485186,0.653368,192.242600
val_000304,dog,robust_superpixel,ok,,0.903181,0.949128,93.577400
val_000305,person,robust_superpixel,ok,,0.637540,0.778656,180.731600
val_000306,sofa,robust_superpixel,ok,,0.769484,0.869727,200.758600
val_000307,person,robust_superpixel,ok,,0.429042,0.600461,198.102200
val_000308,person,robust_superpixel,ok,,0.382621,0.553472,206.537100
val_000309,person,robust_superpixel,ok,,0.628358,0.771769,175.549600
val_000310,diningtable,robust_superpixel,ok,,0.785529,0.879884,202.718800
val_000311,pottedplant,robust_superpixel,ok,,0.723830,0.839793,220.512900
val_000312,motorbike,robust_superpixel,ok,,0.729458,0.843568,208.102700
val_000313,bus,robust_superpixel,ok,,0.545823,0.706191,204.794300
val_000314,cat,robust_superpixel,ok,,0.521340,0.685370,195.677500
val_000315,bird,robust_superpixel,ok,,0.594517,0.745702,214.354400
val_000316,horse,robust_superpixel,ok,,0.542747,0.703611,171.490400
val_000317,cow,robust_superpixel,ok,,0.670801,0.802969,201.966700
val_000318,aeroplane,robust_superpixel,ok,,0.908738,0.952187,205.111200
val_000319,cat,robust_superpixel,ok,,0.691338,0.817504,187.727300
val_000320,motorbike,robust_superpixel,ok,,0.508918,0.674547,211.232700
val_000321,cow,robust_superpixel,ok,,0.494704,0.661943,218.192600
val_000322,tvmonitor,robust_superpixel,ok,,0.740458,0.850877,204.496100
val_000323,cow,robust_superpixel,ok,,0.708692,0.829514,203.053400
val_000324,bus,robust_superpixel,ok,,0.761035,0.864304,205.208800
val_000325,dog,robust_superpixel,ok,,0.098534,0.179392,206.396100
val_000326,chair,robust_superpixel,ok,,0.789677,0.882480,222.725200
val_000327,boat,robust_superpixel,ok,,0.657096,0.793070,191.941500
val_000328,bird,robust_superpixel,ok,,0.714227,0.833293,181.106200
val_000329,sofa,robust_superpixel,ok,,0.973227,0.986432,200.427000
val_000330,cat,robust_superpixel,ok,,0.777138,0.874595,239.411100
val_000331,person,robust_superpixel,ok,,0.659191,0.794593,194.512300
val_000332,person,robust_superpixel,ok,,0.586466,0.739336,208.296000
val_000333,person,robust_superpixel,ok,,0.454413,0.624875,171.605800
val_000334,person,robust_superpixel,ok,,0.491838,0.659372,143.522700
val_000335,person,robust_superpixel,ok,,0.700189,0.823660,217.072900
val_000336,dog,robust_superpixel,ok,,0.701937,0.824868,181.490300
val_000337,person,robust_superpixel,ok,,0.257235,0.409207,189.773400
val_000338,sofa,robust_superpixel,ok,,0.660946,0.795867,179.679800
val_000339,person,robust_superpixel,ok,,0.881787,0.937181,208.536300
val_000340,cat,robust_superpixel,ok,,0.414971,0.586544,198.037500
val_000341,person,robust_superpixel,ok,,0.624889,0.769147,206.718200
val_000342,pottedplant,robust_superpixel,ok,,0.508426,0.674115,214.804700
val_000343,cat,robust_superpixel,ok,,0.325651,0.491307,216.200700
val_000344,cat,robust_superpixel,ok,,0.677834,0.807987,208.681200
val_000345,person,robust_superpixel,ok,,0.359041,0.528374,192.073600
val_000346,person,robust_superpixel,ok,,0.468480,0.638048,213.987700
val_000347,car,robust_superpixel,ok,,0.784124,0.879002,209.015600
val_000348,person,robust_superpixel,ok,,0.347076,0.515302,184.655900
val_000349,bird,robust_superpixel,ok,,0.660737,0.795715,203.468000
val_000350,person,robust_superpixel,ok,,0.461139,0.631205,197.456600
val_000351,sofa,robust_superpixel,ok,,0.557437,0.715839,184.965900
val_000352,horse,robust_superpixel,ok,,0.901342,0.948111,172.970800
val_000353,person,robust_superpixel,ok,,0.366170,0.536053,156.331500
val_000354,train,robust_superpixel,ok,,0.943417,0.970885,214.626300
val_000355,person,robust_superpixel,ok,,0.568307,0.724739,218.735600
val_000356,person,robust_superpixel,ok,,0.605420,0.754220,186.256600
val_000357,person,robust_superpixel,ok,,0.667890,0.800880,70.064300
val_000358,person,robust_superpixel,ok,,0.509133,0.674736,70.803500
val_000359,person,robust_superpixel,ok,,0.495466,0.662624,216.661300
val_000360,bicycle,robust_superpixel,ok,,0.457431,0.627723,188.965300
val_000361,person,robust_superpixel,ok,,0.545591,0.705996,151.097600
val_000362,diningtable,robust_superpixel,ok,,0.812624,0.896627,207.087700
val_000363,horse,robust_superpixel,ok,,0.597736,0.748229,210.029900
val_000364,motorbike,robust_superpixel,ok,,0.695123,0.820144,189.268500
val_000365,person,robust_superpixel,ok,,0.447502,0.618309,186.554700
val_000366,motorbike,robust_superpixel,ok,,0.766425,0.867770,222.752100
val_000367,bird,robust_superpixel,ok,,0.524102,0.687752,183.973700
val_000368,cat,robust_superpixel,ok,,0.594722,0.745863,209.648900
val_000369,dog,robust_superpixel,ok,,0.607012,0.755454,178.684000
val_000370,bottle,robust_superpixel,ok,,0.088537,0.162671,209.252700
val_000371,cow,robust_superpixel,ok,,0.514945,0.679820,208.402600
val_000372,dog,robust_superpixel,ok,,0.697381,0.821714,202.011300
val_000373,person,robust_superpixel,ok,,0.645508,0.784570,185.020200
val_000374,boat,robust_superpixel,ok,,0.510245,0.675711,212.870800
val_000375,person,robust_superpixel,ok,,0.703235,0.825764,221.304000
val_000376,boat,robust_superpixel,ok,,0.897813,0.946156,207.916700
val_000377,dog,robust_superpixel,ok,,0.834685,0.909895,217.125100
val_000378,person,robust_superpixel,ok,,0.657788,0.793573,202.532300
val_000379,person,robust_superpixel,ok,,0.442334,0.613359,217.679900
val_000380,cat,robust_superpixel,ok,,0.653710,0.790598,211.267400
val_000381,boat,robust_superpixel,ok,,0.549943,0.709630,210.862600
val_000382,motorbike,robust_superpixel,ok,,0.574673,0.729895,220.196900
val_000383,person,robust_superpixel,ok,,0.694326,0.819590,212.891000
val_000384,person,robust_superpixel,ok,,0.542361,0.703287,193.649900
val_000385,person,robust_superpixel,ok,,0.726408,0.841525,191.098900
val_000386,boat,robust_superpixel,ok,,0.725447,0.840880,206.133500
val_000387,person,robust_superpixel,ok,,0.456612,0.626951,215.591700
val_000388,person,robust_superpixel,ok,,0.501665,0.668145,211.751300
val_000389,dog,robust_superpixel,ok,,0.807463,0.893477,207.790200
val_000390,person,robust_superpixel,ok,,0.647468,0.786016,196.647800
val_000391,cat,robust_superpixel,ok,,0.583882,0.737279,216.292100
val_000392,chair,robust_superpixel,ok,,0.348295,0.516645,156.683100
val_000393,dog,robust_superpixel,ok,,0.767718,0.868598,208.214500
val_000394,person,robust_superpixel,ok,,0.625275,0.769439,193.942300
val_000395,person,robust_superpixel,ok,,0.591785,0.743549,214.046100
val_000396,cat,robust_superpixel,ok,,0.347224,0.515466,217.353400
val_000397,bird,robust_superpixel,ok,,0.697840,0.822033,232.633900
val_000398,person,robust_superpixel,ok,,0.503926,0.670147,190.398200
val_000399,aeroplane,robust_superpixel,ok,,0.833108,0.908957,160.963800
val_000400,person,robust_superpixel,ok,,0.467051,0.636721,283.309300
val_000401,boat,robust_superpixel,ok,,0.673651,0.805008,192.347100
val_000402,person,robust_superpixel,ok,,0.756346,0.861272,209.347500
val_000403,cat,robust_superpixel,ok,,0.510368,0.675819,211.950300
val_000404,horse,robust_superpixel,ok,,0.457472,0.627761,214.405400
val_000405,tvmonitor,robust_superpixel,ok,,0.777026,0.874524,212.976000
val_000406,chair,robust_superpixel,ok,,0.443369,0.614353,186.512300
val_000407,person,robust_superpixel,ok,,0.473357,0.642556,216.877400
val_000408,person,robust_superpixel,ok,,0.497250,0.664218,206.572700
val_000409,cat,robust_superpixel,ok,,0.777376,0.874746,198.472800
val_000410,person,robust_superpixel,ok,,0.889879,0.941731,181.148500
val_000411,pottedplant,robust_superpixel,ok,,0.609688,0.757524,201.081000
val_000412,aeroplane,robust_superpixel,ok,,0.359256,0.528607,187.934400
val_000413,person,robust_superpixel,ok,,0.403755,0.575250,193.021900
val_000414,bird,robust_superpixel,ok,,0.449759,0.620460,148.825800
val_000415,cat,robust_superpixel,ok,,0.806496,0.892884,216.946500
val_000416,bus,robust_superpixel,ok,,0.766241,0.867652,206.370000
val_000417,car,robust_superpixel,ok,,0.690774,0.817110,219.265300
val_000418,dog,robust_superpixel,ok,,0.708282,0.829233,215.332800
val_000419,motorbike,robust_superpixel,ok,,0.541786,0.702803,187.155600
val_000420,person,robust_superpixel,ok,,0.814258,0.897621,216.615200
val_000421,bicycle,robust_superpixel,ok,,0.253001,0.403832,209.289500
val_000422,pottedplant,robust_superpixel,ok,,0.723763,0.839748,212.489500
val_000423,aeroplane,robust_superpixel,ok,,0.549610,0.709353,183.813900
val_000424,pottedplant,robust_superpixel,ok,,0.613120,0.760167,204.726200
val_000425,motorbike,robust_superpixel,ok,,0.478613,0.647381,163.217600
val_000426,bird,robust_superpixel,ok,,0.651356,0.788874,265.256400
val_000427,tvmonitor,robust_superpixel,ok,,0.701400,0.824497,178.230600
val_000428,bottle,robust_superpixel,ok,,0.335046,0.501924,216.045000
val_000429,boat,robust_superpixel,ok,,0.752961,0.859073,223.689100
val_000430,person,robust_superpixel,ok,,0.367697,0.537688,178.757900
val_000431,boat,robust_superpixel,ok,,0.825994,0.904706,208.792800
val_000432,chair,robust_superpixel,ok,,0.301502,0.463314,217.218400
val_000433,sheep,robust_superpixel,ok,,0.343325,0.511157,164.177800
val_000434,person,robust_superpixel,ok,,0.810847,0.895544,201.579600
val_000435,cat,robust_superpixel,ok,,0.484432,0.652683,211.567300
val_000436,tvmonitor,robust_superpixel,ok,,0.945175,0.971815,174.640600
val_000437,cat,robust_superpixel,ok,,0.521587,0.685582,212.054000
val_000438,diningtable,robust_superpixel,ok,,0.446496,0.617348,207.067600
val_000439,cow,robust_superpixel,ok,,0.502339,0.668743,209.988900
val_000440,horse,robust_superpixel,ok,,0.614078,0.760902,244.767500
val_000441,dog,robust_superpixel,ok,,0.619623,0.765145,195.921500
val_000442,person,robust_superpixel,ok,,0.575885,0.730872,212.046900
val_000443,train,robust_superpixel,ok,,0.691570,0.817666,179.554800
val_000444,dog,robust_superpixel,ok,,0.580397,0.734495,211.468500
val_000445,person,robust_superpixel,ok,,0.498763,0.665566,168.670400
val_000446,dog,robust_superpixel,ok,,0.514168,0.679143,185.751300
val_000447,person,robust_superpixel,ok,,0.706708,0.828154,254.765200
val_000448,car,robust_superpixel,ok,,0.761100,0.864346,199.688900
val_000449,tvmonitor,robust_superpixel,ok,,0.748768,0.856337,210.062800
val_000450,tvmonitor,robust_superpixel,ok,,0.442192,0.613222,203.722600
val_000451,boat,robust_superpixel,ok,,0.773182,0.872084,181.528700
val_000452,person,robust_superpixel,ok,,0.548380,0.708328,200.706800
val_000453,train,robust_superpixel,ok,,0.590221,0.742313,179.296500
val_000454,person,robust_superpixel,ok,,0.671494,0.803466,104.551700
val_000455,bird,robust_superpixel,ok,,0.479233,0.647948,203.966400
val_000456,pottedplant,robust_superpixel,ok,,0.698402,0.822422,178.339100
val_000457,bus,robust_superpixel,ok,,0.703162,0.825713,200.746600
val_000458,aeroplane,robust_superpixel,ok,,0.413153,0.584725,205.995800
val_000459,person,robust_superpixel,ok,,0.430655,0.602039,202.213700
val_000460,dog,robust_superpixel,ok,,0.654423,0.791119,199.911200
val_000461,bicycle,robust_superpixel,ok,,0.139142,0.244292,209.996300
val_000462,person,robust_superpixel,ok,,0.385279,0.556247,94.239300
val_000463,car,robust_superpixel,ok,,0.730872,0.844513,122.085900
val_000464,aeroplane,robust_superpixel,ok,,0.528080,0.691168,175.744700
val_000465,horse,robust_superpixel,ok,,0.482311,0.650756,185.157700
val_000466,person,robust_superpixel,ok,,0.505209,0.671281,214.167800
val_000467,horse,robust_superpixel,ok,,0.689316,0.816089,167.116600
val_000468,diningtable,robust_superpixel,ok,,0.864575,0.927369,210.369400
val_000469,person,robust_superpixel,ok,,0.710011,0.830417,210.379200
val_000470,cat,robust_superpixel,ok,,0.553869,0.712891,202.747900
val_000471,person,robust_superpixel,ok,,0.588591,0.741023,212.222900
val_000472,person,robust_superpixel,ok,,0.457443,0.627734,213.832400
val_000473,dog,robust_superpixel,ok,,0.503055,0.669376,180.420300
val_000474,car,robust_superpixel,ok,,0.760543,0.863987,202.114500
val_000475,person,robust_superpixel,ok,,0.558269,0.716525,201.378000
val_000476,sofa,robust_superpixel,ok,,0.964176,0.981761,185.762300
val_000477,person,robust_superpixel,ok,,0.617485,0.763512,205.159900
val_000478,bus,robust_superpixel,ok,,0.564270,0.721448,131.115700
val_000479,horse,robust_superpixel,ok,,0.519743,0.683988,211.637000
val_000480,chair,robust_superpixel,ok,,0.192955,0.323490,175.885200
val_000481,car,robust_superpixel,ok,,0.602659,0.752074,211.381700
val_000482,person,robust_superpixel,ok,,0.464318,0.634177,207.463200
val_000483,boat,robust_superpixel,ok,,0.556516,0.715079,205.450800
val_000484,person,robust_superpixel,ok,,0.712443,0.832078,119.144800
val_000485,aeroplane,robust_superpixel,ok,,0.356962,0.526119,175.448200
val_000486,tvmonitor,robust_superpixel,ok,,0.857658,0.923375,197.556200
val_000487,boat,robust_superpixel,ok,,0.810083,0.895079,210.276600
val_000488,aeroplane,robust_superpixel,ok,,0.744262,0.853383,159.888700
val_000489,aeroplane,robust_superpixel,ok,,0.475841,0.644840,182.306900
val_000490,car,robust_superpixel,ok,,0.799319,0.888469,184.155100
val_000491,person,robust_superpixel,ok,,0.460101,0.630232,206.034700
val_000492,person,robust_superpixel,ok,,0.427549,0.598997,208.389200
val_000493,sofa,robust_superpixel,ok,,0.979827,0.989811,186.408900
val_000494,horse,robust_superpixel,ok,,0.569334,0.725574,79.971500
val_000495,train,robust_superpixel,ok,,0.675758,0.806510,210.051000
val_000496,tvmonitor,robust_superpixel,ok,,0.850127,0.918993,212.060100
val_000497,car,robust_superpixel,ok,,0.520124,0.684318,183.072500
val_000498,motorbike,robust_superpixel,ok,,0.491571,0.659132,197.249800
val_000499,bicycle,robust_superpixel,ok,,0.286897,0.445874,195.684700
val_000500,train,robust_superpixel,ok,,0.647302,0.785893,189.021800
val_000501,horse,robust_superpixel,ok,,0.620428,0.765758,205.652600
val_000502,motorbike,robust_superpixel,ok,,0.411417,0.582985,193.425400
val_000503,sheep,robust_superpixel,ok,,0.720682,0.837670,188.839100
val_000504,pottedplant,robust_superpixel,ok,,0.278913,0.436172,212.789200
val_000505,car,robust_superpixel,ok,,0.740489,0.850898,212.287400
val_000506,sofa,robust_superpixel,ok,,0.777252,0.874667,194.166900
val_000507,person,robust_superpixel,ok,,0.544964,0.705471,162.151200
val_000508,train,robust_superpixel,ok,,0.781535,0.877372,176.072300
val_000509,chair,robust_superpixel,ok,,0.938108,0.968066,203.267700
val_000510,sheep,robust_superpixel,ok,,0.921632,0.959218,208.608000
val_000511,horse,robust_superpixel,ok,,0.403545,0.575036,176.432200
val_000512,person,robust_superpixel,ok,,0.324962,0.490522,184.580600
val_000513,bottle,robust_superpixel,ok,,0.776183,0.873990,222.678200
val_000514,horse,robust_superpixel,ok,,0.827801,0.905789,211.706800
val_000515,cow,robust_superpixel,ok,,0.885358,0.939194,202.579400
val_000516,aeroplane,robust_superpixel,ok,,0.349742,0.518235,168.317800
val_000517,horse,robust_superpixel,ok,,0.588328,0.740815,173.939300
val_000518,tvmonitor,robust_superpixel,ok,,0.911274,0.953577,203.743700
val_000519,bicycle,robust_superpixel,ok,,0.187181,0.315336,214.671700
val_000520,sheep,robust_superpixel,ok,,0.804144,0.891441,200.247900
val_000521,tvmonitor,robust_superpixel,ok,,0.623741,0.768277,194.979800
val_000522,bicycle,robust_superpixel,ok,,0.266897,0.421340,171.764300
val_000523,motorbike,robust_superpixel,ok,,0.600591,0.750462,221.440200
val_000524,tvmonitor,robust_superpixel,ok,,0.829360,0.906722,201.639700
val_000525,cow,robust_superpixel,ok,,0.751693,0.858247,166.598500
val_000526,cow,robust_superpixel,ok,,0.536356,0.698218,217.048200
val_000527,diningtable,robust_superpixel,ok,,0.426326,0.597796,147.999500
val_000528,dog,robust_superpixel,ok,,0.567245,0.723875,208.044800
val_000529,pottedplant,robust_superpixel,ok,,0.391183,0.562375,186.791900
val_000530,pottedplant,robust_superpixel,ok,,0.866536,0.928497,138.712400
val_000531,motorbike,robust_superpixel,ok,,0.458266,0.628508,157.941500
val_000532,tvmonitor,robust_superpixel,ok,,0.754465,0.860052,184.707800
val_000533,bottle,robust_superpixel,ok,,0.838576,0.912202,225.153300
val_000534,aeroplane,robust_superpixel,ok,,0.486000,0.654105,201.398800
val_000535,boat,robust_superpixel,ok,,0.244681,0.393162,208.190300
val_000536,person,robust_superpixel,ok,,0.540466,0.701691,89.307000
val_000537,motorbike,robust_superpixel,ok,,0.733294,0.846127,221.877600
val_000538,tvmonitor,robust_superpixel,ok,,0.811577,0.895990,205.097300
val_000539,person,robust_superpixel,ok,,0.443652,0.614625,216.908000
val_000540,horse,robust_superpixel,ok,,0.569236,0.725494,204.754200
val_000541,train,robust_superpixel,ok,,0.871455,0.931313,206.030700
val_000542,boat,robust_superpixel,ok,,0.111676,0.200915,180.175000
val_000543,sheep,robust_superpixel,ok,,0.486917,0.654935,183.176200
val_000544,motorbike,robust_superpixel,ok,,0.664256,0.798262,198.978400
val_000545,horse,robust_superpixel,ok,,0.560727,0.718546,216.459600
val_000546,bus,robust_superpixel,ok,,0.778889,0.875703,210.784300
val_000547,pottedplant,robust_superpixel,ok,,0.600742,0.750580,180.841900
val_000548,horse,robust_superpixel,ok,,0.435941,0.607185,189.016400
val_000549,bicycle,robust_superpixel,ok,,0.093012,0.170194,216.405100
val_000550,person,robust_superpixel,ok,,0.518332,0.682765,186.066400
val_000551,person,robust_superpixel,ok,,0.463103,0.633043,202.676500
val_000552,bottle,robust_superpixel,ok,,0.430974,0.602351,191.840500
val_000553,motorbike,robust_superpixel,ok,,0.645057,0.784237,203.165400
val_000554,diningtable,robust_superpixel,ok,,0.397209,0.568575,211.592400
val_000555,horse,robust_superpixel,ok,,0.414965,0.586538,202.765500
val_000556,train,robust_superpixel,ok,,0.824219,0.903640,183.496100
val_000557,cow,robust_superpixel,ok,,0.381976,0.552797,214.470800
val_000558,person,robust_superpixel,ok,,0.747164,0.855288,206.122600
val_000559,dog,robust_superpixel,ok,,0.751790,0.858311,182.763500
val_000560,bird,robust_superpixel,ok,,0.371290,0.541519,212.621700
val_000561,tvmonitor,robust_superpixel,ok,,0.575477,0.730543,211.069400
val_000562,aeroplane,robust_superpixel,ok,,0.589891,0.742052,211.435000
val_000563,horse,robust_superpixel,ok,,0.830079,0.907151,205.320400
val_000564,boat,robust_superpixel,ok,,0.715626,0.834245,176.914100
val_000565,car,robust_superpixel,ok,,0.720989,0.837877,211.400700
val_000566,person,robust_superpixel,ok,,0.772415,0.871596,197.495700
val_000567,cat,robust_superpixel,ok,,0.883507,0.938151,258.205600
val_000568,sheep,robust_superpixel,ok,,0.521441,0.685456,129.157800
val_000569,cat,robust_superpixel,ok,,0.851623,0.919867,202.559200
val_000570,diningtable,robust_superpixel,ok,,0.637946,0.778959,204.098900
val_000571,cat,robust_superpixel,ok,,0.822119,0.902377,167.357200
val_000572,train,robust_superpixel,ok,,0.921211,0.958990,199.865800
val_000573,person,robust_superpixel,ok,,0.728813,0.843137,180.871700
val_000574,cow,robust_superpixel,ok,,0.401018,0.572467,205.736700
val_000575,train,robust_superpixel,ok,,0.772077,0.871381,214.159600
val_000576,bus,robust_superpixel,ok,,0.745914,0.854468,193.134300
val_000577,aeroplane,robust_superpixel,ok,,0.536511,0.698350,175.752700
val_000578,person,robust_superpixel,ok,,0.497696,0.664615,167.011300
val_000579,train,robust_superpixel,ok,,0.711254,0.831266,185.738300
val_000580,sofa,robust_superpixel,ok,,0.632368,0.774786,203.975200
val_000581,sheep,robust_superpixel,ok,,0.581260,0.735186,219.872800
val_000582,person,robust_superpixel,ok,,0.498214,0.665077,208.112400
val_000583,dog,robust_superpixel,ok,,0.649223,0.787308,212.384700
val_000584,car,robust_superpixel,ok,,0.240865,0.388222,204.892800
val_000585,cow,robust_superpixel,ok,,0.893474,0.943740,191.137300
val_000586,cow,robust_superpixel,ok,,0.938697,0.968379,205.036100
val_000587,diningtable,robust_superpixel,ok,,0.329877,0.496102,209.468300
val_000588,bird,robust_superpixel,ok,,0.887330,0.940302,175.514100
val_000589,cow,robust_superpixel,ok,,0.744717,0.853683,208.423400
val_000590,boat,robust_superpixel,ok,,0.779307,0.875967,198.852200
val_000591,chair,robust_superpixel,ok,,0.682236,0.811106,214.185300
val_000592,person,robust_superpixel,ok,,0.860700,0.925136,198.491500
val_000593,cow,robust_superpixel,ok,,0.484867,0.653078,207.038900
val_000594,aeroplane,robust_superpixel,ok,,0.720294,0.837408,144.517700
val_000595,dog,robust_superpixel,ok,,0.425883,0.597361,213.931600
val_000596,horse,robust_superpixel,ok,,0.769757,0.869901,203.249100
val_000597,person,robust_superpixel,ok,,0.715904,0.834433,181.858900
val_000598,sheep,robust_superpixel,ok,,0.544850,0.705376,213.972900
val_000599,bird,robust_superpixel,ok,,0.649238,0.787318,199.558200
val_000600,aeroplane,robust_superpixel,ok,,0.477995,0.646816,109.613200
val_000601,dog,robust_superpixel,ok,,0.530107,0.692902,206.691500
val_000602,chair,robust_superpixel,ok,,0.900367,0.947572,209.781500
val_000603,cat,robust_superpixel,ok,,0.464828,0.634652,197.996300
val_000604,cow,robust_superpixel,ok,,0.810420,0.895284,182.657600
val_000605,sheep,robust_superpixel,ok,,0.702114,0.824990,221.125000
val_000606,person,robust_superpixel,ok,,0.644619,0.783913,189.203200
val_000607,bus,robust_superpixel,ok,,0.740976,0.851219,202.319700
val_000608,car,robust_superpixel,ok,,0.539233,0.700651,197.712100
val_000609,bottle,robust_superpixel,ok,,0.915799,0.956049,213.353600
val_000610,sheep,robust_superpixel,ok,,0.733375,0.846182,208.586600
val_000611,person,robust_superpixel,ok,,0.510000,0.675497,207.741100
val_000612,aeroplane,robust_superpixel,ok,,0.839506,0.912752,210.663300
val_000613,horse,robust_superpixel,ok,,0.428983,0.600403,199.586800
val_000614,person,robust_superpixel,ok,,0.882137,0.937378,184.165800
val_000615,diningtable,robust_superpixel,ok,,0.600183,0.750143,213.441200
val_000616,sofa,robust_superpixel,ok,,0.790596,0.883053,212.830200
val_000617,motorbike,robust_superpixel,ok,,0.548581,0.708495,208.841400
val_000618,train,robust_superpixel,ok,,0.211437,0.349069,178.824200
val_000619,bus,robust_superpixel,ok,,0.926776,0.961997,212.678000
val_000620,bird,robust_superpixel,ok,,0.227184,0.370253,199.375600
val_000621,horse,robust_superpixel,ok,,0.320263,0.485151,210.210200
val_000622,bus,robust_superpixel,ok,,0.468030,0.637630,208.013100
val_000623,person,robust_superpixel,ok,,0.547083,0.707245,210.563300
val_000624,diningtable,robust_superpixel,ok,,0.755894,0.860979,207.121700
val_000625,horse,robust_superpixel,ok,,0.641581,0.781662,211.002900
val_000626,horse,robust_superpixel,ok,,0.799017,0.888282,205.851500
val_000627,horse,robust_superpixel,ok,,0.609106,0.757074,189.033700
val_000628,pottedplant,robust_superpixel,ok,,0.612793,0.759915,167.933000
val_000629,bus,robust_superpixel,ok,,0.270407,0.425701,194.936300
val_000630,bicycle,robust_superpixel,ok,,0.173484,0.295674,214.127900
val_000631,bus,robust_superpixel,ok,,0.605682,0.754423,275.367800
val_000632,bicycle,robust_superpixel,ok,,0.092129,0.168714,210.401400
val_000633,bird,robust_superpixel,ok,,0.565595,0.722530,196.508300
val_000634,horse,robust_superpixel,ok,,0.655586,0.791968,134.139900
val_000635,cat,robust_superpixel,ok,,0.767357,0.868367,194.731200
val_000636,train,robust_superpixel,ok,,0.496925,0.663927,214.576600
val_000637,aeroplane,robust_superpixel,ok,,0.381825,0.552639,186.656500
val_000638,bird,robust_superpixel,ok,,0.756218,0.861189,213.335900
val_000639,sheep,robust_superpixel,ok,,0.885254,0.939135,179.767900
val_000640,motorbike,robust_superpixel,ok,,0.553153,0.712297,182.845800
val_000641,cat,robust_superpixel,ok,,0.387285,0.558335,214.641100
val_000642,sofa,robust_superpixel,ok,,0.719773,0.837056,256.263500
val_000643,sofa,robust_superpixel,ok,,0.852089,0.920138,211.667200
val_000644,bottle,robust_superpixel,ok,,0.686928,0.814413,214.788200
val_000645,tvmonitor,robust_superpixel,ok,,0.670878,0.803025,186.946100
val_000646,bicycle,robust_superpixel,ok,,0.099659,0.181255,205.420900
val_000647,dog,robust_superpixel,ok,,0.447132,0.617956,187.207800
val_000648,bottle,robust_superpixel,ok,,0.693091,0.818728,183.134200
val_000649,aeroplane,robust_superpixel,ok,,0.307797,0.470710,209.139500
val_000650,cow,robust_superpixel,ok,,0.687529,0.814835,226.997000
val_000651,sofa,robust_superpixel,ok,,0.867969,0.929319,212.474300
val_000652,person,robust_superpixel,ok,,0.598201,0.748593,205.772300
val_000653,bird,robust_superpixel,ok,,0.428334,0.599768,211.542200
val_000654,bus,robust_superpixel,ok,,0.851829,0.919987,184.630500
val_000655,bicycle,robust_superpixel,ok,,0.195602,0.327202,221.671800
val_000656,bicycle,robust_superpixel,ok,,0.335267,0.502173,215.786700
val_000657,aeroplane,robust_superpixel,ok,,0.524002,0.687666,176.750600
val_000658,tvmonitor,robust_superpixel,ok,,0.687866,0.815072,187.795500
val_000659,horse,robust_superpixel,ok,,0.375939,0.546448,200.178900
val_000660,person,robust_superpixel,ok,,0.662037,0.796657,240.868900
val_000661,boat,robust_superpixel,ok,,0.479214,0.647931,212.861600
val_000662,bus,robust_superpixel,ok,,0.670032,0.802418,189.292600
val_000663,aeroplane,robust_superpixel,ok,,0.379785,0.550499,194.221900
val_000664,boat,robust_superpixel,ok,,0.595981,0.746853,215.240900
val_000665,bus,robust_superpixel,ok,,0.699016,0.822848,221.653600
val_000666,car,robust_superpixel,ok,,0.727120,0.842003,197.751900
val_000667,boat,robust_superpixel,ok,,0.582904,0.736500,185.470900
val_000668,sofa,robust_superpixel,ok,,0.737464,0.848897,65.240600
val_000669,pottedplant,robust_superpixel,ok,,0.442284,0.613311,212.068800
val_000670,car,robust_superpixel,ok,,0.800942,0.889470,208.437600
val_000671,bicycle,robust_superpixel,ok,,0.316494,0.480814,210.322300
val_000672,bird,robust_superpixel,ok,,0.671088,0.803175,230.888100
val_000673,train,robust_superpixel,ok,,0.469263,0.638774,218.566100
val_000674,cow,robust_superpixel,ok,,0.675471,0.806306,221.745300
val_000675,bird,robust_superpixel,ok,,0.458181,0.628428,228.917900
val_000676,sheep,robust_superpixel,ok,,0.647396,0.785963,220.128100
val_000677,person,robust_superpixel,ok,,0.660207,0.795331,176.615000
val_000678,horse,robust_superpixel,ok,,0.395136,0.566448,219.313700
val_000679,train,robust_superpixel,ok,,0.636280,0.777715,206.291100
val_000680,cat,robust_superpixel,ok,,0.580721,0.734754,208.459900
val_000681,boat,robust_superpixel,ok,,0.498629,0.665447,207.268800
val_000682,horse,robust_superpixel,ok,,0.714418,0.833424,176.404900
val_000683,motorbike,robust_superpixel,ok,,0.506544,0.672458,194.264200
val_000684,cow,robust_superpixel,ok,,0.333924,0.500665,180.372500
val_000685,sofa,robust_superpixel,ok,,0.783902,0.878862,164.448200
val_000686,cow,robust_superpixel,ok,,0.836196,0.910792,189.304800
val_000687,car,robust_superpixel,ok,,0.634571,0.776437,190.907400
val_000688,boat,robust_superpixel,ok,,0.825710,0.904536,189.350300
val_000689,dog,robust_superpixel,ok,,0.905939,0.950648,182.761300
val_000690,bottle,robust_superpixel,ok,,0.620127,0.765529,206.982300
val_000691,train,robust_superpixel,ok,,0.781907,0.877607,165.084500
val_000692,bird,robust_superpixel,ok,,0.610548,0.758187,229.394700
val_000693,dog,robust_superpixel,ok,,0.692415,0.818257,192.515000
val_000694,boat,robust_superpixel,ok,,0.547205,0.707347,136.281300
val_000695,sheep,robust_superpixel,ok,,0.536455,0.698302,204.875200
val_000696,horse,robust_superpixel,ok,,0.798703,0.888088,213.238700
val_000697,dog,robust_superpixel,ok,,0.571048,0.726964,213.876700
val_000698,cat,robust_superpixel,ok,,0.480112,0.648750,219.595300
val_000699,dog,robust_superpixel,ok,,0.411277,0.582844,193.045200
val_000700,bird,robust_superpixel,ok,,0.293258,0.453518,209.999600
val_000701,bird,robust_superpixel,ok,,0.572803,0.728385,195.596800
val_000702,cat,robust_superpixel,ok,,0.682724,0.811451,219.764300
val_000703,bus,robust_superpixel,ok,,0.801964,0.890100,197.006300
val_000704,bird,robust_superpixel,ok,,0.770691,0.870497,279.422300
val_000705,bird,robust_superpixel,ok,,0.703812,0.826161,209.766000
val_000706,diningtable,robust_superpixel,ok,,0.842935,0.914775,210.129200
val_000707,car,robust_superpixel,ok,,0.645692,0.784706,214.328900
val_000708,car,robust_superpixel,ok,,0.344662,0.512637,194.461300
val_000709,bottle,robust_superpixel,ok,,0.565336,0.722319,181.395600
val_000710,person,robust_superpixel,ok,,0.601257,0.750981,183.143300
val_000711,train,robust_superpixel,ok,,0.691748,0.817791,199.001500
val_000712,bird,robust_superpixel,ok,,0.834369,0.909707,262.722200
val_000713,aeroplane,robust_superpixel,ok,,0.362400,0.532003,176.187200
val_000714,train,robust_superpixel,ok,,0.718857,0.836436,177.543500
val_000715,tvmonitor,robust_superpixel,ok,,0.821921,0.902257,208.897300
val_000716,cat,robust_superpixel,ok,,0.600116,0.750091,184.657700
val_000717,cat,robust_superpixel,ok,,0.652185,0.789482,205.750700
val_000718,horse,robust_superpixel,ok,,0.620547,0.765849,217.297000
val_000719,sheep,robust_superpixel,ok,,0.747490,0.855502,207.153600
val_000720,dog,robust_superpixel,ok,,0.690119,0.816652,172.208400
val_000721,car,robust_superpixel,ok,,0.667571,0.800651,219.579200
val_000722,bird,robust_superpixel,ok,,0.700641,0.823973,183.778600
val_000723,bird,robust_superpixel,ok,,0.790931,0.883263,167.934900
val_000724,sofa,robust_superpixel,ok,,0.516733,0.681377,192.463200
val_000725,person,robust_superpixel,ok,,0.639415,0.780053,162.820500
val_000726,bird,robust_superpixel,ok,,0.496885,0.663892,215.562900
val_000727,pottedplant,robust_superpixel,ok,,0.320326,0.485223,200.116600
val_000728,dog,robust_superpixel,ok,,0.803907,0.891295,219.659500
val_000729,person,robust_superpixel,ok,,0.650325,0.788117,209.060900
val_000730,sofa,robust_superpixel,ok,,0.822034,0.902326,170.532900
val_000731,bird,robust_superpixel,ok,,0.848335,0.917945,178.204700
val_000732,sheep,robust_superpixel,ok,,0.743862,0.853120,233.595300
val_000733,sofa,robust_superpixel,ok,,0.485628,0.653768,235.269000
val_000734,bus,robust_superpixel,ok,,0.685900,0.813690,216.616300
val_000735,bus,robust_superpixel,ok,,0.671919,0.803770,219.582800
val_000736,bottle,robust_superpixel,ok,,0.299764,0.461259,154.948000
val_000737,aeroplane,robust_superpixel,ok,,0.718166,0.835968,178.688700
val_000738,aeroplane,robust_superpixel,ok,,0.594909,0.746010,196.582800
val_000739,bus,robust_superpixel,ok,,0.769555,0.869772,171.719500
val_000740,boat,robust_superpixel,ok,,0.745115,0.853944,221.605300
val_000741,sheep,robust_superpixel,ok,,0.668879,0.801591,283.231900
val_000742,dog,robust_superpixel,ok,,0.676450,0.807003,178.720000
val_000743,cow,robust_superpixel,ok,,0.532284,0.694759,210.711700
val_000744,person,robust_superpixel,ok,,0.497463,0.664408,195.366700
val_000745,sheep,robust_superpixel,ok,,0.577172,0.731908,222.751000
val_000746,tvmonitor,robust_superpixel,ok,,0.734758,0.847101,208.604600
val_000747,horse,robust_superpixel,ok,,0.533699,0.695964,169.836100
val_000748,cow,robust_superpixel,ok,,0.500244,0.666884,185.125200
val_000749,cow,robust_superpixel,ok,,0.781778,0.877526,213.133200
val_000750,dog,robust_superpixel,ok,,0.725825,0.841134,186.804400
val_000751,car,robust_superpixel,ok,,0.569065,0.725355,169.706600
val_000752,horse,robust_superpixel,ok,,0.770632,0.870460,218.930300
val_000753,cow,robust_superpixel,ok,,0.495502,0.662657,215.868700
val_000754,person,robust_superpixel,ok,,0.248461,0.398028,158.411000
val_000755,train,robust_superpixel,ok,,0.632511,0.774894,193.031700
val_000756,cow,robust_superpixel,ok,,0.774893,0.873171,216.884100
val_000757,bus,robust_superpixel,ok,,0.794428,0.885439,236.685700
val_000758,motorbike,robust_superpixel,ok,,0.514326,0.679281,269.872800
val_000759,train,robust_superpixel,ok,,0.406674,0.578206,193.445100
val_000760,cat,robust_superpixel,ok,,0.559593,0.717614,166.808200
val_000761,train,robust_superpixel,ok,,0.769345,0.869638,173.143600
val_000762,bicycle,robust_superpixel,ok,,0.134911,0.237748,219.195400
val_000763,motorbike,robust_superpixel,ok,,0.541912,0.702909,178.973200
val_000764,aeroplane,robust_superpixel,ok,,0.820669,0.901503,173.101100
val_000765,person,robust_superpixel,ok,,0.535542,0.697528,205.548800
val_000766,tvmonitor,robust_superpixel,ok,,0.778441,0.875420,210.507900
val_000767,person,robust_superpixel,ok,,0.392666,0.563906,183.028500
val_000768,motorbike,robust_superpixel,ok,,0.244469,0.392889,205.632700
val_000769,sofa,robust_superpixel,ok,,0.461204,0.631266,214.612300
val_000770,chair,robust_superpixel,ok,,0.534490,0.696635,203.888100
val_000771,dog,robust_superpixel,ok,,0.899074,0.946855,225.776500
val_000772,diningtable,robust_superpixel,ok,,0.378062,0.548686,174.864200
val_000773,bottle,robust_superpixel,ok,,0.561104,0.718855,158.000900
val_000774,cat,robust_superpixel,ok,,0.608119,0.756311,186.096600
val_000775,bus,robust_superpixel,ok,,0.538735,0.700231,185.193700
val_000776,dog,robust_superpixel,ok,,0.659783,0.795023,169.299600
val_000777,cow,robust_superpixel,ok,,0.594391,0.745602,185.183800
val_000778,tvmonitor,robust_superpixel,ok,,0.774142,0.872694,195.694200
val_000779,train,robust_superpixel,ok,,0.620551,0.765852,175.659600
val_000780,sofa,robust_superpixel,ok,,0.734525,0.846947,176.900100
val_000781,tvmonitor,robust_superpixel,ok,,0.914691,0.955445,180.872400
val_000782,person,robust_superpixel,ok,,0.435472,0.606730,211.171100
val_000783,boat,robust_superpixel,ok,,0.154758,0.268035,201.436700
val_000784,bottle,robust_superpixel,ok,,0.781002,0.877037,230.550800
val_000785,bird,robust_superpixel,ok,,0.813224,0.896992,177.529200
val_000786,car,robust_superpixel,ok,,0.910531,0.953171,178.610200
val_000787,cow,robust_superpixel,ok,,0.872873,0.932122,211.840500
val_000788,train,robust_superpixel,ok,,0.522842,0.686666,209.734600
val_000789,bottle,robust_superpixel,ok,,0.505671,0.671689,204.593300
val_000790,motorbike,robust_superpixel,ok,,0.511662,0.676953,209.965900
val_000791,boat,robust_superpixel,ok,,0.608178,0.756357,184.023400
val_000792,sofa,robust_superpixel,ok,,0.789105,0.882123,177.916800
val_000793,bottle,robust_superpixel,ok,,0.399919,0.571346,107.048500
val_000794,cat,robust_superpixel,ok,,0.410809,0.582374,199.127200
val_000795,pottedplant,robust_superpixel,ok,,0.875083,0.933381,204.698000
val_000796,aeroplane,robust_superpixel,ok,,0.452566,0.623126,182.279600
val_000797,bottle,robust_superpixel,ok,,0.902872,0.948957,178.055900
val_000798,train,robust_superpixel,ok,,0.784175,0.879034,120.958300
val_000799,aeroplane,robust_superpixel,ok,,0.159271,0.274778,181.565600
val_000800,bicycle,robust_superpixel,ok,,0.204832,0.340017,208.227800
val_000801,cat,robust_superpixel,ok,,0.535032,0.697095,220.142600
val_000802,horse,robust_superpixel,ok,,0.498674,0.665487,169.322600
val_000803,train,robust_superpixel,ok,,0.694938,0.820016,208.951400
val_000804,car,robust_superpixel,ok,,0.429891,0.601292,179.336600
val_000805,diningtable,robust_superpixel,ok,,0.789941,0.882645,206.378800
val_000806,aeroplane,robust_superpixel,ok,,0.745781,0.854381,182.696100
val_000807,boat,robust_superpixel,ok,,0.797533,0.887364,212.394900
val_000808,cow,robust_superpixel,ok,,0.593529,0.744924,178.208900
val_000809,dog,robust_superpixel,ok,,0.886920,0.940071,208.665700
val_000810,person,robust_superpixel,ok,,0.437223,0.608428,206.939400
val_000811,diningtable,robust_superpixel,ok,,0.864744,0.927467,189.690700
val_000812,boat,robust_superpixel,ok,,0.603083,0.752404,210.476500
val_000813,train,robust_superpixel,ok,,0.700913,0.824161,215.483600
val_000814,sofa,robust_superpixel,ok,,0.795613,0.886175,213.095100
val_000815,bicycle,robust_superpixel,ok,,0.125278,0.222661,217.213200
val_000816,motorbike,robust_superpixel,ok,,0.766262,0.867665,206.340800
val_000817,dog,robust_superpixel,ok,,0.513469,0.678533,211.299900
val_000818,bicycle,robust_superpixel,ok,,0.211869,0.349657,206.984900
val_000819,dog,robust_superpixel,ok,,0.740720,0.851050,165.648000
val_000820,person,robust_superpixel,ok,,0.600515,0.750402,209.140800
val_000821,bird,robust_superpixel,ok,,0.348400,0.516760,215.984200
val_000822,train,robust_superpixel,ok,,0.753144,0.859193,182.055300
val_000823,bus,robust_superpixel,ok,,0.769700,0.869865,187.825700
val_000824,train,robust_superpixel,ok,,0.698632,0.822582,182.721000
val_000825,horse,robust_superpixel,ok,,0.437498,0.608694,232.118500
val_000826,bicycle,robust_superpixel,ok,,0.118460,0.211827,166.923000
val_000827,bird,robust_superpixel,ok,,0.518166,0.682621,238.802900
val_000828,car,robust_superpixel,ok,,0.555484,0.714227,206.047800
val_000829,car,robust_superpixel,ok,,0.801068,0.889548,155.599100
val_000830,train,robust_superpixel,ok,,0.635967,0.777482,195.535100
val_000831,bird,robust_superpixel,ok,,0.656765,0.792828,230.584200
val_000832,dog,robust_superpixel,ok,,0.436871,0.608087,207.422400
val_000833,horse,robust_superpixel,ok,,0.566243,0.723059,194.652700
val_000834,person,robust_superpixel,ok,,0.714059,0.833179,198.208200
val_000835,bird,robust_superpixel,ok,,0.469745,0.639220,204.169600
val_000836,boat,robust_superpixel,ok,,0.630705,0.773536,188.642800
val_000837,diningtable,robust_superpixel,ok,,0.310468,0.473828,176.106800
val_000838,bottle,robust_superpixel,ok,,0.756531,0.861392,197.954600
val_000839,tvmonitor,robust_superpixel,ok,,0.556771,0.715289,215.152400
val_000840,cow,robust_superpixel,ok,,0.709581,0.830123,179.221900
val_000841,car,robust_superpixel,ok,,0.777409,0.874766,135.995900
val_000842,tvmonitor,robust_superpixel,ok,,0.818311,0.900078,269.436900
val_000843,sofa,robust_superpixel,ok,,0.814865,0.897990,217.529500
val_000844,cow,robust_superpixel,ok,,0.394849,0.566153,188.555800
val_000845,person,robust_superpixel,ok,,0.424158,0.595661,167.534100
val_000846,car,robust_superpixel,ok,,0.779789,0.876271,206.385200
val_000847,sofa,robust_superpixel,ok,,0.680137,0.809621,205.538100
val_000848,bird,robust_superpixel,ok,,0.426890,0.598351,200.631700
val_000849,sheep,robust_superpixel,ok,,0.692508,0.818321,190.408500
val_000850,aeroplane,robust_superpixel,ok,,0.363038,0.532690,187.176500
val_000851,bus,robust_superpixel,ok,,0.784842,0.879453,213.494500
val_000852,boat,robust_superpixel,ok,,0.456574,0.626915,180.065000
val_000853,dog,robust_superpixel,ok,,0.746145,0.854620,199.369200
val_000854,cat,robust_superpixel,ok,,0.599973,0.749979,187.278000
val_000855,cow,robust_superpixel,ok,,0.596377,0.747163,188.312400
val_000856,horse,robust_superpixel,ok,,0.553366,0.712473,202.495600
val_000857,aeroplane,robust_superpixel,ok,,0.559327,0.717396,184.994900
val_000858,dog,robust_superpixel,ok,,0.844663,0.915791,215.253100
val_000859,person,robust_superpixel,ok,,0.941046,0.969628,210.941800
val_000860,tvmonitor,robust_superpixel,ok,,0.743070,0.852599,188.914600
val_000861,bird,robust_superpixel,ok,,0.378779,0.549442,201.398800
val_000862,tvmonitor,robust_superpixel,ok,,0.380293,0.551032,215.902900
val_000863,horse,robust_superpixel,ok,,0.510486,0.675922,201.749300
val_000864,cat,robust_superpixel,ok,,0.850418,0.919163,188.878600
val_000865,dog,robust_superpixel,ok,,0.455956,0.626332,220.353700
val_000866,train,robust_superpixel,ok,,0.507729,0.673501,183.248700
val_000867,bicycle,robust_superpixel,ok,,0.180893,0.306366,201.605300
val_000868,person,robust_superpixel,ok,,0.510907,0.676292,215.555000
val_000869,bird,robust_superpixel,ok,,0.306037,0.468650,107.183000
val_000870,dog,robust_superpixel,ok,,0.446338,0.617197,165.736100
val_000871,motorbike,robust_superpixel,ok,,0.352000,0.520710,168.510000
val_000872,sheep,robust_superpixel,ok,,0.281946,0.439872,215.132600
val_000873,bus,robust_superpixel,ok,,0.873786,0.932642,187.540100
val_000874,bird,robust_superpixel,ok,,0.484074,0.652359,204.078400
val_000875,sofa,robust_superpixel,ok,,0.834698,0.909903,173.751600
val_000876,boat,robust_superpixel,ok,,0.192027,0.322186,223.468800
val_000877,diningtable,robust_superpixel,ok,,0.554105,0.713086,206.057500
val_000878,chair,robust_superpixel,ok,,0.529203,0.692129,174.832500
val_000879,person,robust_superpixel,ok,,0.617678,0.763660,215.890800
val_000880,bottle,robust_superpixel,ok,,0.541502,0.702564,194.999400
val_000881,cat,robust_superpixel,ok,,0.931534,0.964554,163.199500
val_000882,train,robust_superpixel,ok,,0.860158,0.924823,211.587600
val_000883,sofa,robust_superpixel,ok,,0.885301,0.939162,208.500400
val_000884,bottle,robust_superpixel,ok,,0.638670,0.779498,219.498200
val_000885,motorbike,robust_superpixel,ok,,0.602800,0.752184,172.063000
val_000886,car,robust_superpixel,ok,,0.691774,0.817809,212.546800
val_000887,horse,robust_superpixel,ok,,0.879691,0.935995,208.695400
val_000888,cat,robust_superpixel,ok,,0.514842,0.679730,186.139100
val_000889,dog,robust_superpixel,ok,,0.480906,0.649476,184.856500
val_000890,bird,robust_superpixel,ok,,0.889680,0.941620,213.076400
val_000891,bird,robust_superpixel,ok,,0.811782,0.896114,221.733800
val_000892,bird,robust_superpixel,ok,,0.315106,0.479210,171.640900
val_000893,bottle,robust_superpixel,ok,,0.785162,0.879654,192.854600
val_000894,dog,robust_superpixel,ok,,0.579237,0.733566,211.805500
val_000895,bus,robust_superpixel,ok,,0.749441,0.856778,185.646100
val_000896,dog,robust_superpixel,ok,,0.600885,0.750691,190.754600
val_000897,car,robust_superpixel,ok,,0.941864,0.970062,174.758800
val_000898,boat,robust_superpixel,ok,,0.349778,0.518275,204.797000
val_000899,aeroplane,robust_superpixel,ok,,0.763356,0.865799,202.340600
val_000900,sofa,robust_superpixel,ok,,0.823857,0.903423,200.959100
val_000901,cat,robust_superpixel,ok,,0.515273,0.680106,214.073500
val_000902,train,robust_superpixel,ok,,0.727757,0.842430,224.454500
val_000903,bus,robust_superpixel,ok,,0.757791,0.862208,210.837000
val_000904,motorbike,robust_superpixel,ok,,0.510848,0.676240,178.082500
val_000905,car,robust_superpixel,ok,,0.766183,0.867614,195.722500
val_000906,bus,robust_superpixel,ok,,0.712598,0.832184,212.498800
val_000907,train,robust_superpixel,ok,,0.438218,0.609390,190.196400
val_000908,motorbike,robust_superpixel,ok,,0.382582,0.553431,185.084400
val_000909,person,robust_superpixel,ok,,0.689630,0.816309,213.514300
val_000910,diningtable,robust_superpixel,ok,,0.555036,0.713856,211.454300
val_000911,bus,robust_superpixel,ok,,0.749881,0.857065,210.779400
val_000912,bicycle,robust_superpixel,ok,,0.086122,0.158586,233.202400
val_000913,bird,robust_superpixel,ok,,0.275948,0.432538,190.795000
val_000914,bird,robust_superpixel,ok,,0.700049,0.823563,182.755100
val_000915,horse,robust_superpixel,ok,,0.663348,0.797606,247.568300
val_000916,aeroplane,robust_superpixel,ok,,0.562114,0.719684,216.173600
val_000917,motorbike,robust_superpixel,ok,,0.649683,0.787646,174.695800
val_000918,sofa,robust_superpixel,ok,,0.734090,0.846657,206.506000
val_000919,person,robust_superpixel,ok,,0.615240,0.761794,176.593000
val_000920,person,robust_superpixel,ok,,0.589634,0.741849,215.615800
val_000921,motorbike,robust_superpixel,ok,,0.560643,0.718477,191.198100
val_000922,person,robust_superpixel,ok,,0.311082,0.474543,229.117600
val_000923,sheep,robust_superpixel,ok,,0.908116,0.951846,208.758800
val_000924,bird,robust_superpixel,ok,,0.570847,0.726801,206.855500
val_000925,train,robust_superpixel,ok,,0.755748,0.860884,83.097700
val_000926,bicycle,robust_superpixel,ok,,0.115820,0.207595,237.130800
val_000927,cat,robust_superpixel,ok,,0.841606,0.913991,201.604000
val_000928,aeroplane,robust_superpixel,ok,,0.565730,0.722640,177.532000
val_000929,bottle,robust_superpixel,ok,,0.552685,0.711909,168.284400
val_000930,horse,robust_superpixel,ok,,0.884475,0.938697,204.729100
val_000931,cat,robust_superpixel,ok,,0.547557,0.707640,214.172900
val_000932,train,robust_superpixel,ok,,0.803973,0.891336,184.241900
val_000933,bus,robust_superpixel,ok,,0.737261,0.848762,201.627300
val_000934,bird,robust_superpixel,ok,,0.576797,0.731606,232.922200
val_000935,bird,robust_superpixel,ok,,0.670511,0.802761,206.037700
val_000936,bottle,robust_superpixel,ok,,0.683609,0.812076,213.301200
val_000937,chair,robust_superpixel,ok,,0.342537,0.510284,207.105300
val_000938,horse,robust_superpixel,ok,,0.512563,0.677741,262.415300
val_000939,bicycle,robust_superpixel,ok,,0.419576,0.591128,213.678600
val_000940,person,robust_superpixel,ok,,0.651358,0.788876,176.904000
val_000941,boat,robust_superpixel,ok,,0.526596,0.689895,215.775800
val_000942,motorbike,robust_superpixel,ok,,0.233615,0.378749,206.159200
val_000943,dog,robust_superpixel,ok,,0.930640,0.964074,171.265800
val_000944,dog,robust_superpixel,ok,,0.397681,0.569058,175.313700
val_000945,car,robust_superpixel,ok,,0.390970,0.562154,214.441000
val_000946,cat,robust_superpixel,ok,,0.665520,0.799174,187.584800
val_000947,person,robust_superpixel,ok,,0.676953,0.807360,200.767100
val_000948,dog,robust_superpixel,ok,,0.740198,0.850706,60.000200
val_000949,aeroplane,robust_superpixel,ok,,0.532606,0.695033,183.027300
val_000950,bird,robust_superpixel,ok,,0.368632,0.538687,185.812500
val_000951,sofa,robust_superpixel,ok,,0.664517,0.798450,149.142200
val_000952,boat,robust_superpixel,ok,,0.844919,0.915942,154.149600
val_000953,sofa,robust_superpixel,ok,,0.862950,0.926434,209.367100
val_000954,sheep,robust_superpixel,ok,,0.485134,0.653320,197.752100
val_000955,tvmonitor,robust_superpixel,ok,,0.829976,0.907089,203.868600
val_000956,pottedplant,robust_superpixel,ok,,0.572390,0.728051,135.464400
val_000957,bird,robust_superpixel,ok,,0.658509,0.794098,180.320900
val_000958,bicycle,robust_superpixel,ok,,0.237087,0.383299,196.012700
val_000959,car,robust_superpixel,ok,,0.766411,0.867761,150.993300
val_000960,dog,robust_superpixel,ok,,0.650134,0.787977,214.600300
val_000961,bottle,robust_superpixel,ok,,0.805025,0.891982,183.405300
val_000962,cow,robust_superpixel,ok,,0.639780,0.780324,211.597500
val_000963,bird,robust_superpixel,ok,,0.358456,0.527740,218.347900
val_000964,person,robust_superpixel,ok,,0.825805,0.904593,210.848900
val_000965,cat,robust_superpixel,ok,,0.654820,0.791409,207.105000
val_000966,person,robust_superpixel,ok,,0.528399,0.691442,159.662800
val_000967,aeroplane,robust_superpixel,ok,,0.764557,0.866571,177.709300
val_000968,bus,robust_superpixel,ok,,0.828930,0.906465,208.165100
val_000969,aeroplane,robust_superpixel,ok,,0.451673,0.622279,201.135300
val_000970,car,robust_superpixel,ok,,0.626643,0.770474,201.477700
val_000971,pottedplant,robust_superpixel,ok,,0.700656,0.823983,214.528500
val_000972,horse,robust_superpixel,ok,,0.311157,0.474630,175.348100
val_000973,boat,robust_superpixel,ok,,0.731051,0.844633,118.947600
val_000974,bus,robust_superpixel,ok,,0.859101,0.924211,135.216700
val_000975,cat,robust_superpixel,ok,,0.688957,0.815838,185.849900
val_000976,cat,robust_superpixel,ok,,0.594858,0.745970,110.028400
val_000977,person,robust_superpixel,ok,,0.396710,0.568063,214.879100
val_000978,train,robust_superpixel,ok,,0.897435,0.945946,178.991500
val_000979,dog,robust_superpixel,ok,,0.636261,0.777701,213.021000
val_000980,bird,robust_superpixel,ok,,0.302836,0.464888,212.161500
val_000981,bird,robust_superpixel,ok,,0.750085,0.857199,212.224900
val_000982,horse,robust_superpixel,ok,,0.619546,0.765086,174.509200
val_000983,dog,robust_superpixel,ok,,0.655263,0.791733,200.844200
val_000984,boat,robust_superpixel,ok,,0.619835,0.765306,209.827600
val_000985,cow,robust_superpixel,ok,,0.911572,0.953741,208.553300
val_000986,bird,robust_superpixel,ok,,0.880528,0.936469,204.827600
val_000987,motorbike,robust_superpixel,ok,,0.360190,0.529617,181.169500
val_000988,cat,robust_superpixel,ok,,0.733235,0.846088,191.060100
val_000989,car,robust_superpixel,ok,,0.677777,0.807947,209.398800
val_000990,bird,robust_superpixel,ok,,0.580832,0.734843,203.730700
val_000991,cow,robust_superpixel,ok,,0.767105,0.868205,170.282600
val_000992,cow,robust_superpixel,ok,,0.602774,0.752163,183.909400
val_000993,sheep,robust_superpixel,ok,,0.488496,0.656362,210.615300
val_000994,bird,robust_superpixel,ok,,0.264647,0.418531,165.514500
val_000995,aeroplane,robust_superpixel,ok,,0.201097,0.334855,222.870400
val_000996,aeroplane,robust_superpixel,ok,,0.753162,0.859204,175.211700
val_000997,boat,robust_superpixel,ok,,0.458077,0.628330,189.471800
val_000998,bird,robust_superpixel,ok,,0.472996,0.642223,204.311800
val_000999,bird,robust_superpixel,ok,,0.330693,0.497024,239.644700
val_001000,cat,robust_superpixel,ok,,0.796608,0.886791,202.062600
val_001001,sheep,robust_superpixel,ok,,0.543383,0.704146,190.625800
val_001002,train,robust_superpixel,ok,,0.688974,0.815849,190.284300
val_001003,dog,robust_superpixel,ok,,0.663514,0.797726,207.235200
val_001004,sofa,robust_superpixel,ok,,0.890221,0.941923,192.560000
val_001005,train,robust_superpixel,ok,,0.395512,0.566835,201.380300
val_001006,aeroplane,robust_superpixel,ok,,0.927987,0.962649,178.794900
val_001007,bus,robust_superpixel,ok,,0.825608,0.904475,181.072200
val_001008,bicycle,robust_superpixel,ok,,0.247366,0.396622,217.939800
val_001009,motorbike,robust_superpixel,ok,,0.626956,0.770711,198.863600
val_001010,sheep,robust_superpixel,ok,,0.752267,0.858621,213.527500
val_001011,dog,robust_superpixel,ok,,0.877955,0.935012,207.281000
val_001012,cat,robust_superpixel,ok,,0.770885,0.870621,217.760100
val_001013,motorbike,robust_superpixel,ok,,0.521592,0.685587,205.888900
val_001014,sofa,robust_superpixel,ok,,0.286805,0.445762,201.942100
val_001015,cat,robust_superpixel,ok,,0.706680,0.828134,204.906900
val_001016,cat,robust_superpixel,ok,,0.642105,0.782051,169.773000
val_001017,person,robust_superpixel,ok,,0.629133,0.772353,227.328700
val_001018,dog,robust_superpixel,ok,,0.653740,0.790620,75.684200
val_001019,bus,robust_superpixel,ok,,0.838259,0.912014,181.918000
val_001020,aeroplane,robust_superpixel,ok,,0.794366,0.885400,193.255800
val_001021,horse,robust_superpixel,ok,,0.690387,0.816839,130.274400
val_001022,sheep,robust_superpixel,ok,,0.513041,0.678158,217.766800
val_001023,cat,robust_superpixel,ok,,0.642174,0.782103,204.915100
val_001024,motorbike,robust_superpixel,ok,,0.620700,0.765965,197.279400
val_001025,sheep,robust_superpixel,ok,,0.828349,0.906117,220.878900
val_001026,person,robust_superpixel,ok,,0.732442,0.845560,212.241000
val_001027,sheep,robust_superpixel,ok,,0.491838,0.659372,209.286700
val_001028,diningtable,robust_superpixel,ok,,0.892000,0.942918,212.350600
val_001029,bus,robust_superpixel,ok,,0.857235,0.923131,169.515600
val_001030,cat,robust_superpixel,ok,,0.666674,0.800005,207.263000
val_001031,cow,robust_superpixel,ok,,0.590684,0.742679,169.763100
val_001032,person,robust_superpixel,ok,,0.558092,0.716379,213.777200
val_001033,train,robust_superpixel,ok,,0.429705,0.601110,209.180400
val_001034,tvmonitor,robust_superpixel,ok,,0.851275,0.919664,175.632800
val_001035,person,robust_superpixel,ok,,0.483525,0.651860,208.175700
val_001036,dog,robust_superpixel,ok,,0.271437,0.426977,181.632900
val_001037,pottedplant,robust_superpixel,ok,,0.411779,0.583348,214.279900
val_001038,bird,robust_superpixel,ok,,0.693213,0.818814,218.978500
val_001039,bottle,robust_superpixel,ok,,0.633073,0.775315,208.662000
val_001040,diningtable,robust_superpixel,ok,,0.478566,0.647338,210.909600
val_001041,dog,robust_superpixel,ok,,0.448554,0.619313,208.257800
val_001042,cat,robust_superpixel,ok,,0.756529,0.861391,178.091200
val_001043,train,robust_superpixel,ok,,0.625673,0.769740,164.141200
val_001044,dog,robust_superpixel,ok,,0.831847,0.908206,183.260700
val_001045,sofa,robust_superpixel,ok,,0.886511,0.939842,169.032000
val_001046,car,robust_superpixel,ok,,0.730193,0.844059,182.023200
val_001047,bird,robust_superpixel,ok,,0.553841,0.712867,202.642700
val_001048,person,robust_superpixel,ok,,0.325593,0.491242,213.905500
val_001049,cat,robust_superpixel,ok,,0.830901,0.907641,216.833200
val_001050,bicycle,robust_superpixel,ok,,0.114525,0.205514,185.805200
val_001051,sheep,robust_superpixel,ok,,0.243565,0.391721,184.140200
val_001052,sofa,robust_superpixel,ok,,0.833289,0.909064,213.175200
val_001053,bird,robust_superpixel,ok,,0.664333,0.798317,218.627300
val_001054,cat,robust_superpixel,ok,,0.469323,0.638829,205.663900
val_001055,aeroplane,robust_superpixel,ok,,0.805841,0.892483,177.663400
val_001056,boat,robust_superpixel,ok,,0.803400,0.890984,176.689500
val_001057,horse,robust_superpixel,ok,,0.815649,0.898465,213.304600
val_001058,aeroplane,robust_superpixel,ok,,0.677666,0.807867,207.797100
val_001059,dog,robust_superpixel,ok,,0.786238,0.880328,217.652100
val_001060,sheep,robust_superpixel,ok,,0.488892,0.656719,212.815100
val_001061,motorbike,robust_superpixel,ok,,0.612210,0.759467,212.823000
val_001062,motorbike,robust_superpixel,ok,,0.774766,0.873091,216.399800
val_001063,cat,robust_superpixel,ok,,0.629567,0.772680,219.609900
val_001064,aeroplane,robust_superpixel,ok,,0.720008,0.837214,198.398100
val_001065,chair,robust_superpixel,ok,,0.313930,0.477849,214.143900
val_001066,cat,robust_superpixel,ok,,0.880764,0.936602,212.011100
val_001067,car,robust_superpixel,ok,,0.708005,0.829043,213.916500
val_001068,cow,robust_superpixel,ok,,0.511870,0.677135,202.545300
val_001069,motorbike,robust_superpixel,ok,,0.344578,0.512544,191.256500
val_001070,cat,robust_superpixel,ok,,0.460661,0.630757,230.498100
val_001071,bird,robust_superpixel,ok,,0.417903,0.589466,244.728100
val_001072,dog,robust_superpixel,ok,,0.545265,0.705724,215.618700
val_001073,cat,robust_superpixel,ok,,0.719764,0.837050,183.217700
val_001074,sofa,robust_superpixel,ok,,0.473326,0.642527,220.500700
val_001075,bicycle,robust_superpixel,ok,,0.105099,0.190208,239.547200
val_001076,chair,robust_superpixel,ok,,0.500316,0.666947,238.121600
val_001077,bus,robust_superpixel,ok,,0.572523,0.728158,191.170600
val_001078,person,robust_superpixel,ok,,0.849914,0.918869,222.893300
val_001079,train,robust_superpixel,ok,,0.694175,0.819484,223.799400
val_001080,horse,robust_superpixel,ok,,0.589433,0.741690,203.729200
val_001081,chair,robust_superpixel,ok,,0.457477,0.627766,225.139300
val_001082,cow,robust_superpixel,ok,,0.518293,0.682731,226.493800
val_001083,person,robust_superpixel,ok,,0.685646,0.813511,202.614400
val_001084,person,robust_superpixel,ok,,0.680514,0.809888,194.460200
val_001085,bus,robust_superpixel,ok,,0.574700,0.729917,222.506700
val_001086,cat,robust_superpixel,ok,,0.949431,0.974059,265.071000
val_001087,car,robust_superpixel,ok,,0.766921,0.868087,199.463800
val_001088,chair,robust_superpixel,ok,,0.578253,0.732776,226.090500
val_001089,car,robust_superpixel,ok,,0.565904,0.722783,187.410300
val_001090,aeroplane,robust_superpixel,ok,,0.503791,0.670028,102.199200
val_001091,car,robust_superpixel,ok,,0.729073,0.843311,224.106500
val_001092,person,robust_superpixel,ok,,0.474772,0.643858,230.295700
val_001093,dog,robust_superpixel,ok,,0.813260,0.897014,198.759700
val_001094,pottedplant,robust_superpixel,ok,,0.656302,0.792491,236.951100
val_001095,aeroplane,robust_superpixel,ok,,0.273461,0.429476,214.127600
val_001096,aeroplane,robust_superpixel,ok,,0.382654,0.553506,188.368200
val_001097,bird,robust_superpixel,ok,,0.559248,0.717330,207.849900
val_001098,cow,robust_superpixel,ok,,0.690649,0.817022,233.535500
val_001099,dog,robust_superpixel,ok,,0.660906,0.795838,224.946200
val_001100,motorbike,robust_superpixel,ok,,0.660034,0.795206,227.036900
val_001101,car,robust_superpixel,ok,,0.696029,0.820775,304.793500
val_001102,cow,robust_superpixel,ok,,0.601857,0.751449,209.152100
val_001103,cat,robust_superpixel,ok,,0.470526,0.639942,285.718800
val_001104,car,robust_superpixel,ok,,0.547085,0.707246,208.977000
val_001105,bus,robust_superpixel,ok,,0.717608,0.835590,201.605100
val_001106,chair,robust_superpixel,ok,,0.558900,0.717044,222.842100
val_001107,person,robust_superpixel,ok,,0.824625,0.903884,227.825000
val_001108,bird,robust_superpixel,ok,,0.609551,0.757417,240.148100
val_001109,aeroplane,robust_superpixel,ok,,0.408463,0.580013,171.455400
val_001110,car,robust_superpixel,ok,,0.662840,0.797239,199.940000
val_001111,cat,robust_superpixel,ok,,0.791858,0.883840,207.683900
val_001112,person,robust_superpixel,ok,,0.578881,0.733280,220.760500
val_001113,bird,robust_superpixel,ok,,0.340965,0.508537,210.023300
val_001114,car,robust_superpixel,ok,,0.435642,0.606895,223.181000
val_001115,car,robust_superpixel,ok,,0.772596,0.871711,188.162400
val_001116,cat,robust_superpixel,ok,,0.578237,0.732763,238.127600
val_001117,bird,robust_superpixel,ok,,0.756986,0.861687,219.644900
val_001118,aeroplane,robust_superpixel,ok,,0.821293,0.901879,197.634100
val_001119,dog,robust_superpixel,ok,,0.576020,0.730980,229.557900
val_001120,train,robust_superpixel,ok,,0.669432,0.801987,229.768400
val_001121,diningtable,robust_superpixel,ok,,0.906121,0.950748,231.153300
val_001122,horse,robust_superpixel,ok,,0.736480,0.848245,224.103900
val_001123,sheep,robust_superpixel,ok,,0.860048,0.924759,208.088900
val_001124,boat,robust_superpixel,ok,,0.421086,0.592625,231.765600
val_001125,diningtable,robust_superpixel,ok,,0.729392,0.843524,227.120100
val_001126,cat,robust_superpixel,ok,,0.469745,0.639220,220.431100
val_001127,train,robust_superpixel,ok,,0.542079,0.703050,233.899700
val_001128,aeroplane,robust_superpixel,ok,,0.415222,0.586794,196.448300
val_001129,dog,robust_superpixel,ok,,0.722831,0.839120,216.542500
val_001130,cat,robust_superpixel,ok,,0.772045,0.871361,211.498500
val_001131,cat,robust_superpixel,ok,,0.756973,0.861679,202.056100
val_001132,car,robust_superpixel,ok,,0.408465,0.580014,172.840700
val_001133,bird,robust_superpixel,ok,,0.653890,0.790730,228.357400
val_001134,bus,robust_superpixel,ok,,0.748685,0.856284,226.965000
val_001135,cat,robust_superpixel,ok,,0.910282,0.953034,222.004900
val_001136,car,robust_superpixel,ok,,0.771542,0.871040,220.579300
val_001137,bird,robust_superpixel,ok,,0.689966,0.816544,151.221800
val_001138,car,robust_superpixel,ok,,0.309272,0.472434,203.770400
val_001139,bicycle,robust_superpixel,ok,,0.218138,0.358149,252.710000
val_001140,aeroplane,robust_superpixel,ok,,0.419931,0.591481,255.825600
val_001141,motorbike,robust_superpixel,ok,,0.484398,0.652652,202.455400
val_001142,train,robust_superpixel,ok,,0.738166,0.849362,221.845000
val_001143,diningtable,robust_superpixel,ok,,0.552438,0.711703,246.860300
val_001144,boat,robust_superpixel,ok,,0.377185,0.547762,231.724700
val_001145,motorbike,robust_superpixel,ok,,0.622137,0.767059,211.404200
val_001146,bottle,robust_superpixel,ok,,0.482453,0.650884,206.251700
val_001147,aeroplane,robust_superpixel,ok,,0.702251,0.825085,218.800800
val_001148,cat,robust_superpixel,ok,,0.845681,0.916389,202.074400
val_001149,cat,robust_superpixel,ok,,0.508785,0.674430,226.592400
val_001150,train,robust_superpixel,ok,,0.549066,0.708899,193.828500
val_001151,person,robust_superpixel,ok,,0.796343,0.886627,198.242200
val_001152,boat,robust_superpixel,ok,,0.729463,0.843571,223.399800
val_001153,motorbike,robust_superpixel,ok,,0.579897,0.734095,213.761300
val_001154,sheep,robust_superpixel,ok,,0.589448,0.741702,226.845300
val_001155,aeroplane,robust_superpixel,ok,,0.486629,0.654674,226.414100
val_001156,cat,robust_superpixel,ok,,0.621523,0.766591,189.568700
val_001157,cow,robust_superpixel,ok,,0.757060,0.861735,230.615800
val_001158,person,robust_superpixel,ok,,0.659840,0.795065,218.800000
val_001159,bus,robust_superpixel,ok,,0.881882,0.937234,164.608500
val_001160,motorbike,robust_superpixel,ok,,0.450608,0.621268,220.333300
val_001161,cat,robust_superpixel,ok,,0.868085,0.929385,219.617800
val_001162,pottedplant,robust_superpixel,ok,,0.691632,0.817709,232.870400
val_001163,aeroplane,robust_superpixel,ok,,0.482984,0.651368,217.915800
val_001164,person,robust_superpixel,ok,,0.528081,0.691169,198.703000
val_001165,person,robust_superpixel,ok,,0.493031,0.660443,201.410900
val_001166,person,robust_superpixel,ok,,0.546853,0.707052,222.114000
val_001167,horse,robust_superpixel,ok,,0.590762,0.742741,232.087200
val_001168,bottle,robust_superpixel,ok,,0.913675,0.954891,203.533900
val_001169,bottle,robust_superpixel,ok,,0.751586,0.858178,195.622800
val_001170,chair,robust_superpixel,ok,,0.051587,0.098113,235.744800
val_001171,dog,robust_superpixel,ok,,0.551648,0.711048,281.024700
val_001172,bottle,robust_superpixel,ok,,0.866872,0.928690,202.208800
val_001173,bird,robust_superpixel,ok,,0.845898,0.916517,164.460100
val_001174,bird,robust_superpixel,ok,,0.788634,0.881829,224.751600
val_001175,dog,robust_superpixel,ok,,0.444296,0.615243,219.663500
val_001176,cow,robust_superpixel,ok,,0.432294,0.603639,233.358000
val_001177,boat,robust_superpixel,ok,,0.007228,0.014352,219.036300
val_001178,person,robust_superpixel,ok,,0.448409,0.619175,200.347500
val_001179,sofa,robust_superpixel,ok,,0.770421,0.870325,218.378700
val_001180,chair,robust_superpixel,ok,,0.477396,0.646267,219.235300
val_001181,boat,robust_superpixel,ok,,0.845533,0.916302,190.976700
val_001182,sofa,robust_superpixel,ok,,0.406012,0.577537,230.746500
val_001183,cow,robust_superpixel,ok,,0.540598,0.701802,218.495100
val_001184,dog,robust_superpixel,ok,,0.880104,0.936229,220.589100
val_001185,cat,robust_superpixel,ok,,0.922151,0.959499,216.054200
val_001186,chair,robust_superpixel,ok,,0.881588,0.937068,224.254800
val_001187,person,robust_superpixel,ok,,0.586427,0.739305,209.884800
val_001188,horse,robust_superpixel,ok,,0.762917,0.865516,206.523800
val_001189,tvmonitor,robust_superpixel,ok,,0.637955,0.778966,220.581400
val_001190,cat,robust_superpixel,ok,,0.619953,0.765396,188.867800
val_001191,motorbike,robust_superpixel,ok,,0.437284,0.608487,180.000700
val_001192,car,robust_superpixel,ok,,0.690443,0.816878,212.516700
val_001193,train,robust_superpixel,ok,,0.878052,0.935067,216.012900
val_001194,train,robust_superpixel,ok,,0.772225,0.871475,176.859700
val_001195,bird,robust_superpixel,ok,,0.757895,0.862275,199.640400
val_001196,car,robust_superpixel,ok,,0.885878,0.939486,156.099300
val_001197,cat,robust_superpixel,ok,,0.791908,0.883871,211.778100
val_001198,person,robust_superpixel,ok,,0.600922,0.750720,211.054000
val_001199,bus,robust_superpixel,ok,,0.730167,0.844042,212.692800
val_001200,cat,robust_superpixel,ok,,0.660110,0.795261,187.786300
val_001201,bus,robust_superpixel,ok,,0.587436,0.740107,229.552400
val_001202,dog,robust_superpixel,ok,,0.510108,0.675592,218.927200
val_001203,motorbike,robust_superpixel,ok,,0.369117,0.539204,209.496100
val_001204,cow,robust_superpixel,ok,,0.508844,0.674482,162.963400
val_001205,horse,robust_superpixel,ok,,0.524452,0.688053,217.568700
val_001206,sofa,robust_superpixel,ok,,0.709925,0.830358,212.589400
val_001207,pottedplant,robust_superpixel,ok,,0.635808,0.777363,116.979000
val_001208,dog,robust_superpixel,ok,,0.715931,0.834452,222.379100
val_001209,person,robust_superpixel,ok,,0.453484,0.623996,211.365800
val_001210,motorbike,robust_superpixel,ok,,0.496426,0.663482,206.421900
val_001211,bus,robust_superpixel,ok,,0.594683,0.745833,195.994600
val_001212,tvmonitor,robust_superpixel,ok,,0.479505,0.648196,183.337100
val_001213,cat,robust_superpixel,ok,,0.855197,0.921947,214.215000
val_001214,bird,robust_superpixel,ok,,0.457086,0.627397,210.281300
val_001215,motorbike,robust_superpixel,ok,,0.444232,0.615181,228.892100
val_001216,boat,robust_superpixel,ok,,0.423308,0.594823,178.752800
val_001217,cat,robust_superpixel,ok,,0.581214,0.735149,217.467400
val_001218,bird,robust_superpixel,ok,,0.594103,0.745376,179.556800
val_001219,car,robust_superpixel,ok,,0.691437,0.817573,199.947800
val_001220,motorbike,robust_superpixel,ok,,0.731293,0.844794,215.276900
val_001221,bottle,robust_superpixel,ok,,0.561996,0.719587,224.907200
val_001222,car,robust_superpixel,ok,,0.659969,0.795158,215.994700
val_001223,cat,robust_superpixel,ok,,0.635618,0.777220,211.513400
val_001224,bird,robust_superpixel,ok,,0.609686,0.757521,243.730800
val_001225,aeroplane,robust_superpixel,ok,,0.872567,0.931948,187.639200
val_001226,dog,robust_superpixel,ok,,0.404370,0.575874,211.757800
val_001227,person,robust_superpixel,ok,,0.776720,0.874330,185.396900
val_001228,sofa,robust_superpixel,ok,,0.376554,0.547097,212.396200
val_001229,diningtable,robust_superpixel,ok,,0.711584,0.831492,220.733400
val_001230,dog,robust_superpixel,ok,,0.634977,0.776741,185.568700
val_001231,bicycle,robust_superpixel,ok,,0.289677,0.449224,190.441100
val_001232,boat,robust_superpixel,ok,,0.443691,0.614662,226.802900
val_001233,train,robust_superpixel,ok,,0.676153,0.806792,219.353100
val_001234,person,robust_superpixel,ok,,0.470792,0.640188,214.243300
val_001235,aeroplane,robust_superpixel,ok,,0.268173,0.422928,190.763400
val_001236,sheep,robust_superpixel,ok,,0.829361,0.906722,187.853500
val_001237,train,robust_superpixel,ok,,0.727845,0.842489,222.202800
val_001238,bottle,robust_superpixel,ok,,0.501916,0.668367,219.364000
val_001239,sheep,robust_superpixel,ok,,0.524863,0.688407,197.388400
val_001240,car,robust_superpixel,ok,,0.745119,0.853946,197.861800
val_001241,train,robust_superpixel,ok,,0.303543,0.465721,213.557200
val_001242,aeroplane,robust_superpixel,ok,,0.468424,0.637996,213.756600
val_001243,aeroplane,robust_superpixel,ok,,0.756786,0.861557,209.858700
val_001244,cat,robust_superpixel,ok,,0.679820,0.809396,221.767500
val_001245,cow,robust_superpixel,ok,,0.682432,0.811245,217.711800
val_001246,person,robust_superpixel,ok,,0.703038,0.825628,221.213600
val_001247,dog,robust_superpixel,ok,,0.544176,0.704811,192.200700
val_001248,sheep,robust_superpixel,ok,,0.572526,0.728161,187.366300
val_001249,aeroplane,robust_superpixel,ok,,0.381189,0.551973,206.601100
val_001250,train,robust_superpixel,ok,,0.383276,0.554157,188.694000
val_001251,bicycle,robust_superpixel,ok,,0.101937,0.185014,212.996500
val_001252,dog,robust_superpixel,ok,,0.443184,0.614175,213.229400
val_001253,person,robust_superpixel,ok,,0.884491,0.938705,207.667400
val_001254,person,robust_superpixel,ok,,0.474694,0.643786,209.440100
val_001255,bottle,robust_superpixel,ok,,0.553184,0.712322,210.041500
val_001256,sofa,robust_superpixel,ok,,0.583853,0.737256,213.646500
val_001257,bird,robust_superpixel,ok,,0.511331,0.676664,203.371700
val_001258,sofa,robust_superpixel,ok,,0.953053,0.975962,185.212700
val_001259,bus,robust_superpixel,ok,,0.713167,0.832571,209.346100
val_001260,bird,robust_superpixel,ok,,0.656233,0.792441,214.180800
val_001261,chair,robust_superpixel,ok,,0.607821,0.756080,204.326800
val_001262,boat,robust_superpixel,ok,,0.625913,0.769922,181.082500
val_001263,boat,robust_superpixel,ok,,0.497063,0.664051,219.114600
val_001264,bus,robust_superpixel,ok,,0.809270,0.894582,223.608700
val_001265,bus,robust_superpixel,ok,,0.571390,0.727242,193.169500
val_001266,train,robust_superpixel,ok,,0.555074,0.713888,187.646600
val_001267,train,robust_superpixel,ok,,0.834238,0.909629,215.240700
val_001268,sofa,robust_superpixel,ok,,0.635946,0.777466,222.795500
val_001269,bus,robust_superpixel,ok,,0.819517,0.900807,183.618900
val_001270,diningtable,robust_superpixel,ok,,0.158343,0.273395,209.632800
val_001271,horse,robust_superpixel,ok,,0.412653,0.584225,212.099400
val_001272,bicycle,robust_superpixel,ok,,0.124453,0.221357,217.419500
val_001273,cat,robust_superpixel,ok,,0.680000,0.809524,202.690500
val_001274,boat,robust_superpixel,ok,,0.469731,0.639206,223.963200
val_001275,sheep,robust_superpixel,ok,,0.341629,0.509275,210.539700
val_001276,person,robust_superpixel,ok,,0.594808,0.745931,215.835000
val_001277,person,robust_superpixel,ok,,0.473999,0.643147,192.490800
val_001278,bird,robust_superpixel,ok,,0.415089,0.586661,206.769100
val_001279,person,robust_superpixel,ok,,0.491586,0.659145,168.626900
val_001280,aeroplane,robust_superpixel,ok,,0.144039,0.251808,182.702200
val_001281,bird,robust_superpixel,ok,,0.447500,0.618308,192.238700
val_001282,car,robust_superpixel,ok,,0.470467,0.639888,194.290200
val_001283,motorbike,robust_superpixel,ok,,0.604138,0.753225,204.149800
val_001284,train,robust_superpixel,ok,,0.688918,0.815810,194.411600
val_001285,horse,robust_superpixel,ok,,0.683168,0.811764,173.534000
val_001286,dog,robust_superpixel,ok,,0.447867,0.618657,195.862800
val_001287,cow,robust_superpixel,ok,,0.588669,0.741084,135.965600
val_001288,cow,robust_superpixel,ok,,0.474227,0.643356,188.013100
val_001289,person,robust_superpixel,ok,,0.316827,0.481198,193.549800
val_001290,diningtable,robust_superpixel,ok,,0.770183,0.870174,204.274900
val_001291,chair,robust_superpixel,ok,,0.492362,0.659843,209.408400
val_001292,motorbike,robust_superpixel,ok,,0.481454,0.649975,208.251500
val_001293,person,robust_superpixel,ok,,0.649642,0.787616,184.088000
val_001294,car,robust_superpixel,ok,,0.470259,0.639695,199.786800
val_001295,chair,robust_superpixel,ok,,0.265693,0.419838,213.346100
val_001296,bird,robust_superpixel,ok,,0.690890,0.817191,184.205100
val_001297,pottedplant,robust_superpixel,ok,,0.816092,0.898734,213.876400
val_001298,cat,robust_superpixel,ok,,0.761018,0.864293,208.114100
val_001299,cat,robust_superpixel,ok,,0.936278,0.967091,200.007500
val_001300,aeroplane,robust_superpixel,ok,,0.816199,0.898799,173.859300
val_001301,person,robust_superpixel,ok,,0.400842,0.572288,193.333000
val_001302,chair,robust_superpixel,ok,,0.557425,0.715829,204.245700
val_001303,bus,robust_superpixel,ok,,0.647698,0.786185,192.385500
val_001304,person,robust_superpixel,ok,,0.588438,0.740902,205.240100
val_001305,aeroplane,robust_superpixel,ok,,0.364230,0.533971,166.460400
val_001306,bus,robust_superpixel,ok,,0.798807,0.888152,208.093100
val_001307,car,robust_superpixel,ok,,0.767712,0.868594,205.012200
val_001308,bird,robust_superpixel,ok,,0.419679,0.591231,213.992500
val_001309,diningtable,robust_superpixel,ok,,0.649817,0.787744,214.913400
val_001310,bus,robust_superpixel,ok,,0.634705,0.776538,173.433200
val_001311,sofa,robust_superpixel,ok,,0.777893,0.875073,206.679800
val_001312,dog,robust_superpixel,ok,,0.575739,0.730754,203.136400
val_001313,sheep,robust_superpixel,ok,,0.496606,0.663643,203.523000
val_001314,cow,robust_superpixel,ok,,0.732661,0.845706,211.014900
val_001315,train,robust_superpixel,ok,,0.558378,0.716614,216.366200
val_001316,bus,robust_superpixel,ok,,0.736280,0.848112,213.747500
val_001317,person,robust_superpixel,ok,,0.736937,0.848548,206.306600
val_001318,person,robust_superpixel,ok,,0.385371,0.556343,116.314800
val_001319,train,robust_superpixel,ok,,0.668980,0.801663,196.470200
val_001320,car,robust_superpixel,ok,,0.565458,0.722419,187.436500
val_001321,aeroplane,robust_superpixel,ok,,0.657286,0.793208,180.363000
val_001322,cow,robust_superpixel,ok,,0.672949,0.804506,296.150600
val_001323,boat,robust_superpixel,ok,,0.837607,0.911628,214.247800
val_001324,car,robust_superpixel,ok,,0.000000,0.000000,180.544700
val_001325,cow,robust_superpixel,ok,,0.720818,0.837762,167.373900
val_001326,aeroplane,robust_superpixel,ok,,0.697438,0.821754,182.930400
val_001327,person,robust_superpixel,ok,,0.548113,0.708104,171.401900
val_001328,train,robust_superpixel,ok,,0.456190,0.626553,212.402300
val_001329,bird,robust_superpixel,ok,,0.759224,0.863135,220.040100
val_001330,cat,robust_superpixel,ok,,0.822416,0.902556,213.610200
val_001331,car,robust_superpixel,ok,,0.724138,0.840000,220.959900
val_001332,bus,robust_superpixel,ok,,0.863233,0.926597,187.159400
val_001333,person,robust_superpixel,ok,,0.759406,0.863253,225.631500
val_001334,sheep,robust_superpixel,ok,,0.583569,0.737030,242.752100
val_001335,aeroplane,robust_superpixel,ok,,0.685982,0.813747,181.243100
val_001336,person,robust_superpixel,ok,,0.491016,0.658632,214.939700
val_001337,bird,robust_superpixel,ok,,0.386729,0.557758,221.464300
val_001338,aeroplane,robust_superpixel,ok,,0.705819,0.827542,185.810100
val_001339,person,robust_superpixel,ok,,0.687178,0.814588,213.168500
val_001340,aeroplane,robust_superpixel,ok,,0.281659,0.439523,163.632100
val_001341,person,robust_superpixel,ok,,0.565267,0.722263,216.538300
val_001342,person,robust_superpixel,ok,,0.770999,0.870694,225.887700
val_001343,cat,robust_superpixel,ok,,0.912191,0.954079,219.609500
val_001344,cow,robust_superpixel,ok,,0.564913,0.721974,212.967100
val_001345,chair,robust_superpixel,ok,,0.622691,0.767480,192.811600
val_001346,boat,robust_superpixel,ok,,0.885216,0.939113,188.178700
val_001347,cat,robust_superpixel,ok,,0.652997,0.790076,183.171100
val_001348,sofa,robust_superpixel,ok,,0.465498,0.635276,211.065200
val_001349,cat,robust_superpixel,ok,,0.873557,0.932512,191.313900
val_001350,boat,robust_superpixel,ok,,0.265904,0.420102,186.819200
val_001351,train,robust_superpixel,ok,,0.836581,0.911020,180.782800
val_001352,person,robust_superpixel,ok,,0.547678,0.707742,209.231400
val_001353,aeroplane,robust_superpixel,ok,,0.407712,0.579255,213.087700
val_001354,dog,robust_superpixel,ok,,0.847657,0.917548,203.230000
val_001355,diningtable,robust_superpixel,ok,,0.030518,0.059229,199.616500
val_001356,car,robust_superpixel,ok,,0.786184,0.880295,214.612000
val_001357,person,robust_superpixel,ok,,0.683236,0.811812,257.719600
val_001358,cow,robust_superpixel,ok,,0.554599,0.713495,205.583800
val_001359,sofa,robust_superpixel,ok,,0.843762,0.915261,207.135500
val_001360,person,robust_superpixel,ok,,0.374339,0.544755,207.594400
val_001361,horse,robust_superpixel,ok,,0.320502,0.485425,70.545400
val_001362,tvmonitor,robust_superpixel,ok,,0.734328,0.846815,208.006000
val_001363,dog,robust_superpixel,ok,,0.472755,0.642000,173.470600
val_001364,bus,robust_superpixel,ok,,0.000000,0.000000,197.443700
val_001365,cat,robust_superpixel,ok,,0.493672,0.661018,213.937600
val_001366,cow,robust_superpixel,ok,,0.749055,0.856525,194.723200
val_001367,boat,robust_superpixel,ok,,0.495312,0.662486,203.466700
val_001368,person,robust_superpixel,ok,,0.493154,0.660553,203.336600
val_001369,chair,robust_superpixel,ok,,0.391834,0.563047,198.610800
val_001370,sofa,robust_superpixel,ok,,0.903000,0.949028,200.813800
val_001371,pottedplant,robust_superpixel,ok,,0.613249,0.760266,223.503200
val_001372,dog,robust_superpixel,ok,,0.602333,0.751820,177.301200
val_001373,aeroplane,robust_superpixel,ok,,0.494864,0.662086,199.644300
val_001374,tvmonitor,robust_superpixel,ok,,0.562412,0.719928,259.277700
val_001375,dog,robust_superpixel,ok,,0.420033,0.591582,208.768700
val_001376,person,robust_superpixel,ok,,0.605524,0.754301,197.443000
val_001377,person,robust_superpixel,ok,,0.629439,0.772583,202.404400
val_001378,dog,robust_superpixel,ok,,0.681333,0.810468,281.871700
val_001379,chair,robust_superpixel,ok,,0.852420,0.920331,202.385200
val_001380,car,robust_superpixel,ok,,0.411516,0.583084,214.513300
val_001381,person,robust_superpixel,ok,,0.653412,0.790380,202.522200
val_001382,dog,robust_superpixel,ok,,0.747975,0.855819,226.049200
val_001383,dog,robust_superpixel,ok,,0.682505,0.811296,200.721600
val_001384,dog,robust_superpixel,ok,,0.778276,0.875315,182.313700
val_001385,sofa,robust_superpixel,ok,,0.851570,0.919835,230.752000
val_001386,bicycle,robust_superpixel,ok,,0.130196,0.230395,236.717100
val_001387,dog,robust_superpixel,ok,,0.746751,0.855017,216.780400
val_001388,sheep,robust_superpixel,ok,,0.573805,0.729194,216.396700
val_001389,diningtable,robust_superpixel,ok,,0.634886,0.776673,217.558100
val_001390,bicycle,robust_superpixel,ok,,0.388411,0.559504,220.968000
val_001391,person,robust_superpixel,ok,,0.000000,0.000000,210.047000
val_001392,train,robust_superpixel,ok,,0.694646,0.819813,195.740400
val_001393,dog,robust_superpixel,ok,,0.912464,0.954229,222.785000
val_001394,bird,robust_superpixel,ok,,0.365966,0.535834,203.899300
val_001395,dog,robust_superpixel,ok,,0.605428,0.754226,206.846800
val_001396,person,robust_superpixel,ok,,0.843705,0.915228,210.193300
val_001397,person,robust_superpixel,ok,,0.595329,0.746340,225.533800
val_001398,car,robust_superpixel,ok,,0.784242,0.879076,218.234200
val_001399,aeroplane,robust_superpixel,ok,,0.441296,0.612360,171.724600
val_001400,person,robust_superpixel,ok,,0.865356,0.927819,223.705600
val_001401,diningtable,robust_superpixel,ok,,0.786754,0.880652,218.937100
val_001402,dog,robust_superpixel,ok,,0.664570,0.798489,197.646700
val_001403,train,robust_superpixel,ok,,0.738649,0.849681,201.462300
val_001404,sofa,robust_superpixel,ok,,0.287263,0.446317,229.047700
val_001405,person,robust_superpixel,ok,,0.447660,0.618460,216.287900
val_001406,person,robust_superpixel,ok,,0.484877,0.653088,203.978800
val_001407,aeroplane,robust_superpixel,ok,,0.414686,0.586259,179.504900
val_001408,tvmonitor,robust_superpixel,ok,,0.710179,0.830532,220.627300
val_001409,train,robust_superpixel,ok,,0.526703,0.689988,190.748800
val_001410,bird,robust_superpixel,ok,,0.876444,0.934154,204.901400
val_001411,person,robust_superpixel,ok,,0.349947,0.518460,219.547200
val_001412,person,robust_superpixel,ok,,0.826913,0.905257,216.430700
val_001413,dog,robust_superpixel,ok,,0.366562,0.536473,218.491300
val_001414,car,robust_superpixel,ok,,0.713234,0.832617,207.588000
val_001415,person,robust_superpixel,ok,,0.587868,0.740450,187.062700
val_001416,person,robust_superpixel,ok,,0.481388,0.649915,98.208700
val_001417,sofa,robust_superpixel,ok,,0.658378,0.794002,202.285900
val_001418,sheep,robust_superpixel,ok,,0.774278,0.872781,187.673000
val_001419,aeroplane,robust_superpixel,ok,,0.226406,0.369218,207.713700
val_001420,cat,robust_superpixel,ok,,0.851348,0.919706,196.716800
val_001421,bicycle,robust_superpixel,ok,,0.213452,0.351809,211.459000
val_001422,horse,robust_superpixel,ok,,0.425620,0.597101,206.358400
val_001423,boat,robust_superpixel,ok,,0.582007,0.735783,144.747300
val_001424,car,robust_superpixel,ok,,0.451402,0.622022,91.625300
val_001425,bottle,robust_superpixel,ok,,0.701818,0.824786,276.700100
val_001426,tvmonitor,robust_superpixel,ok,,0.692236,0.818132,206.234000
val_001427,cow,robust_superpixel,ok,,0.908627,0.952126,213.410900
val_001428,aeroplane,robust_superpixel,ok,,0.439960,0.611072,180.918900
val_001429,horse,robust_superpixel,ok,,0.692450,0.818281,214.476900
val_001430,boat,robust_superpixel,ok,,0.536283,0.698157,210.510400
val_001431,aeroplane,robust_superpixel,ok,,0.336043,0.503043,187.762600
val_001432,person,robust_superpixel,ok,,0.709652,0.830171,191.659400
val_001433,bicycle,robust_superpixel,ok,,0.320250,0.485135,208.784500
val_001434,chair,robust_superpixel,ok,,0.204799,0.339971,188.864200
val_001435,cow,robust_superpixel,ok,,0.462059,0.632066,191.390300
val_001436,bird,robust_superpixel,ok,,0.637769,0.778826,170.843800
val_001437,car,robust_superpixel,ok,,0.860801,0.925194,213.819200
val_001438,horse,robust_superpixel,ok,,0.787776,0.881292,207.322500
val_001439,chair,robust_superpixel,ok,,0.562626,0.720103,197.433400
val_001440,bus,robust_superpixel,ok,,0.828085,0.905959,188.755100
val_001441,bird,robust_superpixel,ok,,0.430356,0.601747,207.878400
val_001442,train,robust_superpixel,ok,,0.703072,0.825651,186.641900
val_001443,sofa,robust_superpixel,ok,,0.590839,0.742801,187.763800
val_001444,train,robust_superpixel,ok,,0.928275,0.962804,223.777800
val_001445,pottedplant,robust_superpixel,ok,,0.667235,0.800409,188.365800
val_001446,person,robust_superpixel,ok,,0.426110,0.597583,169.874300
val_001447,sofa,robust_superpixel,ok,,0.558160,0.716435,182.149100
val_001448,bottle,robust_superpixel,ok,,0.698083,0.822202,276.460500
val_000000,aeroplane,robust_no_color_seed,ok,,0.528271,0.691331,185.082400
val_000001,train,robust_no_color_seed,ok,,0.603904,0.753042,174.412100
val_000002,boat,robust_no_color_seed,ok,,0.195776,0.327446,171.890900
val_000003,train,robust_no_color_seed,ok,,0.528636,0.691644,185.550800
val_000004,person,robust_no_color_seed,ok,,0.234234,0.379562,175.277500
val_000005,sheep,robust_no_color_seed,ok,,0.831049,0.907730,181.287900
val_000006,tvmonitor,robust_no_color_seed,ok,,0.492490,0.659958,193.006900
val_000007,person,robust_no_color_seed,ok,,0.385414,0.556388,187.122900
val_000008,horse,robust_no_color_seed,ok,,0.505891,0.671882,190.888500
val_000009,person,robust_no_color_seed,ok,,0.226213,0.368962,191.678600
val_000010,sofa,robust_no_color_seed,ok,,0.621435,0.766524,191.496800
val_000011,cow,robust_no_color_seed,ok,,0.531917,0.694446,188.873900
val_000012,cow,robust_no_color_seed,ok,,0.415123,0.586696,181.744000
val_000013,boat,robust_no_color_seed,ok,,0.194270,0.325337,187.116200
val_000014,tvmonitor,robust_no_color_seed,ok,,0.661810,0.796493,192.576400
val_000015,bicycle,robust_no_color_seed,ok,,0.000000,0.000000,166.230000
val_000016,train,robust_no_color_seed,ok,,0.736656,0.848362,119.600500
val_000017,train,robust_no_color_seed,ok,,0.106729,0.192873,174.441100
val_000018,sofa,robust_no_color_seed,ok,,0.615643,0.762103,205.136300
val_000019,bus,robust_no_color_seed,ok,,0.765222,0.866998,213.195400
val_000020,sheep,robust_no_color_seed,ok,,0.711000,0.831093,220.159500
val_000021,bus,robust_no_color_seed,ok,,0.226507,0.369353,191.011900
val_000022,diningtable,robust_no_color_seed,ok,,0.521596,0.685591,198.859300
val_000023,horse,robust_no_color_seed,ok,,0.511575,0.676877,216.046700
val_000024,horse,robust_no_color_seed,ok,,0.612918,0.760011,245.853600
val_000025,sofa,robust_no_color_seed,ok,,0.493541,0.660901,167.069900
val_000026,diningtable,robust_no_color_seed,ok,,0.308998,0.472114,197.181400
val_000027,boat,robust_no_color_seed,ok,,0.145897,0.254642,134.038400
val_000028,diningtable,robust_no_color_seed,ok,,0.613906,0.760771,206.809800
val_000029,boat,robust_no_color_seed,ok,,0.000000,0.000000,187.724400
val_000030,sheep,robust_no_color_seed,ok,,0.623828,0.768342,185.499400
val_000031,person,robust_no_color_seed,ok,,0.595523,0.746493,187.770100
val_000032,sofa,robust_no_color_seed,ok,,0.547190,0.707334,186.769400
val_000033,person,robust_no_color_seed,ok,,0.509789,0.675312,194.121900
val_000034,dog,robust_no_color_seed,ok,,0.703193,0.825735,184.688800
val_000035,person,robust_no_color_seed,ok,,0.161902,0.278684,189.036300
val_000036,aeroplane,robust_no_color_seed,ok,,0.166624,0.285652,179.446700
val_000037,bird,robust_no_color_seed,ok,,0.564502,0.721638,150.287300
val_000038,cow,robust_no_color_seed,ok,,0.614372,0.761128,214.695900
val_000039,person,robust_no_color_seed,ok,,0.356218,0.525311,156.361800
val_000040,car,robust_no_color_seed,ok,,0.545187,0.705658,159.523100
val_000041,aeroplane,robust_no_color_seed,ok,,0.000000,0.000000,186.376600
val_000042,person,robust_no_color_seed,ok,,0.424239,0.595742,171.377500
val_000043,person,robust_no_color_seed,ok,,0.344577,0.512543,161.289000
val_000044,person,robust_no_color_seed,ok,,0.309804,0.473054,195.973400
val_000045,sofa,robust_no_color_seed,ok,,0.290024,0.449641,195.056100
val_000046,sofa,robust_no_color_seed,ok,,0.735855,0.847830,166.723400
val_000047,person,robust_no_color_seed,ok,,0.272487,0.428275,146.609400
val_000048,aeroplane,robust_no_color_seed,ok,,0.442187,0.613217,157.289600
val_000049,person,robust_no_color_seed,ok,,0.545135,0.705614,222.745100
val_000050,horse,robust_no_color_seed,ok,,0.532647,0.695068,195.655000
val_000051,bicycle,robust_no_color_seed,ok,,0.099634,0.181214,197.500000
val_000052,person,robust_no_color_seed,ok,,0.201117,0.334884,170.572300
val_000053,person,robust_no_color_seed,ok,,0.523804,0.687495,198.680100
val_000054,diningtable,robust_no_color_seed,ok,,0.165152,0.283485,185.034000
val_000055,person,robust_no_color_seed,ok,,0.232556,0.377356,166.365200
val_000056,person,robust_no_color_seed,ok,,0.679332,0.809050,221.398600
val_000057,sheep,robust_no_color_seed,ok,,0.385455,0.556430,254.293700
val_000058,aeroplane,robust_no_color_seed,ok,,0.608459,0.756574,159.547000
val_000059,dog,robust_no_color_seed,ok,,0.345181,0.513212,180.811000
val_000060,cat,robust_no_color_seed,ok,,0.722530,0.838917,170.950200
val_000061,aeroplane,robust_no_color_seed,ok,,0.321721,0.486821,192.614100
val_000062,horse,robust_no_color_seed,ok,,0.000000,0.000000,158.050200
val_000063,horse,robust_no_color_seed,ok,,0.361000,0.530492,237.837400
val_000064,bird,robust_no_color_seed,ok,,0.807287,0.893369,164.146900
val_000065,person,robust_no_color_seed,ok,,0.494912,0.662129,189.578800
val_000066,tvmonitor,robust_no_color_seed,ok,,0.507554,0.673348,189.482700
val_000067,motorbike,robust_no_color_seed,ok,,0.627689,0.771264,166.169900
val_000068,aeroplane,robust_no_color_seed,ok,,0.464582,0.634422,172.773500
val_000069,sofa,robust_no_color_seed,ok,,0.000000,0.000000,186.367500
val_000070,pottedplant,robust_no_color_seed,ok,,0.391279,0.562474,196.658400
val_000071,aeroplane,robust_no_color_seed,ok,,0.404118,0.575618,159.798800
val_000072,person,robust_no_color_seed,ok,,0.548323,0.708280,194.318600
val_000073,cow,robust_no_color_seed,ok,,0.102638,0.186168,196.458700
val_000074,bird,robust_no_color_seed,ok,,0.399039,0.570447,172.648200
val_000075,bird,robust_no_color_seed,ok,,0.000000,0.000000,196.935800
val_000076,person,robust_no_color_seed,ok,,0.147884,0.257664,192.726500
val_000077,sofa,robust_no_color_seed,ok,,0.551383,0.710827,68.324100
val_000078,cat,robust_no_color_seed,ok,,0.444178,0.615129,172.946400
val_000079,cat,robust_no_color_seed,ok,,0.704788,0.826834,200.821500
val_000080,bus,robust_no_color_seed,ok,,0.195125,0.326535,160.426000
val_000081,train,robust_no_color_seed,ok,,0.682149,0.811045,188.092400
val_000082,dog,robust_no_color_seed,ok,,0.610845,0.758416,188.753000
val_000083,sheep,robust_no_color_seed,ok,,0.316993,0.481389,187.941700
val_000084,aeroplane,robust_no_color_seed,ok,,0.896080,0.945192,183.770800
val_000085,diningtable,robust_no_color_seed,ok,,0.781517,0.877361,184.572000
val_000086,car,robust_no_color_seed,ok,,0.121664,0.216935,186.613200
val_000087,sheep,robust_no_color_seed,ok,,0.552484,0.711742,180.627800
val_000088,boat,robust_no_color_seed,ok,,0.172768,0.294633,190.373500
val_000089,person,robust_no_color_seed,ok,,0.411857,0.583426,169.842900
val_000090,motorbike,robust_no_color_seed,ok,,0.286176,0.445003,192.891300
val_000091,person,robust_no_color_seed,ok,,0.517964,0.682446,211.694500
val_000092,dog,robust_no_color_seed,ok,,0.756574,0.861420,184.773800
val_000093,cow,robust_no_color_seed,ok,,0.687187,0.814595,180.594200
val_000094,sofa,robust_no_color_seed,ok,,0.498887,0.665677,191.556100
val_000095,person,robust_no_color_seed,ok,,0.540924,0.702077,195.995600
val_000096,horse,robust_no_color_seed,ok,,0.551786,0.711163,167.009900
val_000097,car,robust_no_color_seed,ok,,0.704622,0.826719,172.744700
val_000098,person,robust_no_color_seed,ok,,0.664607,0.798515,205.157200
val_000099,bus,robust_no_color_seed,ok,,0.375186,0.545652,179.217100
val_000100,person,robust_no_color_seed,ok,,0.489949,0.657672,181.940700
val_000101,dog,robust_no_color_seed,ok,,0.289401,0.448893,196.114100
val_000102,boat,robust_no_color_seed,ok,,0.314616,0.478644,183.334500
val_000103,person,robust_no_color_seed,ok,,0.321685,0.486780,188.994000
val_000104,bus,robust_no_color_seed,ok,,0.464957,0.634772,186.225300
val_000105,car,robust_no_color_seed,ok,,0.673295,0.804754,158.499700
val_000106,cat,robust_no_color_seed,ok,,0.634783,0.776596,207.264200
val_000107,person,robust_no_color_seed,ok,,0.670203,0.802541,209.470500
val_000108,dog,robust_no_color_seed,ok,,0.378413,0.549056,165.629900
val_000109,bus,robust_no_color_seed,ok,,0.465638,0.635407,185.632700
val_000110,cow,robust_no_color_seed,ok,,0.545286,0.705741,160.237000
val_000111,bird,robust_no_color_seed,ok,,0.708796,0.829585,173.410900
val_000112,motorbike,robust_no_color_seed,ok,,0.238577,0.385243,203.765900
val_000113,dog,robust_no_color_seed,ok,,0.695226,0.820216,216.854900
val_000114,train,robust_no_color_seed,ok,,0.685216,0.813209,208.109000
val_000115,bus,robust_no_color_seed,ok,,0.295975,0.456760,183.454900
val_000116,pottedplant,robust_no_color_seed,ok,,0.799582,0.888630,188.837400
val_000117,person,robust_no_color_seed,ok,,0.232545,0.377341,205.955500
val_000118,boat,robust_no_color_seed,ok,,0.351128,0.519755,179.821400
val_000119,train,robust_no_color_seed,ok,,0.680579,0.809934,200.142100
val_000120,horse,robust_no_color_seed,ok,,0.000000,0.000000,223.790300
val_000121,person,robust_no_color_seed,ok,,0.376574,0.547118,174.530000
val_000122,bird,robust_no_color_seed,ok,,0.421870,0.593401,171.887700
val_000123,bus,robust_no_color_seed,ok,,0.614885,0.761521,202.185300
val_000124,sheep,robust_no_color_seed,ok,,0.618557,0.764331,208.233600
val_000125,diningtable,robust_no_color_seed,ok,,0.391553,0.562757,74.947500
val_000126,bus,robust_no_color_seed,ok,,0.619727,0.765224,153.481100
val_000127,cow,robust_no_color_seed,ok,,0.144382,0.252331,236.731000
val_000128,train,robust_no_color_seed,ok,,0.774447,0.872888,84.125900
val_000129,boat,robust_no_color_seed,ok,,0.531120,0.693766,181.024700
val_000130,dog,robust_no_color_seed,ok,,0.094100,0.172014,190.548000
val_000131,car,robust_no_color_seed,ok,,0.747587,0.855565,206.487400
val_000132,train,robust_no_color_seed,ok,,0.561439,0.719130,192.632700
val_000133,cat,robust_no_color_seed,ok,,0.749478,0.856802,193.633200
val_000134,motorbike,robust_no_color_seed,ok,,0.345247,0.513285,187.012900
val_000135,aeroplane,robust_no_color_seed,ok,,0.697066,0.821496,155.705800
val_000136,person,robust_no_color_seed,ok,,0.522768,0.686603,208.609700
val_000137,person,robust_no_color_seed,ok,,0.503952,0.670170,185.878600
val_000138,bird,robust_no_color_seed,ok,,0.852179,0.920191,206.068600
val_000139,dog,robust_no_color_seed,ok,,0.352242,0.520975,173.002600
val_000140,tvmonitor,robust_no_color_seed,ok,,0.614652,0.761343,208.533600
val_000141,tvmonitor,robust_no_color_seed,ok,,0.613791,0.760682,211.954400
val_000142,boat,robust_no_color_seed,ok,,0.716201,0.834635,208.578200
val_000143,motorbike,robust_no_color_seed,ok,,0.571813,0.727584,194.225000
val_000144,train,robust_no_color_seed,ok,,0.254897,0.406244,207.396500
val_000145,motorbike,robust_no_color_seed,ok,,0.272284,0.428024,177.867300
val_000146,person,robust_no_color_seed,ok,,0.432217,0.603564,192.177900
val_000147,diningtable,robust_no_color_seed,ok,,0.265804,0.419976,165.758800
val_000148,bottle,robust_no_color_seed,ok,,0.596700,0.747417,82.632800
val_000149,train,robust_no_color_seed,ok,,0.009886,0.019579,211.249300
val_000150,chair,robust_no_color_seed,ok,,0.636912,0.778187,201.516100
val_000151,horse,robust_no_color_seed,ok,,0.459267,0.629449,181.431400
val_000152,pottedplant,robust_no_color_seed,ok,,0.317025,0.481426,178.729400
val_000153,dog,robust_no_color_seed,ok,,0.358018,0.527265,184.888100
val_000154,train,robust_no_color_seed,ok,,0.316847,0.481221,168.387000
val_000155,person,robust_no_color_seed,ok,,0.446747,0.617588,189.836600
val_000156,person,robust_no_color_seed,ok,,0.162841,0.280074,203.250000
val_000157,cat,robust_no_color_seed,ok,,0.677535,0.807775,186.149300
val_000158,cat,robust_no_color_seed,ok,,0.650639,0.788348,181.845800
val_000159,person,robust_no_color_seed,ok,,0.539298,0.700706,184.290700
val_000160,sheep,robust_no_color_seed,ok,,0.104595,0.189381,184.093800
val_000161,sheep,robust_no_color_seed,ok,,0.000000,0.000000,198.711700
val_000162,boat,robust_no_color_seed,ok,,0.172894,0.294816,160.198800
val_000163,bicycle,robust_no_color_seed,ok,,0.232796,0.377671,202.782700
val_000164,cow,robust_no_color_seed,ok,,0.209962,0.347055,155.594300
val_000165,dog,robust_no_color_seed,ok,,0.741500,0.851565,175.296600
val_000166,motorbike,robust_no_color_seed,ok,,0.580529,0.734601,146.343900
val_000167,person,robust_no_color_seed,ok,,0.605776,0.754496,171.691900
val_000168,bottle,robust_no_color_seed,ok,,0.516814,0.681447,202.553600
val_000169,car,robust_no_color_seed,ok,,0.442886,0.613889,182.702300
val_000170,person,robust_no_color_seed,ok,,0.548760,0.708645,206.190300
val_000171,horse,robust_no_color_seed,ok,,0.579431,0.733721,160.259200
val_000172,motorbike,robust_no_color_seed,ok,,0.652209,0.789500,186.978700
val_000173,aeroplane,robust_no_color_seed,ok,,0.000000,0.000000,193.655700
val_000174,bottle,robust_no_color_seed,ok,,0.416201,0.587771,187.604100
val_000175,cat,robust_no_color_seed,ok,,0.797016,0.887044,207.230000
val_000176,sheep,robust_no_color_seed,ok,,0.391008,0.562194,172.304600
val_000177,aeroplane,robust_no_color_seed,ok,,0.424935,0.596428,167.446900
val_000178,car,robust_no_color_seed,ok,,0.206884,0.342840,196.880400
val_000179,aeroplane,robust_no_color_seed,ok,,0.480369,0.648986,174.575600
val_000180,person,robust_no_color_seed,ok,,0.493293,0.660678,204.249900
val_000181,train,robust_no_color_seed,ok,,0.347775,0.516073,169.447100
val_000182,train,robust_no_color_seed,ok,,0.828902,0.906448,186.920100
val_000183,dog,robust_no_color_seed,ok,,0.360101,0.529520,166.256700
val_000184,boat,robust_no_color_seed,ok,,0.492627,0.660080,192.566400
val_000185,motorbike,robust_no_color_seed,ok,,0.426756,0.598218,187.580400
val_000186,diningtable,robust_no_color_seed,ok,,0.000000,0.000000,187.231100
val_000187,pottedplant,robust_no_color_seed,ok,,0.051657,0.098238,178.048500
val_000188,aeroplane,robust_no_color_seed,ok,,0.491952,0.659474,152.091200
val_000189,diningtable,robust_no_color_seed,ok,,0.111596,0.200785,201.310100
val_000190,person,robust_no_color_seed,ok,,0.689355,0.816116,186.217100
val_000191,pottedplant,robust_no_color_seed,ok,,0.296427,0.457298,205.118500
val_000192,bus,robust_no_color_seed,ok,,0.018550,0.036424,193.982000
val_000193,sheep,robust_no_color_seed,ok,,0.416435,0.588005,196.510600
val_000194,bus,robust_no_color_seed,ok,,0.566691,0.723424,140.619000
val_000195,person,robust_no_color_seed,ok,,0.124299,0.221113,203.915300
val_000196,car,robust_no_color_seed,ok,,0.000000,0.000000,146.240100
val_000197,boat,robust_no_color_seed,ok,,0.000000,0.000000,169.075800
val_000198,person,robust_no_color_seed,ok,,0.192607,0.323001,200.628700
val_000199,diningtable,robust_no_color_seed,ok,,0.573968,0.729326,264.581100
val_000200,person,robust_no_color_seed,ok,,0.655071,0.791593,193.217800
val_000201,dog,robust_no_color_seed,ok,,0.722417,0.838841,206.590900
val_000202,diningtable,robust_no_color_seed,ok,,0.767332,0.868351,200.280400
val_000203,cat,robust_no_color_seed,ok,,0.656834,0.792878,201.884500
val_000204,car,robust_no_color_seed,ok,,0.607263,0.755649,176.407500
val_000205,chair,robust_no_color_seed,ok,,0.751794,0.858313,206.856400
val_000206,horse,robust_no_color_seed,ok,,0.547637,0.707707,184.794000
val_000207,sofa,robust_no_color_seed,ok,,0.257129,0.409073,201.112700
val_000208,person,robust_no_color_seed,ok,,0.332927,0.499543,205.480700
val_000209,bicycle,robust_no_color_seed,ok,,0.217978,0.357934,204.406800
val_000210,boat,robust_no_color_seed,ok,,0.000000,0.000000,198.557100
val_000211,chair,robust_no_color_seed,ok,,0.692169,0.818085,198.769000
val_000212,person,robust_no_color_seed,ok,,0.713292,0.832657,193.498000
val_000213,motorbike,robust_no_color_seed,ok,,0.566554,0.723312,213.861800
val_000214,sheep,robust_no_color_seed,ok,,0.501669,0.668148,204.964700
val_000215,train,robust_no_color_seed,ok,,0.735092,0.847323,205.422800
val_000216,person,robust_no_color_seed,ok,,0.488109,0.656012,189.694800
val_000217,cow,robust_no_color_seed,ok,,0.456705,0.627038,215.196700
val_000218,train,robust_no_color_seed,ok,,0.573187,0.728695,180.626400
val_000219,sheep,robust_no_color_seed,ok,,0.000000,0.000000,158.580900
val_000220,cow,robust_no_color_seed,ok,,0.578597,0.733052,176.702000
val_000221,person,robust_no_color_seed,ok,,0.332400,0.498950,184.430600
val_000222,horse,robust_no_color_seed,ok,,0.551100,0.710593,203.466000
val_000223,aeroplane,robust_no_color_seed,ok,,0.696884,0.821369,172.245500
val_000224,person,robust_no_color_seed,ok,,0.631481,0.774120,197.465200
val_000225,bird,robust_no_color_seed,ok,,0.756035,0.861071,214.319900
val_000226,horse,robust_no_color_seed,ok,,0.739130,0.850000,175.788700
val_000227,tvmonitor,robust_no_color_seed,ok,,0.596247,0.747061,202.734500
val_000228,sheep,robust_no_color_seed,ok,,0.598189,0.748583,212.790600
val_000229,train,robust_no_color_seed,ok,,0.627989,0.771490,206.991100
val_000230,person,robust_no_color_seed,ok,,0.537385,0.699090,180.477500
val_000231,tvmonitor,robust_no_color_seed,ok,,0.631382,0.774046,193.317100
val_000232,tvmonitor,robust_no_color_seed,ok,,0.308889,0.471986,210.550700
val_000233,motorbike,robust_no_color_seed,ok,,0.558761,0.716929,204.972300
val_000234,person,robust_no_color_seed,ok,,0.407316,0.578855,174.116000
val_000235,aeroplane,robust_no_color_seed,ok,,0.484259,0.652526,200.171100
val_000236,car,robust_no_color_seed,ok,,0.392376,0.563606,170.885900
val_000237,sofa,robust_no_color_seed,ok,,0.508997,0.674616,143.361200
val_000238,aeroplane,robust_no_color_seed,ok,,0.539187,0.700613,171.319500
val_000239,boat,robust_no_color_seed,ok,,0.351620,0.520294,230.046600
val_000240,person,robust_no_color_seed,ok,,0.333252,0.499909,200.603200
val_000241,person,robust_no_color_seed,ok,,0.221227,0.362302,196.739400
val_000242,cat,robust_no_color_seed,ok,,0.312335,0.475999,174.206800
val_000243,sheep,robust_no_color_seed,ok,,0.585621,0.738665,191.398700
val_000244,pottedplant,robust_no_color_seed,ok,,0.270180,0.425421,205.610300
val_000245,diningtable,robust_no_color_seed,ok,,0.528409,0.691450,197.273600
val_000246,motorbike,robust_no_color_seed,ok,,0.193589,0.324382,192.322200
val_000247,horse,robust_no_color_seed,ok,,0.564656,0.721764,178.038500
val_000248,person,robust_no_color_seed,ok,,0.500431,0.667050,204.668200
val_000249,diningtable,robust_no_color_seed,ok,,0.593580,0.744964,209.334400
val_000250,car,robust_no_color_seed,ok,,0.464271,0.634133,193.021900
val_000251,car,robust_no_color_seed,ok,,0.000000,0.000000,195.555100
val_000252,person,robust_no_color_seed,ok,,0.541419,0.702494,202.172700
val_000253,person,robust_no_color_seed,ok,,0.523136,0.686920,143.810400
val_000254,train,robust_no_color_seed,ok,,0.745104,0.853937,163.435600
val_000255,person,robust_no_color_seed,ok,,0.585394,0.738484,173.368600
val_000256,bird,robust_no_color_seed,ok,,0.531497,0.694088,196.491400
val_000257,bird,robust_no_color_seed,ok,,0.136929,0.240875,184.371400
val_000258,chair,robust_no_color_seed,ok,,0.309834,0.473089,195.952900
val_000259,person,robust_no_color_seed,ok,,0.429053,0.600472,217.500600
val_000260,tvmonitor,robust_no_color_seed,ok,,0.680500,0.809878,186.443100
val_000261,dog,robust_no_color_seed,ok,,0.107217,0.193670,178.992700
val_000262,horse,robust_no_color_seed,ok,,0.556684,0.715217,225.535700
val_000263,sofa,robust_no_color_seed,ok,,0.005846,0.011625,195.471700
val_000264,train,robust_no_color_seed,ok,,0.103549,0.187666,200.745700
val_000265,tvmonitor,robust_no_color_seed,ok,,0.168842,0.288905,205.666200
val_000266,dog,robust_no_color_seed,ok,,0.463936,0.633820,197.050300
val_000267,person,robust_no_color_seed,ok,,0.550168,0.709817,172.857700
val_000268,sofa,robust_no_color_seed,ok,,0.345099,0.513120,200.260600
val_000269,pottedplant,robust_no_color_seed,ok,,0.602288,0.751785,167.045600
val_000270,horse,robust_no_color_seed,ok,,0.523708,0.687413,185.686100
val_000271,boat,robust_no_color_seed,ok,,0.000000,0.000000,191.093400
val_000272,bird,robust_no_color_seed,ok,,0.673142,0.804644,171.522900
val_000273,person,robust_no_color_seed,ok,,0.623017,0.767727,210.033900
val_000274,cow,robust_no_color_seed,ok,,0.257392,0.409406,192.087800
val_000275,bus,robust_no_color_seed,ok,,0.673500,0.804900,210.786700
val_000276,horse,robust_no_color_seed,ok,,0.560946,0.718726,71.634200
val_000277,cat,robust_no_color_seed,ok,,0.580485,0.734565,200.669400
val_000278,person,robust_no_color_seed,ok,,0.563914,0.721158,185.628100
val_000279,person,robust_no_color_seed,ok,,0.555694,0.714400,261.626700
val_000280,dog,robust_no_color_seed,ok,,0.564344,0.721509,169.817100
val_000281,cow,robust_no_color_seed,ok,,0.672406,0.804118,182.722800
val_000282,dog,robust_no_color_seed,ok,,0.650112,0.787961,252.980900
val_000283,bus,robust_no_color_seed,ok,,0.193475,0.324221,181.698400
val_000284,person,robust_no_color_seed,ok,,0.473392,0.642588,204.845400
val_000285,motorbike,robust_no_color_seed,ok,,0.603638,0.752836,218.626700
val_000286,bird,robust_no_color_seed,ok,,0.810511,0.895340,215.216100
val_000287,car,robust_no_color_seed,ok,,0.426454,0.597922,71.296600
val_000288,cat,robust_no_color_seed,ok,,0.845889,0.916511,185.130300
val_000289,cow,robust_no_color_seed,ok,,0.209778,0.346805,205.224700
val_000290,horse,robust_no_color_seed,ok,,0.542894,0.703735,184.003500
val_000291,sofa,robust_no_color_seed,ok,,0.405214,0.576729,206.653000
val_000292,person,robust_no_color_seed,ok,,0.529154,0.692087,188.514100
val_000293,person,robust_no_color_seed,ok,,0.557637,0.716003,207.490700
val_000294,bird,robust_no_color_seed,ok,,0.000000,0.000000,215.500700
val_000295,person,robust_no_color_seed,ok,,0.517061,0.681662,220.559200
val_000296,cat,robust_no_color_seed,ok,,0.366569,0.536481,210.239000
val_000297,bus,robust_no_color_seed,ok,,0.262774,0.416185,180.041000
val_000298,diningtable,robust_no_color_seed,ok,,0.511706,0.676991,273.344200
val_000299,pottedplant,robust_no_color_seed,ok,,0.353043,0.521850,167.582900
val_000300,tvmonitor,robust_no_color_seed,ok,,0.705281,0.827173,206.149400
val_000301,bottle,robust_no_color_seed,ok,,0.366454,0.536357,260.709100
val_000302,sofa,robust_no_color_seed,ok,,0.387810,0.558881,204.478900
val_000303,dog,robust_no_color_seed,ok,,0.420251,0.591798,186.485100
val_000304,dog,robust_no_color_seed,ok,,0.667602,0.800673,97.208400
val_000305,person,robust_no_color_seed,ok,,0.471949,0.641258,171.944000
val_000306,sofa,robust_no_color_seed,ok,,0.655434,0.791857,201.949000
val_000307,person,robust_no_color_seed,ok,,0.398328,0.569720,214.996900
val_000308,person,robust_no_color_seed,ok,,0.280463,0.438066,204.001100
val_000309,person,robust_no_color_seed,ok,,0.652160,0.789463,184.034900
val_000310,diningtable,robust_no_color_seed,ok,,0.739227,0.850064,215.516800
val_000311,pottedplant,robust_no_color_seed,ok,,0.310939,0.474376,218.858800
val_000312,motorbike,robust_no_color_seed,ok,,0.631275,0.773965,201.733900
val_000313,bus,robust_no_color_seed,ok,,0.340778,0.508329,203.688100
val_000314,cat,robust_no_color_seed,ok,,0.469567,0.639054,192.155500
val_000315,bird,robust_no_color_seed,ok,,0.505424,0.671470,211.188900
val_000316,horse,robust_no_color_seed,ok,,0.341209,0.508808,167.962300
val_000317,cow,robust_no_color_seed,ok,,0.626414,0.770301,198.394800
val_000318,aeroplane,robust_no_color_seed,ok,,0.623464,0.768066,217.384900
val_000319,cat,robust_no_color_seed,ok,,0.637825,0.778868,182.524300
val_000320,motorbike,robust_no_color_seed,ok,,0.502290,0.668699,204.993000
val_000321,cow,robust_no_color_seed,ok,,0.000000,0.000000,197.382600
val_000322,tvmonitor,robust_no_color_seed,ok,,0.736560,0.848298,204.103000
val_000323,cow,robust_no_color_seed,ok,,0.642025,0.781992,186.677900
val_000324,bus,robust_no_color_seed,ok,,0.538778,0.700267,206.194900
val_000325,dog,robust_no_color_seed,ok,,0.098534,0.179392,213.937600
val_000326,chair,robust_no_color_seed,ok,,0.787422,0.881070,216.766300
val_000327,boat,robust_no_color_seed,ok,,0.597932,0.748382,158.252700
val_000328,bird,robust_no_color_seed,ok,,0.484711,0.652936,181.818900
val_000329,sofa,robust_no_color_seed,ok,,0.577527,0.732193,196.908600
val_000330,cat,robust_no_color_seed,ok,,0.513139,0.678244,226.828300
val_000331,person,robust_no_color_seed,ok,,0.727662,0.842366,158.753200
val_000332,person,robust_no_color_seed,ok,,0.296051,0.456851,209.180100
val_000333,person,robust_no_color_seed,ok,,0.421793,0.593325,168.168400
val_000334,person,robust_no_color_seed,ok,,0.432028,0.603379,141.593300
val_000335,person,robust_no_color_seed,ok,,0.490798,0.658436,178.103800
val_000336,dog,robust_no_color_seed,ok,,0.684148,0.812456,182.672600
val_000337,person,robust_no_color_seed,ok,,0.000000,0.000000,187.156400
val_000338,sofa,robust_no_color_seed,ok,,0.695449,0.820372,163.419900
val_000339,person,robust_no_color_seed,ok,,0.643033,0.782739,191.596600
val_000340,cat,robust_no_color_seed,ok,,0.353502,0.522351,200.993800
val_000341,person,robust_no_color_seed,ok,,0.624500,0.768852,201.064700
val_000342,pottedplant,robust_no_color_seed,ok,,0.531536,0.694121,180.369800
val_000343,cat,robust_no_color_seed,ok,,0.259405,0.411949,208.995900
val_000344,cat,robust_no_color_seed,ok,,0.602419,0.751887,204.428600
val_000345,person,robust_no_color_seed,ok,,0.000000,0.000000,190.389600
val_000346,person,robust_no_color_seed,ok,,0.616343,0.762639,188.533700
val_000347,car,robust_no_color_seed,ok,,0.181084,0.306640,208.666100
val_000348,person,robust_no_color_seed,ok,,0.586415,0.739296,185.516000
val_000349,bird,robust_no_color_seed,ok,,0.704491,0.826629,188.643300
val_000350,person,robust_no_color_seed,ok,,0.313715,0.477600,168.392100
val_000351,sofa,robust_no_color_seed,ok,,0.585381,0.738474,167.422700
val_000352,horse,robust_no_color_seed,ok,,0.705999,0.827667,148.712500
val_000353,person,robust_no_color_seed,ok,,0.307191,0.470002,130.199300
val_000354,train,robust_no_color_seed,ok,,0.771091,0.870752,215.458200
val_000355,person,robust_no_color_seed,ok,,0.545933,0.706283,202.580800
val_000356,person,robust_no_color_seed,ok,,0.792022,0.883942,180.048900
val_000357,person,robust_no_color_seed,ok,,0.473219,0.642429,61.599300
val_000358,person,robust_no_color_seed,ok,,0.346576,0.514752,61.056700
val_000359,person,robust_no_color_seed,ok,,0.533996,0.696216,207.485900
val_000360,bicycle,robust_no_color_seed,ok,,0.201809,0.335843,164.958600
val_000361,person,robust_no_color_seed,ok,,0.381660,0.552466,136.914700
val_000362,diningtable,robust_no_color_seed,ok,,0.602425,0.751892,204.787500
val_000363,horse,robust_no_color_seed,ok,,0.575473,0.730540,202.512700
val_000364,motorbike,robust_no_color_seed,ok,,0.609343,0.757257,169.100000
val_000365,person,robust_no_color_seed,ok,,0.344489,0.512446,181.873700
val_000366,motorbike,robust_no_color_seed,ok,,0.743362,0.852791,201.117400
val_000367,bird,robust_no_color_seed,ok,,0.000000,0.000000,176.148200
val_000368,cat,robust_no_color_seed,ok,,0.214065,0.352642,206.001600
val_000369,dog,robust_no_color_seed,ok,,0.511449,0.676766,179.212300
val_000370,bottle,robust_no_color_seed,ok,,0.084535,0.155892,194.650400
val_000371,cow,robust_no_color_seed,ok,,0.373306,0.543661,192.397400
val_000372,dog,robust_no_color_seed,ok,,0.839454,0.912721,199.017500
val_000373,person,robust_no_color_seed,ok,,0.526080,0.689452,177.621000
val_000374,boat,robust_no_color_seed,ok,,0.567484,0.724070,189.784500
val_000375,person,robust_no_color_seed,ok,,0.309209,0.472360,196.018500
val_000376,boat,robust_no_color_seed,ok,,0.496168,0.663252,202.921700
val_000377,dog,robust_no_color_seed,ok,,0.671543,0.803500,200.221900
val_000378,person,robust_no_color_seed,ok,,0.683889,0.812273,186.309600
val_000379,person,robust_no_color_seed,ok,,0.413333,0.584906,197.551800
val_000380,cat,robust_no_color_seed,ok,,0.670466,0.802729,203.347600
val_000381,boat,robust_no_color_seed,ok,,0.468361,0.637937,194.511400
val_000382,motorbike,robust_no_color_seed,ok,,0.000000,0.000000,197.706500
val_000383,person,robust_no_color_seed,ok,,0.658239,0.793901,192.219600
val_000384,person,robust_no_color_seed,ok,,0.146907,0.256179,172.103300
val_000385,person,robust_no_color_seed,ok,,0.694503,0.819713,172.079600
val_000386,boat,robust_no_color_seed,ok,,0.581494,0.735373,193.056300
val_000387,person,robust_no_color_seed,ok,,0.265347,0.419405,208.246800
val_000388,person,robust_no_color_seed,ok,,0.648923,0.787087,195.376900
val_000389,dog,robust_no_color_seed,ok,,0.758494,0.862663,196.108400
val_000390,person,robust_no_color_seed,ok,,0.712837,0.832346,179.673600
val_000391,cat,robust_no_color_seed,ok,,0.549950,0.709636,201.076000
val_000392,chair,robust_no_color_seed,ok,,0.287018,0.446020,142.650100
val_000393,dog,robust_no_color_seed,ok,,0.796405,0.886666,194.276900
val_000394,person,robust_no_color_seed,ok,,0.575498,0.730560,188.406200
val_000395,person,robust_no_color_seed,ok,,0.641543,0.781634,188.756300
val_000396,cat,robust_no_color_seed,ok,,0.425564,0.597047,194.368100
val_000397,bird,robust_no_color_seed,ok,,0.611384,0.758831,202.681600
val_000398,person,robust_no_color_seed,ok,,0.564943,0.721999,200.103400
val_000399,aeroplane,robust_no_color_seed,ok,,0.780064,0.876445,146.730700
val_000400,person,robust_no_color_seed,ok,,0.551241,0.710710,261.435700
val_000401,boat,robust_no_color_seed,ok,,0.425585,0.597067,178.477400
val_000402,person,robust_no_color_seed,ok,,0.590295,0.742372,185.455000
val_000403,cat,robust_no_color_seed,ok,,0.558522,0.716733,185.102700
val_000404,horse,robust_no_color_seed,ok,,0.668209,0.801110,196.459700
val_000405,tvmonitor,robust_no_color_seed,ok,,0.658066,0.793775,202.251400
val_000406,chair,robust_no_color_seed,ok,,0.437410,0.608609,155.782600
val_000407,person,robust_no_color_seed,ok,,0.479283,0.647994,175.272100
val_000408,person,robust_no_color_seed,ok,,0.497142,0.664122,192.342100
val_000409,cat,robust_no_color_seed,ok,,0.671894,0.803752,183.996700
val_000410,person,robust_no_color_seed,ok,,0.475539,0.644563,166.835000
val_000411,pottedplant,robust_no_color_seed,ok,,0.487587,0.655541,171.701000
val_000412,aeroplane,robust_no_color_seed,ok,,0.289257,0.448719,173.267600
val_000413,person,robust_no_color_seed,ok,,0.248483,0.398055,177.548100
val_000414,bird,robust_no_color_seed,ok,,0.680773,0.810071,116.178100
val_000415,cat,robust_no_color_seed,ok,,0.645582,0.784625,190.055600
val_000416,bus,robust_no_color_seed,ok,,0.715148,0.833920,173.787200
val_000417,car,robust_no_color_seed,ok,,0.701099,0.824290,198.837900
val_000418,dog,robust_no_color_seed,ok,,0.766101,0.867562,179.597000
val_000419,motorbike,robust_no_color_seed,ok,,0.542208,0.703158,174.859700
val_000420,person,robust_no_color_seed,ok,,0.000000,0.000000,189.812600
val_000421,bicycle,robust_no_color_seed,ok,,0.244782,0.393293,193.464400
val_000422,pottedplant,robust_no_color_seed,ok,,0.626879,0.770653,200.983700
val_000423,aeroplane,robust_no_color_seed,ok,,0.612883,0.759984,169.433900
val_000424,pottedplant,robust_no_color_seed,ok,,0.584696,0.737929,183.824600
val_000425,motorbike,robust_no_color_seed,ok,,0.661654,0.796380,125.078300
val_000426,bird,robust_no_color_seed,ok,,0.721323,0.838103,245.176100
val_000427,tvmonitor,robust_no_color_seed,ok,,0.644459,0.783795,165.375000
val_000428,bottle,robust_no_color_seed,ok,,0.331522,0.497959,195.118200
val_000429,boat,robust_no_color_seed,ok,,0.000000,0.000000,205.069700
val_000430,person,robust_no_color_seed,ok,,0.448511,0.619272,168.332900
val_000431,boat,robust_no_color_seed,ok,,0.783563,0.878649,197.124500
val_000432,chair,robust_no_color_seed,ok,,0.253590,0.404583,183.965900
val_000433,sheep,robust_no_color_seed,ok,,0.488650,0.656500,165.416100
val_000434,person,robust_no_color_seed,ok,,0.607875,0.756122,183.327300
val_000435,cat,robust_no_color_seed,ok,,0.487948,0.655867,198.449500
val_000436,tvmonitor,robust_no_color_seed,ok,,0.052023,0.098901,157.305900
val_000437,cat,robust_no_color_seed,ok,,0.569597,0.725788,194.650400
val_000438,diningtable,robust_no_color_seed,ok,,0.345143,0.513169,191.259000
val_000439,cow,robust_no_color_seed,ok,,0.503870,0.670098,195.334700
val_000440,horse,robust_no_color_seed,ok,,0.437803,0.608989,210.754200
val_000441,dog,robust_no_color_seed,ok,,0.540222,0.701486,191.774700
val_000442,person,robust_no_color_seed,ok,,0.419774,0.591325,193.227300
val_000443,train,robust_no_color_seed,ok,,0.516609,0.681269,174.084400
val_000444,dog,robust_no_color_seed,ok,,0.649751,0.787696,190.730600
val_000445,person,robust_no_color_seed,ok,,0.554261,0.713215,167.576000
val_000446,dog,robust_no_color_seed,ok,,0.572361,0.728028,168.936000
val_000447,person,robust_no_color_seed,ok,,0.598763,0.749033,236.005500
val_000448,car,robust_no_color_seed,ok,,0.336483,0.503535,192.210700
val_000449,tvmonitor,robust_no_color_seed,ok,,0.247366,0.396621,191.309300
val_000450,tvmonitor,robust_no_color_seed,ok,,0.144592,0.252652,195.206900
val_000451,boat,robust_no_color_seed,ok,,0.548327,0.708283,171.228900
val_000452,person,robust_no_color_seed,ok,,0.123183,0.219346,193.433300
val_000453,train,robust_no_color_seed,ok,,0.755506,0.860727,170.735400
val_000454,person,robust_no_color_seed,ok,,0.750060,0.857182,99.320000
val_000455,bird,robust_no_color_seed,ok,,0.739283,0.850101,194.905000
val_000456,pottedplant,robust_no_color_seed,ok,,0.000000,0.000000,171.090600
val_000457,bus,robust_no_color_seed,ok,,0.555853,0.714531,200.597300
val_000458,aeroplane,robust_no_color_seed,ok,,0.273831,0.429933,195.009300
val_000459,person,robust_no_color_seed,ok,,0.454405,0.624868,191.332500
val_000460,dog,robust_no_color_seed,ok,,0.650980,0.788598,187.721700
val_000461,bicycle,robust_no_color_seed,ok,,0.137295,0.241442,187.505900
val_000462,person,robust_no_color_seed,ok,,0.336244,0.503268,89.998600
val_000463,car,robust_no_color_seed,ok,,0.325711,0.491375,117.846300
val_000464,aeroplane,robust_no_color_seed,ok,,0.744814,0.853746,163.102500
val_000465,horse,robust_no_color_seed,ok,,0.524496,0.688091,168.416400
val_000466,person,robust_no_color_seed,ok,,0.310627,0.474013,199.125900
val_000467,horse,robust_no_color_seed,ok,,0.540024,0.701319,156.578200
val_000468,diningtable,robust_no_color_seed,ok,,0.474552,0.643656,195.952800
val_000469,person,robust_no_color_seed,ok,,0.792508,0.884245,208.877900
val_000470,cat,robust_no_color_seed,ok,,0.827849,0.905818,194.130400
val_000471,person,robust_no_color_seed,ok,,0.556198,0.714816,194.317200
val_000472,person,robust_no_color_seed,ok,,0.283914,0.442264,196.492500
val_000473,dog,robust_no_color_seed,ok,,0.646665,0.785424,165.647200
val_000474,car,robust_no_color_seed,ok,,0.605402,0.754206,195.120300
val_000475,person,robust_no_color_seed,ok,,0.510574,0.676000,193.561100
val_000476,sofa,robust_no_color_seed,ok,,0.617316,0.763383,166.981400
val_000477,person,robust_no_color_seed,ok,,0.555876,0.714551,195.965800
val_000478,bus,robust_no_color_seed,ok,,0.403276,0.574764,126.911200
val_000479,horse,robust_no_color_seed,ok,,0.420047,0.591596,195.982100
val_000480,chair,robust_no_color_seed,ok,,0.213917,0.352441,171.834300
val_000481,car,robust_no_color_seed,ok,,0.687148,0.814568,198.694500
val_000482,person,robust_no_color_seed,ok,,0.456162,0.626526,193.377200
val_000483,boat,robust_no_color_seed,ok,,0.598792,0.749055,195.542800
val_000484,person,robust_no_color_seed,ok,,0.715168,0.833933,117.113600
val_000485,aeroplane,robust_no_color_seed,ok,,0.641968,0.781949,171.935600
val_000486,tvmonitor,robust_no_color_seed,ok,,0.469361,0.638864,185.657600
val_000487,boat,robust_no_color_seed,ok,,0.618354,0.764177,193.182100
val_000488,aeroplane,robust_no_color_seed,ok,,0.663594,0.797784,151.324500
val_000489,aeroplane,robust_no_color_seed,ok,,0.462750,0.632713,172.284900
val_000490,car,robust_no_color_seed,ok,,0.510664,0.676079,177.434300
val_000491,person,robust_no_color_seed,ok,,0.468755,0.638303,202.502700
val_000492,person,robust_no_color_seed,ok,,0.346487,0.514653,200.073100
val_000493,sofa,robust_no_color_seed,ok,,0.593388,0.744813,169.660200
val_000494,horse,robust_no_color_seed,ok,,0.363521,0.533210,71.344700
val_000495,train,robust_no_color_seed,ok,,0.621200,0.766346,206.728600
val_000496,tvmonitor,robust_no_color_seed,ok,,0.757412,0.861963,191.877400
val_000497,car,robust_no_color_seed,ok,,0.000000,0.000000,169.676000
val_000498,motorbike,robust_no_color_seed,ok,,0.381683,0.552490,197.524800
val_000499,bicycle,robust_no_color_seed,ok,,0.296817,0.457762,200.437800
val_000500,train,robust_no_color_seed,ok,,0.415149,0.586722,180.072900
val_000501,horse,robust_no_color_seed,ok,,0.685319,0.813281,191.976500
val_000502,motorbike,robust_no_color_seed,ok,,0.343506,0.511358,167.838700
val_000503,sheep,robust_no_color_seed,ok,,0.520119,0.684314,196.268500
val_000504,pottedplant,robust_no_color_seed,ok,,0.270753,0.426130,206.256200
val_000505,car,robust_no_color_seed,ok,,0.541122,0.702245,196.774800
val_000506,sofa,robust_no_color_seed,ok,,0.540684,0.701876,200.290600
val_000507,person,robust_no_color_seed,ok,,0.434676,0.605957,158.028600
val_000508,train,robust_no_color_seed,ok,,0.738438,0.849542,158.214800
val_000509,chair,robust_no_color_seed,ok,,0.804934,0.891926,199.545800
val_000510,sheep,robust_no_color_seed,ok,,0.813010,0.896862,190.141100
val_000511,horse,robust_no_color_seed,ok,,0.470317,0.639749,178.562700
val_000512,person,robust_no_color_seed,ok,,0.503222,0.669524,171.913400
val_000513,bottle,robust_no_color_seed,ok,,0.285298,0.443941,214.678200
val_000514,horse,robust_no_color_seed,ok,,0.400672,0.572114,206.804900
val_000515,cow,robust_no_color_seed,ok,,0.665075,0.798853,190.382300
val_000516,aeroplane,robust_no_color_seed,ok,,0.436943,0.608156,154.740600
val_000517,horse,robust_no_color_seed,ok,,0.605533,0.754308,168.152300
val_000518,tvmonitor,robust_no_color_seed,ok,,0.150436,0.261529,192.591800
val_000519,bicycle,robust_no_color_seed,ok,,0.204778,0.339943,199.073900
val_000520,sheep,robust_no_color_seed,ok,,0.760127,0.863718,193.270400
val_000521,tvmonitor,robust_no_color_seed,ok,,0.552534,0.711784,199.989300
val_000522,bicycle,robust_no_color_seed,ok,,0.260479,0.413301,173.553800
val_000523,motorbike,robust_no_color_seed,ok,,0.455646,0.626039,216.902800
val_000524,tvmonitor,robust_no_color_seed,ok,,0.663722,0.797876,198.893000
val_000525,cow,robust_no_color_seed,ok,,0.076118,0.141467,165.024700
val_000526,cow,robust_no_color_seed,ok,,0.554444,0.713366,202.171000
val_000527,diningtable,robust_no_color_seed,ok,,0.394944,0.566251,147.537300
val_000528,dog,robust_no_color_seed,ok,,0.581457,0.735344,198.669300
val_000529,pottedplant,robust_no_color_seed,ok,,0.410920,0.582485,165.272400
val_000530,pottedplant,robust_no_color_seed,ok,,0.696018,0.820767,131.389400
val_000531,motorbike,robust_no_color_seed,ok,,0.307393,0.470238,160.345700
val_000532,tvmonitor,robust_no_color_seed,ok,,0.630857,0.773651,189.232000
val_000533,bottle,robust_no_color_seed,ok,,0.412718,0.584289,211.732900
val_000534,aeroplane,robust_no_color_seed,ok,,0.536607,0.698431,197.237500
val_000535,boat,robust_no_color_seed,ok,,0.244732,0.393228,202.244500
val_000536,person,robust_no_color_seed,ok,,0.441261,0.612326,99.143100
val_000537,motorbike,robust_no_color_seed,ok,,0.771714,0.871150,200.124700
val_000538,tvmonitor,robust_no_color_seed,ok,,0.819959,0.901074,198.786400
val_000539,person,robust_no_color_seed,ok,,0.120088,0.214426,207.588400
val_000540,horse,robust_no_color_seed,ok,,0.351640,0.520316,193.667700
val_000541,train,robust_no_color_seed,ok,,0.697321,0.821673,205.220200
val_000542,boat,robust_no_color_seed,ok,,0.309581,0.472794,177.882800
val_000543,sheep,robust_no_color_seed,ok,,0.623535,0.768120,179.990600
val_000544,motorbike,robust_no_color_seed,ok,,0.564066,0.721282,191.308800
val_000545,horse,robust_no_color_seed,ok,,0.377563,0.548161,209.845400
val_000546,bus,robust_no_color_seed,ok,,0.197731,0.330176,198.748200
val_000547,pottedplant,robust_no_color_seed,ok,,0.460627,0.630725,166.456700
val_000548,horse,robust_no_color_seed,ok,,0.460890,0.630971,182.506600
val_000549,bicycle,robust_no_color_seed,ok,,0.112042,0.201506,207.589800
val_000550,person,robust_no_color_seed,ok,,0.473880,0.643037,175.859300
val_000551,person,robust_no_color_seed,ok,,0.433465,0.604779,187.370700
val_000552,bottle,robust_no_color_seed,ok,,0.430974,0.602351,175.517100
val_000553,motorbike,robust_no_color_seed,ok,,0.670715,0.802907,204.196800
val_000554,diningtable,robust_no_color_seed,ok,,0.339891,0.507341,203.079800
val_000555,horse,robust_no_color_seed,ok,,0.431426,0.602792,203.057700
val_000556,train,robust_no_color_seed,ok,,0.753932,0.859705,182.599100
val_000557,cow,robust_no_color_seed,ok,,0.334393,0.501191,197.936300
val_000558,person,robust_no_color_seed,ok,,0.656500,0.792635,184.059600
val_000559,dog,robust_no_color_seed,ok,,0.554830,0.713686,163.367200
val_000560,bird,robust_no_color_seed,ok,,0.000000,0.000000,210.760100
val_000561,tvmonitor,robust_no_color_seed,ok,,0.572550,0.728180,205.724600
val_000562,aeroplane,robust_no_color_seed,ok,,0.603654,0.752848,205.268400
val_000563,horse,robust_no_color_seed,ok,,0.458529,0.628756,201.938700
val_000564,boat,robust_no_color_seed,ok,,0.540099,0.701382,173.912000
val_000565,car,robust_no_color_seed,ok,,0.520265,0.684440,190.230300
val_000566,person,robust_no_color_seed,ok,,0.594293,0.745525,191.739400
val_000567,cat,robust_no_color_seed,ok,,0.861299,0.925482,239.439200
val_000568,sheep,robust_no_color_seed,ok,,0.539829,0.701155,120.208500
val_000569,cat,robust_no_color_seed,ok,,0.728651,0.843029,189.582800
val_000570,diningtable,robust_no_color_seed,ok,,0.535694,0.697657,185.180600
val_000571,cat,robust_no_color_seed,ok,,0.755877,0.860968,156.437400
val_000572,train,robust_no_color_seed,ok,,0.539757,0.701093,196.350800
val_000573,person,robust_no_color_seed,ok,,0.678700,0.808602,158.620400
val_000574,cow,robust_no_color_seed,ok,,0.702696,0.825392,204.723200
val_000575,train,robust_no_color_seed,ok,,0.666074,0.799573,210.034100
val_000576,bus,robust_no_color_seed,ok,,0.433885,0.605188,178.838700
val_000577,aeroplane,robust_no_color_seed,ok,,0.460681,0.630776,166.973500
val_000578,person,robust_no_color_seed,ok,,0.472364,0.641640,152.123500
val_000579,train,robust_no_color_seed,ok,,0.663924,0.798022,176.529300
val_000580,sofa,robust_no_color_seed,ok,,0.374863,0.545310,196.936200
val_000581,sheep,robust_no_color_seed,ok,,0.619054,0.764710,203.677900
val_000582,person,robust_no_color_seed,ok,,0.307348,0.470185,201.171800
val_000583,dog,robust_no_color_seed,ok,,0.429983,0.601382,187.778800
val_000584,car,robust_no_color_seed,ok,,0.185196,0.312515,197.854000
val_000585,cow,robust_no_color_seed,ok,,0.786682,0.880607,180.774600
val_000586,cow,robust_no_color_seed,ok,,0.681490,0.810579,190.776300
val_000587,diningtable,robust_no_color_seed,ok,,0.114499,0.205471,193.204100
val_000588,bird,robust_no_color_seed,ok,,0.730795,0.844462,167.991800
val_000589,cow,robust_no_color_seed,ok,,0.503229,0.669531,200.847200
val_000590,boat,robust_no_color_seed,ok,,0.000000,0.000000,192.346600
val_000591,chair,robust_no_color_seed,ok,,0.364231,0.533973,192.281800
val_000592,person,robust_no_color_seed,ok,,0.689793,0.816423,195.231000
val_000593,cow,robust_no_color_seed,ok,,0.702285,0.825108,190.435100
val_000594,aeroplane,robust_no_color_seed,ok,,0.660142,0.795284,132.136500
val_000595,dog,robust_no_color_seed,ok,,0.527051,0.690286,192.964600
val_000596,horse,robust_no_color_seed,ok,,0.655794,0.792121,194.579300
val_000597,person,robust_no_color_seed,ok,,0.641940,0.781929,165.014000
val_000598,sheep,robust_no_color_seed,ok,,0.398750,0.570152,193.922800
val_000599,bird,robust_no_color_seed,ok,,0.643925,0.783400,191.084200
val_000600,aeroplane,robust_no_color_seed,ok,,0.000000,0.000000,108.758800
val_000601,dog,robust_no_color_seed,ok,,0.547152,0.707302,190.743300
val_000602,chair,robust_no_color_seed,ok,,0.588253,0.740755,186.105400
val_000603,cat,robust_no_color_seed,ok,,0.478603,0.647372,196.313100
val_000604,cow,robust_no_color_seed,ok,,0.364496,0.534258,173.927600
val_000605,sheep,robust_no_color_seed,ok,,0.535508,0.697500,201.842700
val_000606,person,robust_no_color_seed,ok,,0.267158,0.421665,162.695100
val_000607,bus,robust_no_color_seed,ok,,0.468290,0.637871,207.816300
val_000608,car,robust_no_color_seed,ok,,0.207610,0.343836,175.603300
val_000609,bottle,robust_no_color_seed,ok,,0.772860,0.871880,204.258500
val_000610,sheep,robust_no_color_seed,ok,,0.848148,0.917836,197.354500
val_000611,person,robust_no_color_seed,ok,,0.360167,0.529592,197.808500
val_000612,aeroplane,robust_no_color_seed,ok,,0.000000,0.000000,175.167800
val_000613,horse,robust_no_color_seed,ok,,0.567913,0.724419,185.509800
val_000614,person,robust_no_color_seed,ok,,0.733161,0.846039,166.949600
val_000615,diningtable,robust_no_color_seed,ok,,0.020082,0.039374,192.423900
val_000616,sofa,robust_no_color_seed,ok,,0.623960,0.768443,199.772500
val_000617,motorbike,robust_no_color_seed,ok,,0.477991,0.646812,194.797500
val_000618,train,robust_no_color_seed,ok,,0.127833,0.226687,172.506800
val_000619,bus,robust_no_color_seed,ok,,0.749822,0.857027,198.722000
val_000620,bird,robust_no_color_seed,ok,,0.174991,0.297859,187.864900
val_000621,horse,robust_no_color_seed,ok,,0.482315,0.650759,209.928500
val_000622,bus,robust_no_color_seed,ok,,0.009081,0.017998,197.565700
val_000623,person,robust_no_color_seed,ok,,0.667587,0.800662,192.617800
val_000624,diningtable,robust_no_color_seed,ok,,0.459472,0.629642,184.872000
val_000625,horse,robust_no_color_seed,ok,,0.691768,0.817805,199.659200
val_000626,horse,robust_no_color_seed,ok,,0.674700,0.805756,184.349300
val_000627,horse,robust_no_color_seed,ok,,0.451331,0.621954,174.367500
val_000628,pottedplant,robust_no_color_seed,ok,,0.421486,0.593021,166.309600
val_000629,bus,robust_no_color_seed,ok,,0.117789,0.210753,186.075100
val_000630,bicycle,robust_no_color_seed,ok,,0.220652,0.361532,198.103200
val_000631,bus,robust_no_color_seed,ok,,0.341590,0.509231,251.963100
val_000632,bicycle,robust_no_color_seed,ok,,0.010840,0.021447,210.098800
val_000633,bird,robust_no_color_seed,ok,,0.842382,0.914449,179.572800
val_000634,horse,robust_no_color_seed,ok,,0.800935,0.889466,120.377800
val_000635,cat,robust_no_color_seed,ok,,0.600940,0.750734,187.239400
val_000636,train,robust_no_color_seed,ok,,0.000000,0.000000,198.557200
val_000637,aeroplane,robust_no_color_seed,ok,,0.317983,0.482530,175.909300
val_000638,bird,robust_no_color_seed,ok,,0.671798,0.803683,205.412600
val_000639,sheep,robust_no_color_seed,ok,,0.533116,0.695467,163.491500
val_000640,motorbike,robust_no_color_seed,ok,,0.617611,0.763609,172.744600
val_000641,cat,robust_no_color_seed,ok,,0.599016,0.749230,203.613700
val_000642,sofa,robust_no_color_seed,ok,,0.490588,0.658248,242.688400
val_000643,sofa,robust_no_color_seed,ok,,0.602400,0.751873,205.369300
val_000644,bottle,robust_no_color_seed,ok,,0.293249,0.453508,193.486900
val_000645,tvmonitor,robust_no_color_seed,ok,,0.464499,0.634345,167.829200
val_000646,bicycle,robust_no_color_seed,ok,,0.124345,0.221187,188.110900
val_000647,dog,robust_no_color_seed,ok,,0.572430,0.728084,170.632600
val_000648,bottle,robust_no_color_seed,ok,,0.355939,0.525007,172.284300
val_000649,aeroplane,robust_no_color_seed,ok,,0.285731,0.444465,197.103900
val_000650,cow,robust_no_color_seed,ok,,0.711691,0.831565,214.004400
val_000651,sofa,robust_no_color_seed,ok,,0.653378,0.790355,193.319200
val_000652,person,robust_no_color_seed,ok,,0.524981,0.688508,204.156200
val_000653,bird,robust_no_color_seed,ok,,0.134105,0.236495,199.282100
val_000654,bus,robust_no_color_seed,ok,,0.687925,0.815113,166.990600
val_000655,bicycle,robust_no_color_seed,ok,,0.000000,0.000000,196.219400
val_000656,bicycle,robust_no_color_seed,ok,,0.289797,0.449369,183.078200
val_000657,aeroplane,robust_no_color_seed,ok,,0.557242,0.715678,167.605200
val_000658,tvmonitor,robust_no_color_seed,ok,,0.658838,0.794337,168.758500
val_000659,horse,robust_no_color_seed,ok,,0.483674,0.651995,178.667400
val_000660,person,robust_no_color_seed,ok,,0.537531,0.699213,234.893800
val_000661,boat,robust_no_color_seed,ok,,0.216780,0.356317,200.296800
val_000662,bus,robust_no_color_seed,ok,,0.624091,0.768542,174.711400
val_000663,aeroplane,robust_no_color_seed,ok,,0.649325,0.787383,188.764400
val_000664,boat,robust_no_color_seed,ok,,0.535646,0.697617,200.085100
val_000665,bus,robust_no_color_seed,ok,,0.457431,0.627722,192.002600
val_000666,car,robust_no_color_seed,ok,,0.302328,0.464289,176.075600
val_000667,boat,robust_no_color_seed,ok,,0.542104,0.703070,170.459800
val_000668,sofa,robust_no_color_seed,ok,,0.629192,0.772398,54.473600
val_000669,pottedplant,robust_no_color_seed,ok,,0.520366,0.684527,198.134200
val_000670,car,robust_no_color_seed,ok,,0.604449,0.753466,197.859400
val_000671,bicycle,robust_no_color_seed,ok,,0.361157,0.530662,202.830100
val_000672,bird,robust_no_color_seed,ok,,0.508522,0.674199,217.926400
val_000673,train,robust_no_color_seed,ok,,0.119575,0.213608,199.591200
val_000674,cow,robust_no_color_seed,ok,,0.627538,0.771150,209.325800
val_000675,bird,robust_no_color_seed,ok,,0.519783,0.684023,196.988600
val_000676,sheep,robust_no_color_seed,ok,,0.419225,0.590780,200.890200
val_000677,person,robust_no_color_seed,ok,,0.545081,0.705569,162.453800
val_000678,horse,robust_no_color_seed,ok,,0.434858,0.606134,198.056900
val_000679,train,robust_no_color_seed,ok,,0.683706,0.812144,188.352400
val_000680,cat,robust_no_color_seed,ok,,0.683524,0.812015,189.134700
val_000681,boat,robust_no_color_seed,ok,,0.645173,0.784322,188.374600
val_000682,horse,robust_no_color_seed,ok,,0.051553,0.098051,152.274300
val_000683,motorbike,robust_no_color_seed,ok,,0.406397,0.577926,160.211400
val_000684,cow,robust_no_color_seed,ok,,0.332487,0.499047,167.424700
val_000685,sofa,robust_no_color_seed,ok,,0.805065,0.892006,145.427600
val_000686,cow,robust_no_color_seed,ok,,0.688439,0.815474,160.890000
val_000687,car,robust_no_color_seed,ok,,0.486630,0.654675,175.211500
val_000688,boat,robust_no_color_seed,ok,,0.659066,0.794503,169.904700
val_000689,dog,robust_no_color_seed,ok,,0.562877,0.720309,169.433200
val_000690,bottle,robust_no_color_seed,ok,,0.302367,0.464334,171.158500
val_000691,train,robust_no_color_seed,ok,,0.527952,0.691059,134.975400
val_000692,bird,robust_no_color_seed,ok,,0.516055,0.680787,201.980900
val_000693,dog,robust_no_color_seed,ok,,0.684551,0.812740,163.115900
val_000694,boat,robust_no_color_seed,ok,,0.000000,0.000000,133.061100
val_000695,sheep,robust_no_color_seed,ok,,0.668287,0.801166,182.670200
val_000696,horse,robust_no_color_seed,ok,,0.099224,0.180535,195.199200
val_000697,dog,robust_no_color_seed,ok,,0.458631,0.628852,192.687900
val_000698,cat,robust_no_color_seed,ok,,0.613157,0.760195,192.116100
val_000699,dog,robust_no_color_seed,ok,,0.000000,0.000000,184.742100
val_000700,bird,robust_no_color_seed,ok,,0.565848,0.722737,201.086100
val_000701,bird,robust_no_color_seed,ok,,0.591715,0.743494,172.223800
val_000702,cat,robust_no_color_seed,ok,,0.677111,0.807473,207.721000
val_000703,bus,robust_no_color_seed,ok,,0.563438,0.720768,191.600300
val_000704,bird,robust_no_color_seed,ok,,0.455422,0.625828,259.607300
val_000705,bird,robust_no_color_seed,ok,,0.616876,0.763047,201.433500
val_000706,diningtable,robust_no_color_seed,ok,,0.357415,0.526611,205.629200
val_000707,car,robust_no_color_seed,ok,,0.601122,0.750876,200.220800
val_000708,car,robust_no_color_seed,ok,,0.042263,0.081098,167.658800
val_000709,bottle,robust_no_color_seed,ok,,0.000000,0.000000,166.891400
val_000710,person,robust_no_color_seed,ok,,0.634246,0.776194,172.367700
val_000711,train,robust_no_color_seed,ok,,0.632717,0.775048,200.665100
val_000712,bird,robust_no_color_seed,ok,,0.645594,0.784633,233.512700
val_000713,aeroplane,robust_no_color_seed,ok,,0.399732,0.571155,171.903900
val_000714,train,robust_no_color_seed,ok,,0.694435,0.819666,174.692900
val_000715,tvmonitor,robust_no_color_seed,ok,,0.585328,0.738431,210.448400
val_000716,cat,robust_no_color_seed,ok,,0.481019,0.649578,154.675400
val_000717,cat,robust_no_color_seed,ok,,0.518602,0.683000,202.754800
val_000718,horse,robust_no_color_seed,ok,,0.560072,0.718008,199.872200
val_000719,sheep,robust_no_color_seed,ok,,0.000000,0.000000,204.741100
val_000720,dog,robust_no_color_seed,ok,,0.698823,0.822714,150.179600
val_000721,car,robust_no_color_seed,ok,,0.598064,0.748486,211.310500
val_000722,bird,robust_no_color_seed,ok,,0.711122,0.831177,170.397200
val_000723,bird,robust_no_color_seed,ok,,0.676103,0.806756,175.565400
val_000724,sofa,robust_no_color_seed,ok,,0.035547,0.068653,198.451900
val_000725,person,robust_no_color_seed,ok,,0.588692,0.741103,168.214600
val_000726,bird,robust_no_color_seed,ok,,0.592746,0.744307,197.707000
val_000727,pottedplant,robust_no_color_seed,ok,,0.427867,0.599309,168.900100
val_000728,dog,robust_no_color_seed,ok,,0.770184,0.870174,201.455900
val_000729,person,robust_no_color_seed,ok,,0.589660,0.741869,204.883100
val_000730,sofa,robust_no_color_seed,ok,,0.307605,0.470486,161.123200
val_000731,bird,robust_no_color_seed,ok,,0.733934,0.846553,162.683700
val_000732,sheep,robust_no_color_seed,ok,,0.647902,0.786336,229.419400
val_000733,sofa,robust_no_color_seed,ok,,0.460550,0.630653,224.371900
val_000734,bus,robust_no_color_seed,ok,,0.555801,0.714489,182.372700
val_000735,bus,robust_no_color_seed,ok,,0.267091,0.421582,189.318500
val_000736,bottle,robust_no_color_seed,ok,,0.209650,0.346629,139.523200
val_000737,aeroplane,robust_no_color_seed,ok,,0.217767,0.357650,164.984100
val_000738,aeroplane,robust_no_color_seed,ok,,0.497573,0.664506,182.874900
val_000739,bus,robust_no_color_seed,ok,,0.613741,0.760644,151.032400
val_000740,boat,robust_no_color_seed,ok,,0.378650,0.549306,189.704700
val_000741,sheep,robust_no_color_seed,ok,,0.664048,0.798112,235.489300
val_000742,dog,robust_no_color_seed,ok,,0.691088,0.817330,154.784100
val_000743,cow,robust_no_color_seed,ok,,0.461681,0.631712,191.508900
val_000744,person,robust_no_color_seed,ok,,0.528068,0.691158,162.500800
val_000745,sheep,robust_no_color_seed,ok,,0.403899,0.575396,186.708000
val_000746,tvmonitor,robust_no_color_seed,ok,,0.271258,0.426756,180.996000
val_000747,horse,robust_no_color_seed,ok,,0.497972,0.664861,167.092100
val_000748,cow,robust_no_color_seed,ok,,0.396990,0.568351,170.274000
val_000749,cow,robust_no_color_seed,ok,,0.585303,0.738411,181.717600
val_000750,dog,robust_no_color_seed,ok,,0.712300,0.831980,181.143600
val_000751,car,robust_no_color_seed,ok,,0.571629,0.727435,166.452000
val_000752,horse,robust_no_color_seed,ok,,0.670124,0.802484,178.293900
val_000753,cow,robust_no_color_seed,ok,,0.522576,0.686437,188.902500
val_000754,person,robust_no_color_seed,ok,,0.003082,0.006144,149.824600
val_000755,train,robust_no_color_seed,ok,,0.637731,0.778798,164.420200
val_000756,cow,robust_no_color_seed,ok,,0.590568,0.742588,193.133200
val_000757,bus,robust_no_color_seed,ok,,0.642635,0.782444,208.733000
val_000758,motorbike,robust_no_color_seed,ok,,0.516385,0.681073,256.695800
val_000759,train,robust_no_color_seed,ok,,0.534082,0.696288,182.633200
val_000760,cat,robust_no_color_seed,ok,,0.470638,0.640046,161.986900
val_000761,train,robust_no_color_seed,ok,,0.728512,0.842935,163.158100
val_000762,bicycle,robust_no_color_seed,ok,,0.030954,0.060049,194.475700
val_000763,motorbike,robust_no_color_seed,ok,,0.615831,0.762247,162.880600
val_000764,aeroplane,robust_no_color_seed,ok,,0.227996,0.371331,151.261400
val_000765,person,robust_no_color_seed,ok,,0.495443,0.662604,205.277900
val_000766,tvmonitor,robust_no_color_seed,ok,,0.644806,0.784051,199.279600
val_000767,person,robust_no_color_seed,ok,,0.287658,0.446793,171.910600
val_000768,motorbike,robust_no_color_seed,ok,,0.156652,0.270871,200.097600
val_000769,sofa,robust_no_color_seed,ok,,0.000000,0.000000,199.122600
val_000770,chair,robust_no_color_seed,ok,,0.583001,0.736577,195.866500
val_000771,dog,robust_no_color_seed,ok,,0.571537,0.727361,217.455600
val_000772,diningtable,robust_no_color_seed,ok,,0.361948,0.531515,159.763700
val_000773,bottle,robust_no_color_seed,ok,,0.094334,0.172404,131.465700
val_000774,cat,robust_no_color_seed,ok,,0.631514,0.774145,176.511300
val_000775,bus,robust_no_color_seed,ok,,0.277964,0.435011,182.706800
val_000776,dog,robust_no_color_seed,ok,,0.670460,0.802725,161.789900
val_000777,cow,robust_no_color_seed,ok,,0.453389,0.623906,171.990400
val_000778,tvmonitor,robust_no_color_seed,ok,,0.701459,0.824538,191.387700
val_000779,train,robust_no_color_seed,ok,,0.594785,0.745912,168.902900
val_000780,sofa,robust_no_color_seed,ok,,0.540786,0.701961,152.204000
val_000781,tvmonitor,robust_no_color_seed,ok,,0.503511,0.669780,167.134300
val_000782,person,robust_no_color_seed,ok,,0.336643,0.503714,204.111900
val_000783,boat,robust_no_color_seed,ok,,0.000000,0.000000,193.179600
val_000784,bottle,robust_no_color_seed,ok,,0.571881,0.727639,203.589100
val_000785,bird,robust_no_color_seed,ok,,0.000000,0.000000,164.013400
val_000786,car,robust_no_color_seed,ok,,0.608362,0.756499,165.911500
val_000787,cow,robust_no_color_seed,ok,,0.478103,0.646914,197.850800
val_000788,train,robust_no_color_seed,ok,,0.486316,0.654391,196.640700
val_000789,bottle,robust_no_color_seed,ok,,0.461628,0.631662,195.155500
val_000790,motorbike,robust_no_color_seed,ok,,0.509827,0.675345,191.911700
val_000791,boat,robust_no_color_seed,ok,,0.159327,0.274861,152.697700
val_000792,sofa,robust_no_color_seed,ok,,0.627811,0.771356,172.259000
val_000793,bottle,robust_no_color_seed,ok,,0.215413,0.354469,100.136600
val_000794,cat,robust_no_color_seed,ok,,0.237765,0.384184,184.913800
val_000795,pottedplant,robust_no_color_seed,ok,,0.000000,0.000000,180.219100
val_000796,aeroplane,robust_no_color_seed,ok,,0.466534,0.636241,157.653800
val_000797,bottle,robust_no_color_seed,ok,,0.209101,0.345879,165.638700
val_000798,train,robust_no_color_seed,ok,,0.631483,0.774121,102.150300
val_000799,aeroplane,robust_no_color_seed,ok,,0.385267,0.556235,150.555000
val_000800,bicycle,robust_no_color_seed,ok,,0.252694,0.403440,185.493700
val_000801,cat,robust_no_color_seed,ok,,0.350819,0.519416,207.300700
val_000802,horse,robust_no_color_seed,ok,,0.656036,0.792297,157.733800
val_000803,train,robust_no_color_seed,ok,,0.475260,0.644307,201.561400
val_000804,car,robust_no_color_seed,ok,,0.218018,0.357988,158.725300
val_000805,diningtable,robust_no_color_seed,ok,,0.704160,0.826401,216.256300
val_000806,aeroplane,robust_no_color_seed,ok,,0.208788,0.345450,151.519900
val_000807,boat,robust_no_color_seed,ok,,0.728671,0.843042,198.672100
val_000808,cow,robust_no_color_seed,ok,,0.498342,0.665191,161.636300
val_000809,dog,robust_no_color_seed,ok,,0.646231,0.785103,186.829400
val_000810,person,robust_no_color_seed,ok,,0.481951,0.650427,181.720500
val_000811,diningtable,robust_no_color_seed,ok,,0.642928,0.782661,173.184000
val_000812,boat,robust_no_color_seed,ok,,0.126277,0.224237,195.199500
val_000813,train,robust_no_color_seed,ok,,0.619292,0.764892,194.627200
val_000814,sofa,robust_no_color_seed,ok,,0.623051,0.767752,190.455900
val_000815,bicycle,robust_no_color_seed,ok,,0.115948,0.207802,202.220000
val_000816,motorbike,robust_no_color_seed,ok,,0.667215,0.800395,182.833600
val_000817,dog,robust_no_color_seed,ok,,0.494394,0.661665,183.949600
val_000818,bicycle,robust_no_color_seed,ok,,0.199896,0.333189,189.449800
val_000819,dog,robust_no_color_seed,ok,,0.737433,0.848877,176.074200
val_000820,person,robust_no_color_seed,ok,,0.365790,0.535646,190.182900
val_000821,bird,robust_no_color_seed,ok,,0.301427,0.463225,209.893000
val_000822,train,robust_no_color_seed,ok,,0.692900,0.818595,172.851300
val_000823,bus,robust_no_color_seed,ok,,0.608655,0.756725,183.111400
val_000824,train,robust_no_color_seed,ok,,0.693521,0.819029,167.704200
val_000825,horse,robust_no_color_seed,ok,,0.566110,0.722951,229.295900
val_000826,bicycle,robust_no_color_seed,ok,,0.094150,0.172097,154.060500
val_000827,bird,robust_no_color_seed,ok,,0.527394,0.690580,262.683400
val_000828,car,robust_no_color_seed,ok,,0.504108,0.670308,170.408900
val_000829,car,robust_no_color_seed,ok,,0.197727,0.330170,145.419200
val_000830,train,robust_no_color_seed,ok,,0.543018,0.703839,192.681500
val_000831,bird,robust_no_color_seed,ok,,0.620162,0.765555,208.935400
val_000832,dog,robust_no_color_seed,ok,,0.785016,0.879562,194.888600
val_000833,horse,robust_no_color_seed,ok,,0.680264,0.809711,187.843600
val_000834,person,robust_no_color_seed,ok,,0.654766,0.791370,200.943400
val_000835,bird,robust_no_color_seed,ok,,0.494797,0.662026,207.818800
val_000836,boat,robust_no_color_seed,ok,,0.670953,0.803078,175.753400
val_000837,diningtable,robust_no_color_seed,ok,,0.000000,0.000000,184.735000
val_000838,bottle,robust_no_color_seed,ok,,0.468476,0.638044,201.426700
val_000839,tvmonitor,robust_no_color_seed,ok,,0.544193,0.704825,188.566900
val_000840,cow,robust_no_color_seed,ok,,0.569760,0.725920,169.406000
val_000841,car,robust_no_color_seed,ok,,0.562045,0.719627,138.909000
val_000842,tvmonitor,robust_no_color_seed,ok,,0.331392,0.497813,255.493400
val_000843,sofa,robust_no_color_seed,ok,,0.566467,0.723241,204.094900
val_000844,cow,robust_no_color_seed,ok,,0.338523,0.505816,196.621900
val_000845,person,robust_no_color_seed,ok,,0.426919,0.598379,173.659900
val_000846,car,robust_no_color_seed,ok,,0.674875,0.805881,192.117500
val_000847,sofa,robust_no_color_seed,ok,,0.554728,0.713602,177.328800
val_000848,bird,robust_no_color_seed,ok,,0.679297,0.809026,195.263400
val_000849,sheep,robust_no_color_seed,ok,,0.631654,0.774250,197.391500
val_000850,aeroplane,robust_no_color_seed,ok,,0.389405,0.560535,153.760400
val_000851,bus,robust_no_color_seed,ok,,0.809208,0.894544,189.376400
val_000852,boat,robust_no_color_seed,ok,,0.144957,0.253210,158.633100
val_000853,dog,robust_no_color_seed,ok,,0.725577,0.840967,181.743200
val_000854,cat,robust_no_color_seed,ok,,0.360485,0.529936,159.803000
val_000855,cow,robust_no_color_seed,ok,,0.477458,0.646324,178.135500
val_000856,horse,robust_no_color_seed,ok,,0.513612,0.678657,186.864500
val_000857,aeroplane,robust_no_color_seed,ok,,0.497196,0.664170,155.335200
val_000858,dog,robust_no_color_seed,ok,,0.641607,0.781682,177.700800
val_000859,person,robust_no_color_seed,ok,,0.721572,0.838271,196.035100
val_000860,tvmonitor,robust_no_color_seed,ok,,0.595413,0.746406,192.349800
val_000861,bird,robust_no_color_seed,ok,,0.300355,0.461959,186.118300
val_000862,tvmonitor,robust_no_color_seed,ok,,0.337534,0.504710,203.137000
val_000863,horse,robust_no_color_seed,ok,,0.040432,0.077722,188.156800
val_000864,cat,robust_no_color_seed,ok,,0.760884,0.864207,169.698200
val_000865,dog,robust_no_color_seed,ok,,0.289876,0.449464,217.282800
val_000866,train,robust_no_color_seed,ok,,0.532150,0.694644,191.163800
val_000867,bicycle,robust_no_color_seed,ok,,0.251718,0.402196,185.327600
val_000868,person,robust_no_color_seed,ok,,0.255674,0.407230,203.171900
val_000869,bird,robust_no_color_seed,ok,,0.712406,0.832053,92.322100
val_000870,dog,robust_no_color_seed,ok,,0.000000,0.000000,175.411400
val_000871,motorbike,robust_no_color_seed,ok,,0.379619,0.550324,171.002500
val_000872,sheep,robust_no_color_seed,ok,,0.000000,0.000000,199.251300
val_000873,bus,robust_no_color_seed,ok,,0.438330,0.609498,199.060900
val_000874,bird,robust_no_color_seed,ok,,0.349441,0.517905,193.107600
val_000875,sofa,robust_no_color_seed,ok,,0.718038,0.835882,169.291600
val_000876,boat,robust_no_color_seed,ok,,0.192027,0.322186,202.037900
val_000877,diningtable,robust_no_color_seed,ok,,0.586004,0.738969,198.071400
val_000878,chair,robust_no_color_seed,ok,,0.000000,0.000000,166.905600
val_000879,person,robust_no_color_seed,ok,,0.395402,0.566721,182.914200
val_000880,bottle,robust_no_color_seed,ok,,0.233421,0.378494,193.580100
val_000881,cat,robust_no_color_seed,ok,,0.831358,0.907914,170.985400
val_000882,train,robust_no_color_seed,ok,,0.782721,0.878119,194.392100
val_000883,sofa,robust_no_color_seed,ok,,0.847411,0.917404,199.454500
val_000884,bottle,robust_no_color_seed,ok,,0.553020,0.712187,208.615000
val_000885,motorbike,robust_no_color_seed,ok,,0.674065,0.805303,173.203200
val_000886,car,robust_no_color_seed,ok,,0.000000,0.000000,183.105600
val_000887,horse,robust_no_color_seed,ok,,0.761263,0.864451,191.196000
val_000888,cat,robust_no_color_seed,ok,,0.555439,0.714189,190.395100
val_000889,dog,robust_no_color_seed,ok,,0.470733,0.640134,165.816700
val_000890,bird,robust_no_color_seed,ok,,0.000000,0.000000,197.959100
val_000891,bird,robust_no_color_seed,ok,,0.632731,0.775059,180.690700
val_000892,bird,robust_no_color_seed,ok,,0.488719,0.656563,171.482400
val_000893,bottle,robust_no_color_seed,ok,,0.633603,0.775713,166.380600
val_000894,dog,robust_no_color_seed,ok,,0.567944,0.724444,196.684600
val_000895,bus,robust_no_color_seed,ok,,0.649422,0.787454,171.958600
val_000896,dog,robust_no_color_seed,ok,,0.564670,0.721775,158.210900
val_000897,car,robust_no_color_seed,ok,,0.469565,0.639053,155.032200
val_000898,boat,robust_no_color_seed,ok,,0.000000,0.000000,193.244700
val_000899,aeroplane,robust_no_color_seed,ok,,0.262077,0.415310,189.081500
val_000900,sofa,robust_no_color_seed,ok,,0.684224,0.812509,179.573800
val_000901,cat,robust_no_color_seed,ok,,0.778891,0.875704,191.198100
val_000902,train,robust_no_color_seed,ok,,0.375245,0.545713,210.079000
val_000903,bus,robust_no_color_seed,ok,,0.470871,0.640261,191.838300
val_000904,motorbike,robust_no_color_seed,ok,,0.510848,0.676240,165.515700
val_000905,car,robust_no_color_seed,ok,,0.743487,0.852874,151.693200
val_000906,bus,robust_no_color_seed,ok,,0.542681,0.703556,188.944000
val_000907,train,robust_no_color_seed,ok,,0.429303,0.600717,170.561000
val_000908,motorbike,robust_no_color_seed,ok,,0.148429,0.258490,172.170400
val_000909,person,robust_no_color_seed,ok,,0.508118,0.673844,199.597900
val_000910,diningtable,robust_no_color_seed,ok,,0.128333,0.227474,192.697900
val_000911,bus,robust_no_color_seed,ok,,0.554884,0.713731,190.011800
val_000912,bicycle,robust_no_color_seed,ok,,0.067643,0.126714,191.711200
val_000913,bird,robust_no_color_seed,ok,,0.370104,0.540257,179.189900
val_000914,bird,robust_no_color_seed,ok,,0.640640,0.780964,167.712100
val_000915,horse,robust_no_color_seed,ok,,0.606580,0.755120,232.332800
val_000916,aeroplane,robust_no_color_seed,ok,,0.502180,0.668601,197.318200
val_000917,motorbike,robust_no_color_seed,ok,,0.552700,0.711921,162.209600
val_000918,sofa,robust_no_color_seed,ok,,0.636179,0.777639,190.659700
val_000919,person,robust_no_color_seed,ok,,0.644997,0.784192,163.968700
val_000920,person,robust_no_color_seed,ok,,0.578530,0.732999,199.855700
val_000921,motorbike,robust_no_color_seed,ok,,0.491124,0.658730,177.542000
val_000922,person,robust_no_color_seed,ok,,0.034395,0.066503,211.585500
val_000923,sheep,robust_no_color_seed,ok,,0.000000,0.000000,197.613100
val_000924,bird,robust_no_color_seed,ok,,0.709624,0.830152,193.342800
val_000925,train,robust_no_color_seed,ok,,0.006617,0.013146,72.746600
val_000926,bicycle,robust_no_color_seed,ok,,0.104316,0.188925,223.776100
val_000927,cat,robust_no_color_seed,ok,,0.796184,0.886528,198.097400
val_000928,aeroplane,robust_no_color_seed,ok,,0.538675,0.700181,168.903800
val_000929,bottle,robust_no_color_seed,ok,,0.203580,0.338291,156.235500
val_000930,horse,robust_no_color_seed,ok,,0.676035,0.806707,196.479600
val_000931,cat,robust_no_color_seed,ok,,0.781741,0.877503,191.722000
val_000932,train,robust_no_color_seed,ok,,0.535910,0.697840,167.253700
val_000933,bus,robust_no_color_seed,ok,,0.223006,0.364685,187.798400
val_000934,bird,robust_no_color_seed,ok,,0.347612,0.515893,216.799100
val_000935,bird,robust_no_color_seed,ok,,0.638334,0.779248,187.252700
val_000936,bottle,robust_no_color_seed,ok,,0.000000,0.000000,190.654400
val_000937,chair,robust_no_color_seed,ok,,0.426274,0.597745,185.815000
val_000938,horse,robust_no_color_seed,ok,,0.776045,0.873902,245.426700
val_000939,bicycle,robust_no_color_seed,ok,,0.241928,0.389601,191.921500
val_000940,person,robust_no_color_seed,ok,,0.000000,0.000000,166.231800
val_000941,boat,robust_no_color_seed,ok,,0.350333,0.518884,194.869800
val_000942,motorbike,robust_no_color_seed,ok,,0.224322,0.366443,206.007300
val_000943,dog,robust_no_color_seed,ok,,0.687012,0.814472,158.877500
val_000944,dog,robust_no_color_seed,ok,,0.126789,0.225044,166.180000
val_000945,car,robust_no_color_seed,ok,,0.288610,0.447940,197.032600
val_000946,cat,robust_no_color_seed,ok,,0.526662,0.689952,171.019600
val_000947,person,robust_no_color_seed,ok,,0.658591,0.794157,170.772900
val_000948,dog,robust_no_color_seed,ok,,0.607351,0.755717,55.338700
val_000949,aeroplane,robust_no_color_seed,ok,,0.496428,0.663484,168.559400
val_000950,bird,robust_no_color_seed,ok,,0.706534,0.828034,174.922200
val_000951,sofa,robust_no_color_seed,ok,,0.722201,0.838695,139.206000
val_000952,boat,robust_no_color_seed,ok,,0.712942,0.832418,139.554300
val_000953,sofa,robust_no_color_seed,ok,,0.695179,0.820183,193.654400
val_000954,sheep,robust_no_color_seed,ok,,0.147929,0.257732,166.896000
val_000955,tvmonitor,robust_no_color_seed,ok,,0.675380,0.806241,197.495400
val_000956,pottedplant,robust_no_color_seed,ok,,0.587570,0.740213,123.987400
val_000957,bird,robust_no_color_seed,ok,,0.000000,0.000000,174.060100
val_000958,bicycle,robust_no_color_seed,ok,,0.279339,0.436693,173.917200
val_000959,car,robust_no_color_seed,ok,,0.751762,0.858292,120.465000
val_000960,dog,robust_no_color_seed,ok,,0.727461,0.842232,177.105900
val_000961,bottle,robust_no_color_seed,ok,,0.580305,0.734421,154.086900
val_000962,cow,robust_no_color_seed,ok,,0.776700,0.874317,203.181800
val_000963,bird,robust_no_color_seed,ok,,0.000000,0.000000,207.548300
val_000964,person,robust_no_color_seed,ok,,0.531397,0.694003,178.597300
val_000965,cat,robust_no_color_seed,ok,,0.674089,0.805321,188.637800
val_000966,person,robust_no_color_seed,ok,,0.466987,0.636661,147.432100
val_000967,aeroplane,robust_no_color_seed,ok,,0.257645,0.409726,168.880500
val_000968,bus,robust_no_color_seed,ok,,0.611373,0.758823,185.223800
val_000969,aeroplane,robust_no_color_seed,ok,,0.531081,0.693733,192.897200
val_000970,car,robust_no_color_seed,ok,,0.377301,0.547884,186.637600
val_000971,pottedplant,robust_no_color_seed,ok,,0.725322,0.840796,202.568800
val_000972,horse,robust_no_color_seed,ok,,0.723414,0.839513,165.480800
val_000973,boat,robust_no_color_seed,ok,,0.000000,0.000000,117.324600
val_000974,bus,robust_no_color_seed,ok,,0.713145,0.832557,124.066400
val_000975,cat,robust_no_color_seed,ok,,0.503625,0.669881,173.410400
val_000976,cat,robust_no_color_seed,ok,,0.623096,0.767787,86.864800
val_000977,person,robust_no_color_seed,ok,,0.439575,0.610701,189.635900
val_000978,train,robust_no_color_seed,ok,,0.480900,0.649470,171.411900
val_000979,dog,robust_no_color_seed,ok,,0.636060,0.777551,202.259000
val_000980,bird,robust_no_color_seed,ok,,0.012325,0.024350,195.749900
val_000981,bird,robust_no_color_seed,ok,,0.657185,0.793134,206.549400
val_000982,horse,robust_no_color_seed,ok,,0.507535,0.673331,163.472200
val_000983,dog,robust_no_color_seed,ok,,0.573945,0.729307,200.039300
val_000984,boat,robust_no_color_seed,ok,,0.418160,0.589721,198.923900
val_000985,cow,robust_no_color_seed,ok,,0.731811,0.845139,200.727600
val_000986,bird,robust_no_color_seed,ok,,0.000000,0.000000,189.489400
val_000987,motorbike,robust_no_color_seed,ok,,0.000000,0.000000,166.981900
val_000988,cat,robust_no_color_seed,ok,,0.551940,0.711291,173.735200
val_000989,car,robust_no_color_seed,ok,,0.483564,0.651895,191.075600
val_000990,bird,robust_no_color_seed,ok,,0.489060,0.656871,187.245200
val_000991,cow,robust_no_color_seed,ok,,0.591038,0.742959,164.684700
val_000992,cow,robust_no_color_seed,ok,,0.593663,0.745030,170.504200
val_000993,sheep,robust_no_color_seed,ok,,0.648256,0.786596,200.746600
val_000994,bird,robust_no_color_seed,ok,,0.467118,0.636784,160.169100
val_000995,aeroplane,robust_no_color_seed,ok,,0.577950,0.732533,196.865600
val_000996,aeroplane,robust_no_color_seed,ok,,0.447116,0.617941,161.202600
val_000997,boat,robust_no_color_seed,ok,,0.425292,0.596779,191.013200
val_000998,bird,robust_no_color_seed,ok,,0.699703,0.823324,201.238400
val_000999,bird,robust_no_color_seed,ok,,0.388376,0.559468,224.441100
val_001000,cat,robust_no_color_seed,ok,,0.748202,0.855968,197.093000
val_001001,sheep,robust_no_color_seed,ok,,0.370016,0.540163,160.487200
val_001002,train,robust_no_color_seed,ok,,0.450602,0.621262,176.366700
val_001003,dog,robust_no_color_seed,ok,,0.855811,0.922304,190.557200
val_001004,sofa,robust_no_color_seed,ok,,0.636146,0.777615,188.070800
val_001005,train,robust_no_color_seed,ok,,0.242149,0.389887,180.023500
val_001006,aeroplane,robust_no_color_seed,ok,,0.894389,0.944251,162.696500
val_001007,bus,robust_no_color_seed,ok,,0.782561,0.878019,171.324200
val_001008,bicycle,robust_no_color_seed,ok,,0.191655,0.321662,184.885800
val_001009,motorbike,robust_no_color_seed,ok,,0.372459,0.542761,181.279500
val_001010,sheep,robust_no_color_seed,ok,,0.528186,0.691258,189.910600
val_001011,dog,robust_no_color_seed,ok,,0.649713,0.787668,203.038500
val_001012,cat,robust_no_color_seed,ok,,0.509638,0.675179,207.965800
val_001013,motorbike,robust_no_color_seed,ok,,0.111274,0.200264,175.190500
val_001014,sofa,robust_no_color_seed,ok,,0.186765,0.314747,187.670500
val_001015,cat,robust_no_color_seed,ok,,0.742136,0.851984,205.659300
val_001016,cat,robust_no_color_seed,ok,,0.566433,0.723214,161.935800
val_001017,person,robust_no_color_seed,ok,,0.446578,0.617427,214.348200
val_001018,dog,robust_no_color_seed,ok,,0.439900,0.611014,71.524200
val_001019,bus,robust_no_color_seed,ok,,0.758805,0.862864,178.337500
val_001020,aeroplane,robust_no_color_seed,ok,,0.682948,0.811609,179.492800
val_001021,horse,robust_no_color_seed,ok,,0.650713,0.788402,109.673300
val_001022,sheep,robust_no_color_seed,ok,,0.470781,0.640178,203.177300
val_001023,cat,robust_no_color_seed,ok,,0.000000,0.000000,204.248900
val_001024,motorbike,robust_no_color_seed,ok,,0.676790,0.807245,181.056100
val_001025,sheep,robust_no_color_seed,ok,,0.608342,0.756483,203.083800
val_001026,person,robust_no_color_seed,ok,,0.087544,0.160993,196.565200
val_001027,sheep,robust_no_color_seed,ok,,0.535749,0.697704,203.687000
val_001028,diningtable,robust_no_color_seed,ok,,0.613354,0.760346,205.030500
val_001029,bus,robust_no_color_seed,ok,,0.661614,0.796351,157.415100
val_001030,cat,robust_no_color_seed,ok,,0.739919,0.850521,198.408600
val_001031,cow,robust_no_color_seed,ok,,0.380431,0.551177,157.938500
val_001032,person,robust_no_color_seed,ok,,0.640527,0.780880,213.137600
val_001033,train,robust_no_color_seed,ok,,0.100994,0.183460,199.067000
val_001034,tvmonitor,robust_no_color_seed,ok,,0.737143,0.848684,174.028200
val_001035,person,robust_no_color_seed,ok,,0.283331,0.441555,207.016300
val_001036,dog,robust_no_color_seed,ok,,0.342282,0.510000,174.839500
val_001037,pottedplant,robust_no_color_seed,ok,,0.403206,0.574693,198.721100
val_001038,bird,robust_no_color_seed,ok,,0.000000,0.000000,217.982600
val_001039,bottle,robust_no_color_seed,ok,,0.310558,0.473933,203.515800
val_001040,diningtable,robust_no_color_seed,ok,,0.260484,0.413308,199.719200
val_001041,dog,robust_no_color_seed,ok,,0.476727,0.645654,198.722900
val_001042,cat,robust_no_color_seed,ok,,0.614330,0.761096,168.402800
val_001043,train,robust_no_color_seed,ok,,0.163693,0.281333,160.965100
val_001044,dog,robust_no_color_seed,ok,,0.800814,0.889391,175.162600
val_001045,sofa,robust_no_color_seed,ok,,0.809371,0.894644,161.414200
val_001046,car,robust_no_color_seed,ok,,0.000000,0.000000,175.560500
val_001047,bird,robust_no_color_seed,ok,,0.708092,0.829103,203.828800
val_001048,person,robust_no_color_seed,ok,,0.275013,0.431389,202.346700
val_001049,cat,robust_no_color_seed,ok,,0.779873,0.876324,201.471200
val_001050,bicycle,robust_no_color_seed,ok,,0.155242,0.268761,181.100100
val_001051,sheep,robust_no_color_seed,ok,,0.115567,0.207190,180.725100
val_001052,sofa,robust_no_color_seed,ok,,0.668190,0.801096,209.510900
val_001053,bird,robust_no_color_seed,ok,,0.429854,0.601256,204.757800
val_001054,cat,robust_no_color_seed,ok,,0.454023,0.624506,203.635400
val_001055,aeroplane,robust_no_color_seed,ok,,0.642584,0.782406,158.316400
val_001056,boat,robust_no_color_seed,ok,,0.221100,0.362133,174.405000
val_001057,horse,robust_no_color_seed,ok,,0.653028,0.790099,206.651000
val_001058,aeroplane,robust_no_color_seed,ok,,0.153500,0.266147,194.409700
val_001059,dog,robust_no_color_seed,ok,,0.766920,0.868087,184.838800
val_001060,sheep,robust_no_color_seed,ok,,0.755874,0.860966,202.984800
val_001061,motorbike,robust_no_color_seed,ok,,0.509087,0.674696,199.672400
val_001062,motorbike,robust_no_color_seed,ok,,0.711375,0.831349,189.668100
val_001063,cat,robust_no_color_seed,ok,,0.646237,0.785108,195.097600
val_001064,aeroplane,robust_no_color_seed,ok,,0.509960,0.675462,196.036900
val_001065,chair,robust_no_color_seed,ok,,0.300344,0.461946,189.371200
val_001066,cat,robust_no_color_seed,ok,,0.759955,0.863607,189.084500
val_001067,car,robust_no_color_seed,ok,,0.557998,0.716301,192.067400
val_001068,cow,robust_no_color_seed,ok,,0.380741,0.551503,199.785400
val_001069,motorbike,robust_no_color_seed,ok,,0.324999,0.490565,171.475900
val_001070,cat,robust_no_color_seed,ok,,0.327561,0.493478,200.168400
val_001071,bird,robust_no_color_seed,ok,,0.218922,0.359206,217.322000
val_001072,dog,robust_no_color_seed,ok,,0.486510,0.654567,207.128500
val_001073,cat,robust_no_color_seed,ok,,0.502795,0.669147,169.371800
val_001074,sofa,robust_no_color_seed,ok,,0.121718,0.217021,199.735500
val_001075,bicycle,robust_no_color_seed,ok,,0.130811,0.231359,222.381800
val_001076,chair,robust_no_color_seed,ok,,0.000000,0.000000,230.995200
val_001077,bus,robust_no_color_seed,ok,,0.522445,0.686323,173.044500
val_001078,person,robust_no_color_seed,ok,,0.691198,0.817406,200.160000
val_001079,train,robust_no_color_seed,ok,,0.416394,0.587963,190.640400
val_001080,horse,robust_no_color_seed,ok,,0.446812,0.617651,181.650900
val_001081,chair,robust_no_color_seed,ok,,0.405068,0.576582,191.216700
val_001082,cow,robust_no_color_seed,ok,,0.000000,0.000000,204.226400
val_001083,person,robust_no_color_seed,ok,,0.651143,0.788718,179.035500
val_001084,person,robust_no_color_seed,ok,,0.615766,0.762197,171.370600
val_001085,bus,robust_no_color_seed,ok,,0.337749,0.504951,200.862600
val_001086,cat,robust_no_color_seed,ok,,0.805414,0.892221,231.818900
val_001087,car,robust_no_color_seed,ok,,0.328120,0.494112,172.745900
val_001088,chair,robust_no_color_seed,ok,,0.471708,0.641035,204.743800
val_001089,car,robust_no_color_seed,ok,,0.734773,0.847111,169.597100
val_001090,aeroplane,robust_no_color_seed,ok,,0.552584,0.711825,91.305100
val_001091,car,robust_no_color_seed,ok,,0.476016,0.645001,184.235300
val_001092,person,robust_no_color_seed,ok,,0.313541,0.477398,202.098500
val_001093,dog,robust_no_color_seed,ok,,0.716899,0.835109,170.034200
val_001094,pottedplant,robust_no_color_seed,ok,,0.398887,0.570292,201.318400
val_001095,aeroplane,robust_no_color_seed,ok,,0.390904,0.562087,192.875400
val_001096,aeroplane,robust_no_color_seed,ok,,0.607232,0.755624,166.480000
val_001097,bird,robust_no_color_seed,ok,,0.483588,0.651917,182.066300
val_001098,cow,robust_no_color_seed,ok,,0.108836,0.196307,199.920900
val_001099,dog,robust_no_color_seed,ok,,0.491103,0.658711,181.112300
val_001100,motorbike,robust_no_color_seed,ok,,0.621040,0.766224,201.123800
val_001101,car,robust_no_color_seed,ok,,0.627049,0.770781,268.089900
val_001102,cow,robust_no_color_seed,ok,,0.404231,0.575733,184.584000
val_001103,cat,robust_no_color_seed,ok,,0.423054,0.594572,249.134900
val_001104,car,robust_no_color_seed,ok,,0.442521,0.613538,190.116900
val_001105,bus,robust_no_color_seed,ok,,0.348596,0.516976,175.248700
val_001106,chair,robust_no_color_seed,ok,,0.438775,0.609928,181.736500
val_001107,person,robust_no_color_seed,ok,,0.731156,0.844703,201.192400
val_001108,bird,robust_no_color_seed,ok,,0.625204,0.769385,201.536100
val_001109,aeroplane,robust_no_color_seed,ok,,0.438481,0.609645,148.627100
val_001110,car,robust_no_color_seed,ok,,0.490947,0.658570,154.156500
val_001111,cat,robust_no_color_seed,ok,,0.834444,0.909751,184.498900
val_001112,person,robust_no_color_seed,ok,,0.220439,0.361245,186.367700
val_001113,bird,robust_no_color_seed,ok,,0.685034,0.813080,185.321600
val_001114,car,robust_no_color_seed,ok,,0.081636,0.150949,193.173600
val_001115,car,robust_no_color_seed,ok,,0.522756,0.686592,165.494200
val_001116,cat,robust_no_color_seed,ok,,0.194761,0.326025,200.725300
val_001117,bird,robust_no_color_seed,ok,,0.373030,0.543368,186.318300
val_001118,aeroplane,robust_no_color_seed,ok,,0.739391,0.850172,165.266000
val_001119,dog,robust_no_color_seed,ok,,0.655962,0.792243,205.044000
val_001120,train,robust_no_color_seed,ok,,0.463296,0.633223,196.820300
val_001121,diningtable,robust_no_color_seed,ok,,0.558402,0.716634,206.111900
val_001122,horse,robust_no_color_seed,ok,,0.763572,0.865938,199.430200
val_001123,sheep,robust_no_color_seed,ok,,0.746347,0.854752,176.841400
val_001124,boat,robust_no_color_seed,ok,,0.220522,0.361356,219.861400
val_001125,diningtable,robust_no_color_seed,ok,,0.719957,0.837180,203.551600
val_001126,cat,robust_no_color_seed,ok,,0.331863,0.498344,182.853900
val_001127,train,robust_no_color_seed,ok,,0.000000,0.000000,206.619600
val_001128,aeroplane,robust_no_color_seed,ok,,0.629242,0.772435,178.645600
val_001129,dog,robust_no_color_seed,ok,,0.680211,0.809673,201.876200
val_001130,cat,robust_no_color_seed,ok,,0.564726,0.721821,177.610500
val_001131,cat,robust_no_color_seed,ok,,0.633824,0.775878,181.274600
val_001132,car,robust_no_color_seed,ok,,0.104918,0.189911,142.914000
val_001133,bird,robust_no_color_seed,ok,,0.740652,0.851006,203.240900
val_001134,bus,robust_no_color_seed,ok,,0.576054,0.731008,201.062900
val_001135,cat,robust_no_color_seed,ok,,0.750775,0.857649,205.073400
val_001136,car,robust_no_color_seed,ok,,0.757891,0.862273,200.996600
val_001137,bird,robust_no_color_seed,ok,,0.670952,0.803078,125.771800
val_001138,car,robust_no_color_seed,ok,,0.011348,0.022441,175.521900
val_001139,bicycle,robust_no_color_seed,ok,,0.301690,0.463535,226.710200
val_001140,aeroplane,robust_no_color_seed,ok,,0.537301,0.699019,217.960500
val_001141,motorbike,robust_no_color_seed,ok,,0.411037,0.582603,176.218500
val_001142,train,robust_no_color_seed,ok,,0.636162,0.777627,205.083100
val_001143,diningtable,robust_no_color_seed,ok,,0.470489,0.639908,219.138800
val_001144,boat,robust_no_color_seed,ok,,0.139950,0.245537,199.040300
val_001145,motorbike,robust_no_color_seed,ok,,0.495150,0.662341,182.383600
val_001146,bottle,robust_no_color_seed,ok,,0.547482,0.707578,182.742800
val_001147,aeroplane,robust_no_color_seed,ok,,0.558401,0.716634,193.827300
val_001148,cat,robust_no_color_seed,ok,,0.655903,0.792200,168.069900
val_001149,cat,robust_no_color_seed,ok,,0.443663,0.614636,190.948400
val_001150,train,robust_no_color_seed,ok,,0.283882,0.442224,175.574700
val_001151,person,robust_no_color_seed,ok,,0.584158,0.737500,170.964400
val_001152,boat,robust_no_color_seed,ok,,0.637354,0.778517,201.848500
val_001153,motorbike,robust_no_color_seed,ok,,0.586113,0.739056,197.830600
val_001154,sheep,robust_no_color_seed,ok,,0.478451,0.647233,211.399900
val_001155,aeroplane,robust_no_color_seed,ok,,0.473589,0.642770,203.222900
val_001156,cat,robust_no_color_seed,ok,,0.537004,0.698767,168.912900
val_001157,cow,robust_no_color_seed,ok,,0.744251,0.853376,200.615300
val_001158,person,robust_no_color_seed,ok,,0.000000,0.000000,195.413600
val_001159,bus,robust_no_color_seed,ok,,0.764244,0.866370,146.532600
val_001160,motorbike,robust_no_color_seed,ok,,0.638421,0.779313,201.743300
val_001161,cat,robust_no_color_seed,ok,,0.686204,0.813904,193.764200
val_001162,pottedplant,robust_no_color_seed,ok,,0.778703,0.875585,201.927200
val_001163,aeroplane,robust_no_color_seed,ok,,0.503141,0.669453,190.790700
val_001164,person,robust_no_color_seed,ok,,0.244987,0.393558,173.491600
val_001165,person,robust_no_color_seed,ok,,0.476833,0.645750,181.198200
val_001166,person,robust_no_color_seed,ok,,0.528576,0.691593,201.695300
val_001167,horse,robust_no_color_seed,ok,,0.532553,0.694988,203.175800
val_001168,bottle,robust_no_color_seed,ok,,0.794150,0.885266,168.854900
val_001169,bottle,robust_no_color_seed,ok,,0.509270,0.674856,170.459700
val_001170,chair,robust_no_color_seed,ok,,0.000000,0.000000,202.589800
val_001171,dog,robust_no_color_seed,ok,,0.596472,0.747238,244.004000
val_001172,bottle,robust_no_color_seed,ok,,0.751519,0.858134,180.147100
val_001173,bird,robust_no_color_seed,ok,,0.659057,0.794496,142.282300
val_001174,bird,robust_no_color_seed,ok,,0.823019,0.902919,188.944900
val_001175,dog,robust_no_color_seed,ok,,0.461809,0.631833,200.391500
val_001176,cow,robust_no_color_seed,ok,,0.491576,0.659136,208.127600
val_001177,boat,robust_no_color_seed,ok,,0.375050,0.545508,193.530100
val_001178,person,robust_no_color_seed,ok,,0.530623,0.693342,174.545600
val_001179,sofa,robust_no_color_seed,ok,,0.472491,0.641757,201.978600
val_001180,chair,robust_no_color_seed,ok,,0.317180,0.481605,199.423000
val_001181,boat,robust_no_color_seed,ok,,0.551309,0.710766,166.306000
val_001182,sofa,robust_no_color_seed,ok,,0.370013,0.540159,204.457700
val_001183,cow,robust_no_color_seed,ok,,0.712018,0.831788,202.571400
val_001184,dog,robust_no_color_seed,ok,,0.376239,0.546764,193.772400
val_001185,cat,robust_no_color_seed,ok,,0.762620,0.865326,198.887700
val_001186,chair,robust_no_color_seed,ok,,0.585580,0.738632,207.406400
val_001187,person,robust_no_color_seed,ok,,0.106909,0.193168,206.038100
val_001188,horse,robust_no_color_seed,ok,,0.591876,0.743621,175.141400
val_001189,tvmonitor,robust_no_color_seed,ok,,0.547458,0.707558,196.764900
val_001190,cat,robust_no_color_seed,ok,,0.478047,0.646863,170.177700
val_001191,motorbike,robust_no_color_seed,ok,,0.549677,0.709409,178.739900
val_001192,car,robust_no_color_seed,ok,,0.431688,0.603048,197.346000
val_001193,train,robust_no_color_seed,ok,,0.004663,0.009283,192.222100
val_001194,train,robust_no_color_seed,ok,,0.590616,0.742625,167.965600
val_001195,bird,robust_no_color_seed,ok,,0.693562,0.819057,195.384200
val_001196,car,robust_no_color_seed,ok,,0.275116,0.431515,143.090800
val_001197,cat,robust_no_color_seed,ok,,0.741121,0.851315,189.203300
val_001198,person,robust_no_color_seed,ok,,0.638595,0.779442,193.654000
val_001199,bus,robust_no_color_seed,ok,,0.517143,0.681733,198.664500
val_001200,cat,robust_no_color_seed,ok,,0.636018,0.777519,165.097600
val_001201,bus,robust_no_color_seed,ok,,0.313052,0.476831,215.888300
val_001202,dog,robust_no_color_seed,ok,,0.449275,0.619999,204.350200
val_001203,motorbike,robust_no_color_seed,ok,,0.463735,0.633633,184.235400
val_001204,cow,robust_no_color_seed,ok,,0.509266,0.674852,144.381000
val_001205,horse,robust_no_color_seed,ok,,0.471836,0.641153,193.816900
val_001206,sofa,robust_no_color_seed,ok,,0.400951,0.572398,196.437900
val_001207,pottedplant,robust_no_color_seed,ok,,0.000000,0.000000,111.187000
val_001208,dog,robust_no_color_seed,ok,,0.653502,0.790446,201.722800
val_001209,person,robust_no_color_seed,ok,,0.000000,0.000000,198.787400
val_001210,motorbike,robust_no_color_seed,ok,,0.496720,0.663745,195.774400
val_001211,bus,robust_no_color_seed,ok,,0.320557,0.485488,162.496800
val_001212,tvmonitor,robust_no_color_seed,ok,,0.000000,0.000000,162.482800
val_001213,cat,robust_no_color_seed,ok,,0.760664,0.864065,204.134600
val_001214,bird,robust_no_color_seed,ok,,0.352663,0.521435,179.929400
val_001215,motorbike,robust_no_color_seed,ok,,0.151721,0.263468,189.062600
val_001216,boat,robust_no_color_seed,ok,,0.512263,0.677478,165.208100
val_001217,cat,robust_no_color_seed,ok,,0.534453,0.696604,200.653500
val_001218,bird,robust_no_color_seed,ok,,0.668074,0.801013,162.568600
val_001219,car,robust_no_color_seed,ok,,0.713776,0.832986,185.573700
val_001220,motorbike,robust_no_color_seed,ok,,0.469142,0.638661,206.771600
val_001221,bottle,robust_no_color_seed,ok,,0.653023,0.790095,177.536100
val_001222,car,robust_no_color_seed,ok,,0.584498,0.737771,198.764200
val_001223,cat,robust_no_color_seed,ok,,0.663007,0.797359,202.183100
val_001224,bird,robust_no_color_seed,ok,,0.067689,0.126796,203.024300
val_001225,aeroplane,robust_no_color_seed,ok,,0.760646,0.864054,165.885000
val_001226,dog,robust_no_color_seed,ok,,0.521421,0.685439,191.802600
val_001227,person,robust_no_color_seed,ok,,0.705863,0.827573,168.419400
val_001228,sofa,robust_no_color_seed,ok,,0.402914,0.574396,182.986100
val_001229,diningtable,robust_no_color_seed,ok,,0.503717,0.669962,193.695700
val_001230,dog,robust_no_color_seed,ok,,0.681119,0.810316,168.156900
val_001231,bicycle,robust_no_color_seed,ok,,0.447555,0.618360,168.789800
val_001232,boat,robust_no_color_seed,ok,,0.326865,0.492688,200.901900
val_001233,train,robust_no_color_seed,ok,,0.186361,0.314172,197.369100
val_001234,person,robust_no_color_seed,ok,,0.484154,0.652431,198.483500
val_001235,aeroplane,robust_no_color_seed,ok,,0.398779,0.570181,172.330200
val_001236,sheep,robust_no_color_seed,ok,,0.765684,0.867294,163.847200
val_001237,train,robust_no_color_seed,ok,,0.684531,0.812726,193.000400
val_001238,bottle,robust_no_color_seed,ok,,0.535740,0.697696,200.663600
val_001239,sheep,robust_no_color_seed,ok,,0.623819,0.768335,174.987100
val_001240,car,robust_no_color_seed,ok,,0.412552,0.584123,176.908200
val_001241,train,robust_no_color_seed,ok,,0.219691,0.360240,194.520500
val_001242,aeroplane,robust_no_color_seed,ok,,0.758842,0.862888,190.266500
val_001243,aeroplane,robust_no_color_seed,ok,,0.506190,0.672146,191.013300
val_001244,cat,robust_no_color_seed,ok,,0.517968,0.682449,200.155800
val_001245,cow,robust_no_color_seed,ok,,0.000000,0.000000,202.303400
val_001246,person,robust_no_color_seed,ok,,0.547009,0.707182,203.262900
val_001247,dog,robust_no_color_seed,ok,,0.583247,0.736773,161.824600
val_001248,sheep,robust_no_color_seed,ok,,0.000000,0.000000,166.421500
val_001249,aeroplane,robust_no_color_seed,ok,,0.293797,0.454162,187.417600
val_001250,train,robust_no_color_seed,ok,,0.085513,0.157552,169.475800
val_001251,bicycle,robust_no_color_seed,ok,,0.143000,0.250219,192.305700
val_001252,dog,robust_no_color_seed,ok,,0.506749,0.672639,188.821200
val_001253,person,robust_no_color_seed,ok,,0.722082,0.838615,190.876200
val_001254,person,robust_no_color_seed,ok,,0.461120,0.631187,188.951200
val_001255,bottle,robust_no_color_seed,ok,,0.456051,0.626421,184.981500
val_001256,sofa,robust_no_color_seed,ok,,0.474470,0.643580,183.027400
val_001257,bird,robust_no_color_seed,ok,,0.293984,0.454386,182.438800
val_001258,sofa,robust_no_color_seed,ok,,0.680212,0.809674,170.909500
val_001259,bus,robust_no_color_seed,ok,,0.410114,0.581675,190.302400
val_001260,bird,robust_no_color_seed,ok,,0.618143,0.764015,194.674700
val_001261,chair,robust_no_color_seed,ok,,0.463232,0.633163,197.938800
val_001262,boat,robust_no_color_seed,ok,,0.417793,0.589357,165.443300
val_001263,boat,robust_no_color_seed,ok,,0.482638,0.651053,201.890100
val_001264,bus,robust_no_color_seed,ok,,0.502435,0.668828,197.406600
val_001265,bus,robust_no_color_seed,ok,,0.298714,0.460016,175.120200
val_001266,train,robust_no_color_seed,ok,,0.355465,0.524491,171.282300
val_001267,train,robust_no_color_seed,ok,,0.310940,0.474377,183.195400
val_001268,sofa,robust_no_color_seed,ok,,0.461708,0.631738,198.042100
val_001269,bus,robust_no_color_seed,ok,,0.495329,0.662501,163.570300
val_001270,diningtable,robust_no_color_seed,ok,,0.125935,0.223698,192.886800
val_001271,horse,robust_no_color_seed,ok,,0.279166,0.436481,180.055900
val_001272,bicycle,robust_no_color_seed,ok,,0.185638,0.313145,193.016800
val_001273,cat,robust_no_color_seed,ok,,0.151971,0.263845,190.936200
val_001274,boat,robust_no_color_seed,ok,,0.298368,0.459604,191.704700
val_001275,sheep,robust_no_color_seed,ok,,0.400050,0.571480,193.628600
val_001276,person,robust_no_color_seed,ok,,0.593223,0.744683,196.821100
val_001277,person,robust_no_color_seed,ok,,0.582100,0.735857,172.130500
val_001278,bird,robust_no_color_seed,ok,,0.586624,0.739462,169.971400
val_001279,person,robust_no_color_seed,ok,,0.493838,0.661167,167.343200
val_001280,aeroplane,robust_no_color_seed,ok,,0.436415,0.607645,150.317000
val_001281,bird,robust_no_color_seed,ok,,0.377456,0.548048,159.197200
val_001282,car,robust_no_color_seed,ok,,0.175012,0.297890,182.887400
val_001283,motorbike,robust_no_color_seed,ok,,0.447520,0.618326,190.933300
val_001284,train,robust_no_color_seed,ok,,0.562456,0.719964,154.925800
val_001285,horse,robust_no_color_seed,ok,,0.496696,0.663724,158.370900
val_001286,dog,robust_no_color_seed,ok,,0.461944,0.631958,181.048800
val_001287,cow,robust_no_color_seed,ok,,0.506213,0.672166,141.314000
val_001288,cow,robust_no_color_seed,ok,,0.362142,0.531725,167.074500
val_001289,person,robust_no_color_seed,ok,,0.081457,0.150642,188.972300
val_001290,diningtable,robust_no_color_seed,ok,,0.557560,0.715940,190.390300
val_001291,chair,robust_no_color_seed,ok,,0.452690,0.623244,189.151300
val_001292,motorbike,robust_no_color_seed,ok,,0.509601,0.675146,191.628500
val_001293,person,robust_no_color_seed,ok,,0.560579,0.718425,158.932800
val_001294,car,robust_no_color_seed,ok,,0.000000,0.000000,192.402500
val_001295,chair,robust_no_color_seed,ok,,0.250883,0.401129,194.231300
val_001296,bird,robust_no_color_seed,ok,,0.272727,0.428571,155.208000
val_001297,pottedplant,robust_no_color_seed,ok,,0.000000,0.000000,197.859600
val_001298,cat,robust_no_color_seed,ok,,0.662737,0.797164,189.549400
val_001299,cat,robust_no_color_seed,ok,,0.609176,0.757128,192.134200
val_001300,aeroplane,robust_no_color_seed,ok,,0.448217,0.618992,173.164800
val_001301,person,robust_no_color_seed,ok,,0.621479,0.766558,187.194600
val_001302,chair,robust_no_color_seed,ok,,0.518687,0.683073,189.609200
val_001303,bus,robust_no_color_seed,ok,,0.116272,0.208322,175.624100
val_001304,person,robust_no_color_seed,ok,,0.642616,0.782430,191.343400
val_001305,aeroplane,robust_no_color_seed,ok,,0.628525,0.771895,156.690400
val_001306,bus,robust_no_color_seed,ok,,0.670188,0.802530,195.578700
val_001307,car,robust_no_color_seed,ok,,0.658200,0.793873,185.522900
val_001308,bird,robust_no_color_seed,ok,,0.000000,0.000000,195.275800
val_001309,diningtable,robust_no_color_seed,ok,,0.083758,0.154570,204.371400
val_001310,bus,robust_no_color_seed,ok,,0.659084,0.794516,165.106600
val_001311,sofa,robust_no_color_seed,ok,,0.818746,0.900341,184.816900
val_001312,dog,robust_no_color_seed,ok,,0.772598,0.871712,189.886600
val_001313,sheep,robust_no_color_seed,ok,,0.182429,0.308567,193.382500
val_001314,cow,robust_no_color_seed,ok,,0.195250,0.326711,182.179000
val_001315,train,robust_no_color_seed,ok,,0.253193,0.404077,190.048800
val_001316,bus,robust_no_color_seed,ok,,0.384596,0.555536,198.559600
val_001317,person,robust_no_color_seed,ok,,0.522033,0.685968,191.624200
val_001318,person,robust_no_color_seed,ok,,0.382267,0.553101,111.227300
val_001319,train,robust_no_color_seed,ok,,0.000000,0.000000,173.787600
val_001320,car,robust_no_color_seed,ok,,0.200234,0.333659,170.622200
val_001321,aeroplane,robust_no_color_seed,ok,,0.560743,0.718559,165.528800
val_001322,cow,robust_no_color_seed,ok,,0.572627,0.728242,257.332300
val_001323,boat,robust_no_color_seed,ok,,0.129896,0.229926,196.732100
val_001324,car,robust_no_color_seed,ok,,0.000000,0.000000,173.313500
val_001325,cow,robust_no_color_seed,ok,,0.880964,0.936716,145.258000
val_001326,aeroplane,robust_no_color_seed,ok,,0.286064,0.444867,154.931200
val_001327,person,robust_no_color_seed,ok,,0.446430,0.617285,146.070100
val_001328,train,robust_no_color_seed,ok,,0.339378,0.506769,192.466800
val_001329,bird,robust_no_color_seed,ok,,0.840610,0.913404,181.524300
val_001330,cat,robust_no_color_seed,ok,,0.646995,0.785667,195.340200
val_001331,car,robust_no_color_seed,ok,,0.000000,0.000000,203.992900
val_001332,bus,robust_no_color_seed,ok,,0.670282,0.802597,158.848600
val_001333,person,robust_no_color_seed,ok,,0.162487,0.279551,187.638200
val_001334,sheep,robust_no_color_seed,ok,,0.623797,0.768319,197.972700
val_001335,aeroplane,robust_no_color_seed,ok,,0.667166,0.800360,172.759300
val_001336,person,robust_no_color_seed,ok,,0.472017,0.641320,183.961500
val_001337,bird,robust_no_color_seed,ok,,0.472297,0.641579,201.411300
val_001338,aeroplane,robust_no_color_seed,ok,,0.625924,0.769930,168.656800
val_001339,person,robust_no_color_seed,ok,,0.643062,0.782760,204.043300
val_001340,aeroplane,robust_no_color_seed,ok,,0.000000,0.000000,125.166800
val_001341,person,robust_no_color_seed,ok,,0.000000,0.000000,188.996600
val_001342,person,robust_no_color_seed,ok,,0.523844,0.687530,198.169700
val_001343,cat,robust_no_color_seed,ok,,0.805544,0.892301,192.115500
val_001344,cow,robust_no_color_seed,ok,,0.518823,0.683191,193.068800
val_001345,chair,robust_no_color_seed,ok,,0.464400,0.634253,171.206100
val_001346,boat,robust_no_color_seed,ok,,0.293865,0.454244,172.934100
val_001347,cat,robust_no_color_seed,ok,,0.550969,0.710483,159.818900
val_001348,sofa,robust_no_color_seed,ok,,0.088735,0.163005,190.729800
val_001349,cat,robust_no_color_seed,ok,,0.807483,0.893489,169.113500
val_001350,boat,robust_no_color_seed,ok,,0.242294,0.390075,164.479400
val_001351,train,robust_no_color_seed,ok,,0.749321,0.856699,157.891300
val_001352,person,robust_no_color_seed,ok,,0.443793,0.614760,190.741300
val_001353,aeroplane,robust_no_color_seed,ok,,0.191907,0.322016,193.422200
val_001354,dog,robust_no_color_seed,ok,,0.788507,0.881749,196.202200
val_001355,diningtable,robust_no_color_seed,ok,,0.027495,0.053519,169.811100
val_001356,car,robust_no_color_seed,ok,,0.000000,0.000000,205.533700
val_001357,person,robust_no_color_seed,ok,,0.633625,0.775729,243.352900
val_001358,cow,robust_no_color_seed,ok,,0.656617,0.792720,182.360400
val_001359,sofa,robust_no_color_seed,ok,,0.680561,0.809922,181.209400
val_001360,person,robust_no_color_seed,ok,,0.242100,0.389824,197.415000
val_001361,horse,robust_no_color_seed,ok,,0.342894,0.510679,66.489600
val_001362,tvmonitor,robust_no_color_seed,ok,,0.359519,0.528891,185.654000
val_001363,dog,robust_no_color_seed,ok,,0.246894,0.396014,165.876900
val_001364,bus,robust_no_color_seed,ok,,0.000000,0.000000,171.035100
val_001365,cat,robust_no_color_seed,ok,,0.383263,0.554143,195.566400
val_001366,cow,robust_no_color_seed,ok,,0.486972,0.654985,206.215100
val_001367,boat,robust_no_color_seed,ok,,0.481551,0.650063,185.908700
val_001368,person,robust_no_color_seed,ok,,0.640096,0.780559,193.249100
val_001369,chair,robust_no_color_seed,ok,,0.348594,0.516974,192.651800
val_001370,sofa,robust_no_color_seed,ok,,0.329019,0.495130,188.604400
val_001371,pottedplant,robust_no_color_seed,ok,,0.594315,0.745543,195.324100
val_001372,dog,robust_no_color_seed,ok,,0.406845,0.578379,174.469200
val_001373,aeroplane,robust_no_color_seed,ok,,0.574817,0.730011,188.261100
val_001374,tvmonitor,robust_no_color_seed,ok,,0.311973,0.475579,232.501200
val_001375,dog,robust_no_color_seed,ok,,0.483707,0.652025,191.237500
val_001376,person,robust_no_color_seed,ok,,0.197293,0.329565,195.566500
val_001377,person,robust_no_color_seed,ok,,0.332151,0.498669,202.948300
val_001378,dog,robust_no_color_seed,ok,,0.780325,0.876610,250.699400
val_001379,chair,robust_no_color_seed,ok,,0.682503,0.811295,170.622900
val_001380,car,robust_no_color_seed,ok,,0.212720,0.350814,191.945700
val_001381,person,robust_no_color_seed,ok,,0.510710,0.676120,194.283300
val_001382,dog,robust_no_color_seed,ok,,0.624768,0.769055,199.361600
val_001383,dog,robust_no_color_seed,ok,,0.673979,0.805242,183.320300
val_001384,dog,robust_no_color_seed,ok,,0.424807,0.596301,174.817100
val_001385,sofa,robust_no_color_seed,ok,,0.362683,0.532307,202.257100
val_001386,bicycle,robust_no_color_seed,ok,,0.000000,0.000000,208.558800
val_001387,dog,robust_no_color_seed,ok,,0.521514,0.685520,193.023400
val_001388,sheep,robust_no_color_seed,ok,,0.569643,0.725825,196.442900
val_001389,diningtable,robust_no_color_seed,ok,,0.316594,0.480928,206.882600
val_001390,bicycle,robust_no_color_seed,ok,,0.000000,0.000000,190.587300
val_001391,person,robust_no_color_seed,ok,,0.000000,0.000000,195.952100
val_001392,train,robust_no_color_seed,ok,,0.686466,0.814088,169.719700
val_001393,dog,robust_no_color_seed,ok,,0.767650,0.868554,204.990700
val_001394,bird,robust_no_color_seed,ok,,0.428513,0.599943,191.605300
val_001395,dog,robust_no_color_seed,ok,,0.458411,0.628645,202.060400
val_001396,person,robust_no_color_seed,ok,,0.008035,0.015943,199.181000
val_001397,person,robust_no_color_seed,ok,,0.638019,0.779013,201.046600
val_001398,car,robust_no_color_seed,ok,,0.562084,0.719659,198.186700
val_001399,aeroplane,robust_no_color_seed,ok,,0.466547,0.636252,162.581500
val_001400,person,robust_no_color_seed,ok,,0.785024,0.879567,211.768000
val_001401,diningtable,robust_no_color_seed,ok,,0.675048,0.806005,190.282600
val_001402,dog,robust_no_color_seed,ok,,0.669063,0.801723,179.971400
val_001403,train,robust_no_color_seed,ok,,0.499497,0.666220,199.361100
val_001404,sofa,robust_no_color_seed,ok,,0.129684,0.229593,203.201800
val_001405,person,robust_no_color_seed,ok,,0.344807,0.512798,198.555400
val_001406,person,robust_no_color_seed,ok,,0.475354,0.644393,200.416600
val_001407,aeroplane,robust_no_color_seed,ok,,0.514292,0.679250,171.685400
val_001408,tvmonitor,robust_no_color_seed,ok,,0.660906,0.795838,194.989300
val_001409,train,robust_no_color_seed,ok,,0.200202,0.333613,183.728700
val_001410,bird,robust_no_color_seed,ok,,0.000000,0.000000,191.221600
val_001411,person,robust_no_color_seed,ok,,0.342572,0.510322,208.722600
val_001412,person,robust_no_color_seed,ok,,0.762489,0.865241,188.769500
val_001413,dog,robust_no_color_seed,ok,,0.286844,0.445810,203.536600
val_001414,car,robust_no_color_seed,ok,,0.575688,0.730713,193.888000
val_001415,person,robust_no_color_seed,ok,,0.591724,0.743500,164.606800
val_001416,person,robust_no_color_seed,ok,,0.475627,0.644644,93.842100
val_001417,sofa,robust_no_color_seed,ok,,0.526109,0.689478,187.482700
val_001418,sheep,robust_no_color_seed,ok,,0.000000,0.000000,181.229700
val_001419,aeroplane,robust_no_color_seed,ok,,0.261117,0.414105,200.723500
val_001420,cat,robust_no_color_seed,ok,,0.306136,0.468766,190.983900
val_001421,bicycle,robust_no_color_seed,ok,,0.278703,0.435916,199.730800
val_001422,horse,robust_no_color_seed,ok,,0.000000,0.000000,183.646200
val_001423,boat,robust_no_color_seed,ok,,0.655016,0.791552,122.156500
val_001424,car,robust_no_color_seed,ok,,0.339352,0.506741,86.213400
val_001425,bottle,robust_no_color_seed,ok,,0.090645,0.166222,271.886700
val_001426,tvmonitor,robust_no_color_seed,ok,,0.540747,0.701928,175.867400
val_001427,cow,robust_no_color_seed,ok,,0.697283,0.821646,182.177500
val_001428,aeroplane,robust_no_color_seed,ok,,0.591691,0.743475,168.198200
val_001429,horse,robust_no_color_seed,ok,,0.000000,0.000000,204.202500
val_001430,boat,robust_no_color_seed,ok,,0.476970,0.645876,192.990600
val_001431,aeroplane,robust_no_color_seed,ok,,0.000000,0.000000,156.914800
val_001432,person,robust_no_color_seed,ok,,0.564374,0.721534,191.161600
val_001433,bicycle,robust_no_color_seed,ok,,0.326206,0.491939,192.766600
val_001434,chair,robust_no_color_seed,ok,,0.282807,0.440919,164.717400
val_001435,cow,robust_no_color_seed,ok,,0.355570,0.524605,174.640200
val_001436,bird,robust_no_color_seed,ok,,0.691022,0.817283,158.919900
val_001437,car,robust_no_color_seed,ok,,0.316211,0.480487,176.133700
val_001438,horse,robust_no_color_seed,ok,,0.000000,0.000000,170.916900
val_001439,chair,robust_no_color_seed,ok,,0.532324,0.694793,180.039400
val_001440,bus,robust_no_color_seed,ok,,0.574906,0.730083,177.004100
val_001441,bird,robust_no_color_seed,ok,,0.799216,0.888405,180.889700
val_001442,train,robust_no_color_seed,ok,,0.729667,0.843708,158.775500
val_001443,sofa,robust_no_color_seed,ok,,0.017520,0.034436,164.668700
val_001444,train,robust_no_color_seed,ok,,0.760610,0.864030,201.908200
val_001445,pottedplant,robust_no_color_seed,ok,,0.000000,0.000000,162.005200
val_001446,person,robust_no_color_seed,ok,,0.356509,0.525627,149.435700
val_001447,sofa,robust_no_color_seed,ok,,0.397212,0.568578,158.041100
val_001448,bottle,robust_no_color_seed,ok,,0.400107,0.571538,238.543200
val_000000,aeroplane,robust_no_spatial_prior,ok,,0.433684,0.604993,193.105500
val_000001,train,robust_no_spatial_prior,ok,,0.663682,0.797847,168.405100
val_000002,boat,robust_no_spatial_prior,ok,,0.269366,0.424410,172.802300
val_000003,train,robust_no_spatial_prior,ok,,0.569240,0.725498,192.252200
val_000004,person,robust_no_spatial_prior,ok,,0.396969,0.568329,191.667200
val_000005,sheep,robust_no_spatial_prior,ok,,0.605832,0.754540,167.773100
val_000006,tvmonitor,robust_no_spatial_prior,ok,,0.523036,0.686833,197.461700
val_000007,person,robust_no_spatial_prior,ok,,0.338315,0.505583,192.950000
val_000008,horse,robust_no_spatial_prior,ok,,0.445133,0.616045,193.252400
val_000009,person,robust_no_spatial_prior,ok,,0.825239,0.904253,191.997200
val_000010,sofa,robust_no_spatial_prior,ok,,0.554925,0.713765,199.457800
val_000011,cow,robust_no_spatial_prior,ok,,0.834583,0.909834,197.291800
val_000012,cow,robust_no_spatial_prior,ok,,0.595955,0.746832,179.538900
val_000013,boat,robust_no_spatial_prior,ok,,0.731019,0.844611,185.774000
val_000014,tvmonitor,robust_no_spatial_prior,ok,,0.755297,0.860592,195.097200
val_000015,bicycle,robust_no_spatial_prior,ok,,0.186586,0.314493,177.550800
val_000016,train,robust_no_spatial_prior,ok,,0.840613,0.913406,130.240900
val_000017,train,robust_no_spatial_prior,ok,,0.140610,0.246552,169.716400
val_000018,sofa,robust_no_spatial_prior,ok,,0.672573,0.804238,194.967500
val_000019,bus,robust_no_spatial_prior,ok,,0.784613,0.879309,224.447900
val_000020,sheep,robust_no_spatial_prior,ok,,0.723601,0.839639,223.717100
val_000021,bus,robust_no_spatial_prior,ok,,0.642317,0.782209,199.704100
val_000022,diningtable,robust_no_spatial_prior,ok,,0.761024,0.864297,197.327400
val_000023,horse,robust_no_spatial_prior,ok,,0.569655,0.725835,227.191900
val_000024,horse,robust_no_spatial_prior,ok,,0.353975,0.522868,253.462600
val_000025,sofa,robust_no_spatial_prior,ok,,0.561655,0.719308,176.133100
val_000026,diningtable,robust_no_spatial_prior,ok,,0.192583,0.322968,189.389800
val_000027,boat,robust_no_spatial_prior,ok,,0.806858,0.893106,141.663400
val_000028,diningtable,robust_no_spatial_prior,ok,,0.900095,0.947421,214.474400
val_000029,boat,robust_no_spatial_prior,ok,,0.883212,0.937984,196.620800
val_000030,sheep,robust_no_spatial_prior,ok,,0.565578,0.722516,187.651100
val_000031,person,robust_no_spatial_prior,ok,,0.919824,0.958238,199.969500
val_000032,sofa,robust_no_spatial_prior,ok,,0.901711,0.948315,199.599500
val_000033,person,robust_no_spatial_prior,ok,,0.345810,0.513906,200.292500
val_000034,dog,robust_no_spatial_prior,ok,,0.806588,0.892941,192.597700
val_000035,person,robust_no_spatial_prior,ok,,0.392004,0.563222,196.641900
val_000036,aeroplane,robust_no_spatial_prior,ok,,0.204223,0.339178,175.624800
val_000037,bird,robust_no_spatial_prior,ok,,0.834134,0.909567,160.201000
val_000038,cow,robust_no_spatial_prior,ok,,0.486831,0.654857,218.404700
val_000039,person,robust_no_spatial_prior,ok,,0.414473,0.586046,172.274300
val_000040,car,robust_no_spatial_prior,ok,,0.898718,0.946658,163.560800
val_000041,aeroplane,robust_no_spatial_prior,ok,,0.315493,0.479657,202.931800
val_000042,person,robust_no_spatial_prior,ok,,0.205437,0.340851,173.332800
val_000043,person,robust_no_spatial_prior,ok,,0.472415,0.641687,160.742600
val_000044,person,robust_no_spatial_prior,ok,,0.671052,0.803149,194.460000
val_000045,sofa,robust_no_spatial_prior,ok,,0.802924,0.890691,199.388400
val_000046,sofa,robust_no_spatial_prior,ok,,0.786857,0.880716,165.596000
val_000047,person,robust_no_spatial_prior,ok,,0.823388,0.903141,160.940700
val_000048,aeroplane,robust_no_spatial_prior,ok,,0.192369,0.322667,167.531900
val_000049,person,robust_no_spatial_prior,ok,,0.574762,0.729967,229.965400
val_000050,horse,robust_no_spatial_prior,ok,,0.392885,0.564131,203.590400
val_000051,bicycle,robust_no_spatial_prior,ok,,0.274811,0.431140,200.209900
val_000052,person,robust_no_spatial_prior,ok,,0.389930,0.561079,175.841400
val_000053,person,robust_no_spatial_prior,ok,,0.669070,0.801728,204.251000
val_000054,diningtable,robust_no_spatial_prior,ok,,0.393749,0.565022,187.654600
val_000055,person,robust_no_spatial_prior,ok,,0.468129,0.637722,169.199100
val_000056,person,robust_no_spatial_prior,ok,,0.747817,0.855716,229.152800
val_000057,sheep,robust_no_spatial_prior,ok,,0.632768,0.775087,256.965900
val_000058,aeroplane,robust_no_spatial_prior,ok,,0.648393,0.786697,161.934600
val_000059,dog,robust_no_spatial_prior,ok,,0.387672,0.558737,187.106900
val_000060,cat,robust_no_spatial_prior,ok,,0.576863,0.731659,187.230500
val_000061,aeroplane,robust_no_spatial_prior,ok,,0.348513,0.516884,190.663800
val_000062,horse,robust_no_spatial_prior,ok,,0.842158,0.914317,166.881600
val_000063,horse,robust_no_spatial_prior,ok,,0.561923,0.719527,242.393300
val_000064,bird,robust_no_spatial_prior,ok,,0.852517,0.920388,168.682500
val_000065,person,robust_no_spatial_prior,ok,,0.639382,0.780028,191.831100
val_000066,tvmonitor,robust_no_spatial_prior,ok,,0.520963,0.685044,195.068200
val_000067,motorbike,robust_no_spatial_prior,ok,,0.610773,0.758360,166.906400
val_000068,aeroplane,robust_no_spatial_prior,ok,,0.297888,0.459035,187.206900
val_000069,sofa,robust_no_spatial_prior,ok,,0.630421,0.773323,200.420100
val_000070,pottedplant,robust_no_spatial_prior,ok,,0.547939,0.707960,199.276800
val_000071,aeroplane,robust_no_spatial_prior,ok,,0.307290,0.470117,162.640900
val_000072,person,robust_no_spatial_prior,ok,,0.516138,0.680859,205.228900
val_000073,cow,robust_no_spatial_prior,ok,,0.510215,0.675685,201.438400
val_000074,bird,robust_no_spatial_prior,ok,,0.853719,0.921088,178.000200
val_000075,bird,robust_no_spatial_prior,ok,,0.494245,0.661531,206.589900
val_000076,person,robust_no_spatial_prior,ok,,0.365379,0.535205,196.507200
val_000077,sofa,robust_no_spatial_prior,ok,,0.728459,0.842900,68.867300
val_000078,cat,robust_no_spatial_prior,ok,,0.444778,0.615704,176.144200
val_000079,cat,robust_no_spatial_prior,ok,,0.674829,0.805848,209.757400
val_000080,bus,robust_no_spatial_prior,ok,,0.609874,0.757667,165.039200
val_000081,train,robust_no_spatial_prior,ok,,0.518372,0.682800,198.387000
val_000082,dog,robust_no_spatial_prior,ok,,0.614031,0.760867,196.394700
val_000083,sheep,robust_no_spatial_prior,ok,,0.350208,0.518747,193.517600
val_000084,aeroplane,robust_no_spatial_prior,ok,,0.930020,0.963741,197.011200
val_000085,diningtable,robust_no_spatial_prior,ok,,0.929059,0.963225,197.377400
val_000086,car,robust_no_spatial_prior,ok,,0.573282,0.728772,195.876200
val_000087,sheep,robust_no_spatial_prior,ok,,0.685033,0.813079,200.490600
val_000088,boat,robust_no_spatial_prior,ok,,0.112532,0.202298,185.947600
val_000089,person,robust_no_spatial_prior,ok,,0.782588,0.878035,171.447300
val_000090,motorbike,robust_no_spatial_prior,ok,,0.451543,0.622156,199.057100
val_000091,person,robust_no_spatial_prior,ok,,0.785398,0.879801,221.433900
val_000092,dog,robust_no_spatial_prior,ok,,0.866383,0.928408,191.282900
val_000093,cow,robust_no_spatial_prior,ok,,0.470842,0.640234,186.402500
val_000094,sofa,robust_no_spatial_prior,ok,,0.805109,0.892033,194.431300
val_000095,person,robust_no_spatial_prior,ok,,0.707854,0.828940,206.750800
val_000096,horse,robust_no_spatial_prior,ok,,0.591808,0.743567,166.821400
val_000097,car,robust_no_spatial_prior,ok,,0.598318,0.748685,183.570400
val_000098,person,robust_no_spatial_prior,ok,,0.741506,0.851569,211.675500
val_000099,bus,robust_no_spatial_prior,ok,,0.759772,0.863489,186.388200
val_000100,person,robust_no_spatial_prior,ok,,0.616131,0.762477,198.499900
val_000101,dog,robust_no_spatial_prior,ok,,0.520640,0.684764,203.034300
val_000102,boat,robust_no_spatial_prior,ok,,0.848476,0.918028,192.225200
val_000103,person,robust_no_spatial_prior,ok,,0.456205,0.626567,205.002500
val_000104,bus,robust_no_spatial_prior,ok,,0.537009,0.698771,206.738100
val_000105,car,robust_no_spatial_prior,ok,,0.737510,0.848928,156.465200
val_000106,cat,robust_no_spatial_prior,ok,,0.512665,0.677830,207.778700
val_000107,person,robust_no_spatial_prior,ok,,0.353909,0.522796,215.102700
val_000108,dog,robust_no_spatial_prior,ok,,0.365883,0.535746,178.804500
val_000109,bus,robust_no_spatial_prior,ok,,0.758111,0.862415,188.934300
val_000110,cow,robust_no_spatial_prior,ok,,0.654853,0.791433,174.046400
val_000111,bird,robust_no_spatial_prior,ok,,0.749136,0.856578,184.433500
val_000112,motorbike,robust_no_spatial_prior,ok,,0.683372,0.811908,212.626500
val_000113,dog,robust_no_spatial_prior,ok,,0.505548,0.671580,214.417000
val_000114,train,robust_no_spatial_prior,ok,,0.832108,0.908361,213.979000
val_000115,bus,robust_no_spatial_prior,ok,,0.757636,0.862108,198.494600
val_000116,pottedplant,robust_no_spatial_prior,ok,,0.925423,0.961267,177.044000
val_000117,person,robust_no_spatial_prior,ok,,0.425522,0.597005,202.933700
val_000118,boat,robust_no_spatial_prior,ok,,0.440161,0.611267,193.234000
val_000119,train,robust_no_spatial_prior,ok,,0.576607,0.731453,210.417500
val_000120,horse,robust_no_spatial_prior,ok,,0.378995,0.549669,221.420900
val_000121,person,robust_no_spatial_prior,ok,,0.522659,0.686508,187.818800
val_000122,bird,robust_no_spatial_prior,ok,,0.288345,0.447621,190.609500
val_000123,bus,robust_no_spatial_prior,ok,,0.448416,0.619181,227.667100
val_000124,sheep,robust_no_spatial_prior,ok,,0.649894,0.787801,208.412400
val_000125,diningtable,robust_no_spatial_prior,ok,,0.859059,0.924187,74.923100
val_000126,bus,robust_no_spatial_prior,ok,,0.885637,0.939351,161.502700
val_000127,cow,robust_no_spatial_prior,ok,,0.332737,0.499328,264.625600
val_000128,train,robust_no_spatial_prior,ok,,0.896481,0.945415,92.937800
val_000129,boat,robust_no_spatial_prior,ok,,0.597061,0.747700,190.928000
val_000130,dog,robust_no_spatial_prior,ok,,0.371574,0.541821,218.978200
val_000131,car,robust_no_spatial_prior,ok,,0.734604,0.846999,218.390300
val_000132,train,robust_no_spatial_prior,ok,,0.652990,0.790072,199.056700
val_000133,cat,robust_no_spatial_prior,ok,,0.875185,0.933439,227.265600
val_000134,motorbike,robust_no_spatial_prior,ok,,0.340290,0.507785,200.960200
val_000135,aeroplane,robust_no_spatial_prior,ok,,0.785865,0.880095,182.380400
val_000136,person,robust_no_spatial_prior,ok,,0.529502,0.692385,218.047600
val_000137,person,robust_no_spatial_prior,ok,,0.640911,0.781165,202.049900
val_000138,bird,robust_no_spatial_prior,ok,,0.861482,0.925587,214.860400
val_000139,dog,robust_no_spatial_prior,ok,,0.409757,0.581316,201.868900
val_000140,tvmonitor,robust_no_spatial_prior,ok,,0.774662,0.873025,222.267800
val_000141,tvmonitor,robust_no_spatial_prior,ok,,0.788141,0.881520,226.666300
val_000142,boat,robust_no_spatial_prior,ok,,0.676055,0.806721,223.403900
val_000143,motorbike,robust_no_spatial_prior,ok,,0.233932,0.379165,227.524000
val_000144,train,robust_no_spatial_prior,ok,,0.352538,0.521298,228.996800
val_000145,motorbike,robust_no_spatial_prior,ok,,0.413366,0.584938,205.435000
val_000146,person,robust_no_spatial_prior,ok,,0.672913,0.804480,214.114800
val_000147,diningtable,robust_no_spatial_prior,ok,,0.468350,0.637927,207.707700
val_000148,bottle,robust_no_spatial_prior,ok,,0.461714,0.631743,100.642900
val_000149,train,robust_no_spatial_prior,ok,,0.637597,0.778698,229.035400
val_000150,chair,robust_no_spatial_prior,ok,,0.665314,0.799025,219.011600
val_000151,horse,robust_no_spatial_prior,ok,,0.504918,0.671024,202.223600
val_000152,pottedplant,robust_no_spatial_prior,ok,,0.695443,0.820367,208.141900
val_000153,dog,robust_no_spatial_prior,ok,,0.579523,0.733795,198.733100
val_000154,train,robust_no_spatial_prior,ok,,0.496888,0.663895,203.185300
val_000155,person,robust_no_spatial_prior,ok,,0.404618,0.576125,222.117800
val_000156,person,robust_no_spatial_prior,ok,,0.227759,0.371015,221.830000
val_000157,cat,robust_no_spatial_prior,ok,,0.757284,0.861880,201.658900
val_000158,cat,robust_no_spatial_prior,ok,,0.695463,0.820381,215.360800
val_000159,person,robust_no_spatial_prior,ok,,0.797851,0.887561,211.214200
val_000160,sheep,robust_no_spatial_prior,ok,,0.544657,0.705214,218.741700
val_000161,sheep,robust_no_spatial_prior,ok,,0.867944,0.929304,225.954800
val_000162,boat,robust_no_spatial_prior,ok,,0.277025,0.433860,185.093100
val_000163,bicycle,robust_no_spatial_prior,ok,,0.200765,0.334395,224.647600
val_000164,cow,robust_no_spatial_prior,ok,,0.539665,0.701016,186.667800
val_000165,dog,robust_no_spatial_prior,ok,,0.783522,0.878623,200.093400
val_000166,motorbike,robust_no_spatial_prior,ok,,0.490419,0.658095,159.576200
val_000167,person,robust_no_spatial_prior,ok,,0.770725,0.870519,189.712300
val_000168,bottle,robust_no_spatial_prior,ok,,0.419330,0.590884,236.648900
val_000169,car,robust_no_spatial_prior,ok,,0.890249,0.941939,206.431000
val_000170,person,robust_no_spatial_prior,ok,,0.599259,0.749421,219.167500
val_000171,horse,robust_no_spatial_prior,ok,,0.462933,0.632883,181.998100
val_000172,motorbike,robust_no_spatial_prior,ok,,0.728683,0.843050,226.384100
val_000173,aeroplane,robust_no_spatial_prior,ok,,0.602564,0.752000,210.052000
val_000174,bottle,robust_no_spatial_prior,ok,,0.583533,0.737002,216.031700
val_000175,cat,robust_no_spatial_prior,ok,,0.680841,0.810120,227.082900
val_000176,sheep,robust_no_spatial_prior,ok,,0.537557,0.699235,197.518000
val_000177,aeroplane,robust_no_spatial_prior,ok,,0.396201,0.567541,188.915100
val_000178,car,robust_no_spatial_prior,ok,,0.501714,0.668189,228.137500
val_000179,aeroplane,robust_no_spatial_prior,ok,,0.479898,0.648556,187.882900
val_000180,person,robust_no_spatial_prior,ok,,0.380104,0.550834,228.046500
val_000181,train,robust_no_spatial_prior,ok,,0.384682,0.555625,188.094000
val_000182,train,robust_no_spatial_prior,ok,,0.738568,0.849628,213.080800
val_000183,dog,robust_no_spatial_prior,ok,,0.412275,0.583845,185.094100
val_000184,boat,robust_no_spatial_prior,ok,,0.482451,0.650883,207.097100
val_000185,motorbike,robust_no_spatial_prior,ok,,0.730479,0.844250,217.564700
val_000186,diningtable,robust_no_spatial_prior,ok,,0.014807,0.029181,215.479600
val_000187,pottedplant,robust_no_spatial_prior,ok,,0.171269,0.292450,200.442800
val_000188,aeroplane,robust_no_spatial_prior,ok,,0.435233,0.606498,158.942900
val_000189,diningtable,robust_no_spatial_prior,ok,,0.238323,0.384913,229.086400
val_000190,person,robust_no_spatial_prior,ok,,0.606500,0.755057,210.453500
val_000191,pottedplant,robust_no_spatial_prior,ok,,0.606040,0.754701,223.898500
val_000192,bus,robust_no_spatial_prior,ok,,0.380863,0.551630,205.855600
val_000193,sheep,robust_no_spatial_prior,ok,,0.628153,0.771614,229.123800
val_000194,bus,robust_no_spatial_prior,ok,,0.840297,0.913219,162.859200
val_000195,person,robust_no_spatial_prior,ok,,0.637951,0.778962,221.091500
val_000196,car,robust_no_spatial_prior,ok,,0.698214,0.822292,162.622100
val_000197,boat,robust_no_spatial_prior,ok,,0.841633,0.914007,190.496800
val_000198,person,robust_no_spatial_prior,ok,,0.087901,0.161598,230.024500
val_000199,diningtable,robust_no_spatial_prior,ok,,0.718507,0.836199,292.687400
val_000200,person,robust_no_spatial_prior,ok,,0.753334,0.859316,221.454000
val_000201,dog,robust_no_spatial_prior,ok,,0.633889,0.775927,227.887100
val_000202,diningtable,robust_no_spatial_prior,ok,,0.789807,0.882561,214.558900
val_000203,cat,robust_no_spatial_prior,ok,,0.702311,0.825127,229.631000
val_000204,car,robust_no_spatial_prior,ok,,0.770722,0.870517,201.893200
val_000205,chair,robust_no_spatial_prior,ok,,0.752102,0.858514,217.557600
val_000206,horse,robust_no_spatial_prior,ok,,0.555608,0.714329,202.390100
val_000207,sofa,robust_no_spatial_prior,ok,,0.825705,0.904533,224.721400
val_000208,person,robust_no_spatial_prior,ok,,0.577082,0.731835,228.502500
val_000209,bicycle,robust_no_spatial_prior,ok,,0.212947,0.351123,223.165600
val_000210,boat,robust_no_spatial_prior,ok,,0.756597,0.861435,213.147000
val_000211,chair,robust_no_spatial_prior,ok,,0.863030,0.926480,226.445400
val_000212,person,robust_no_spatial_prior,ok,,0.873839,0.932673,214.594900
val_000213,motorbike,robust_no_spatial_prior,ok,,0.541671,0.702706,229.319000
val_000214,sheep,robust_no_spatial_prior,ok,,0.792205,0.884056,230.037800
val_000215,train,robust_no_spatial_prior,ok,,0.792618,0.884313,221.346800
val_000216,person,robust_no_spatial_prior,ok,,0.470830,0.640224,217.652900
val_000217,cow,robust_no_spatial_prior,ok,,0.570929,0.726868,222.078300
val_000218,train,robust_no_spatial_prior,ok,,0.712611,0.832193,209.221500
val_000219,sheep,robust_no_spatial_prior,ok,,0.453158,0.623687,184.650700
val_000220,cow,robust_no_spatial_prior,ok,,0.672991,0.804536,190.474100
val_000221,person,robust_no_spatial_prior,ok,,0.522931,0.686743,186.260200
val_000222,horse,robust_no_spatial_prior,ok,,0.564440,0.721587,225.031700
val_000223,aeroplane,robust_no_spatial_prior,ok,,0.784331,0.879131,198.216600
val_000224,person,robust_no_spatial_prior,ok,,0.498890,0.665679,222.833700
val_000225,bird,robust_no_spatial_prior,ok,,0.572299,0.727977,231.272600
val_000226,horse,robust_no_spatial_prior,ok,,0.676720,0.807195,201.178600
val_000227,tvmonitor,robust_no_spatial_prior,ok,,0.811537,0.895965,215.698700
val_000228,sheep,robust_no_spatial_prior,ok,,0.735318,0.847473,237.880600
val_000229,train,robust_no_spatial_prior,ok,,0.461369,0.631420,223.546300
val_000230,person,robust_no_spatial_prior,ok,,0.820646,0.901489,187.616900
val_000231,tvmonitor,robust_no_spatial_prior,ok,,0.655493,0.791901,213.682100
val_000232,tvmonitor,robust_no_spatial_prior,ok,,0.383527,0.554419,232.125500
val_000233,motorbike,robust_no_spatial_prior,ok,,0.595086,0.746149,219.236200
val_000234,person,robust_no_spatial_prior,ok,,0.448987,0.619726,183.619200
val_000235,aeroplane,robust_no_spatial_prior,ok,,0.414577,0.586150,225.445800
val_000236,car,robust_no_spatial_prior,ok,,0.608093,0.756291,200.340200
val_000237,sofa,robust_no_spatial_prior,ok,,0.771118,0.870770,153.385900
val_000238,aeroplane,robust_no_spatial_prior,ok,,0.856292,0.922583,191.885800
val_000239,boat,robust_no_spatial_prior,ok,,0.637032,0.778277,246.764300
val_000240,person,robust_no_spatial_prior,ok,,0.327374,0.493265,219.702400
val_000241,person,robust_no_spatial_prior,ok,,0.599481,0.749594,218.609000
val_000242,cat,robust_no_spatial_prior,ok,,0.438892,0.610042,187.835300
val_000243,sheep,robust_no_spatial_prior,ok,,0.662204,0.796778,211.830700
val_000244,pottedplant,robust_no_spatial_prior,ok,,0.593245,0.744700,223.102200
val_000245,diningtable,robust_no_spatial_prior,ok,,0.475043,0.644107,203.262800
val_000246,motorbike,robust_no_spatial_prior,ok,,0.508589,0.674258,222.998100
val_000247,horse,robust_no_spatial_prior,ok,,0.549499,0.709260,197.941200
val_000248,person,robust_no_spatial_prior,ok,,0.479265,0.647977,235.166000
val_000249,diningtable,robust_no_spatial_prior,ok,,0.906446,0.950928,220.892100
val_000250,car,robust_no_spatial_prior,ok,,0.659286,0.794662,203.896000
val_000251,car,robust_no_spatial_prior,ok,,0.444521,0.615458,217.241800
val_000252,person,robust_no_spatial_prior,ok,,0.542935,0.703769,223.329000
val_000253,person,robust_no_spatial_prior,ok,,0.660835,0.795787,164.894000
val_000254,train,robust_no_spatial_prior,ok,,0.719713,0.837015,198.545400
val_000255,person,robust_no_spatial_prior,ok,,0.766457,0.867790,197.314200
val_000256,bird,robust_no_spatial_prior,ok,,0.737447,0.848886,217.140100
val_000257,bird,robust_no_spatial_prior,ok,,0.539506,0.700882,209.920600
val_000258,chair,robust_no_spatial_prior,ok,,0.886248,0.939694,210.649800
val_000259,person,robust_no_spatial_prior,ok,,0.402949,0.574431,218.797600
val_000260,tvmonitor,robust_no_spatial_prior,ok,,0.900905,0.947870,208.697000
val_000261,dog,robust_no_spatial_prior,ok,,0.131826,0.232944,190.043000
val_000262,horse,robust_no_spatial_prior,ok,,0.425123,0.596612,240.148800
val_000263,sofa,robust_no_spatial_prior,ok,,0.607691,0.755980,210.457200
val_000264,train,robust_no_spatial_prior,ok,,0.167937,0.287579,220.313100
val_000265,tvmonitor,robust_no_spatial_prior,ok,,0.899711,0.947208,219.152600
val_000266,dog,robust_no_spatial_prior,ok,,0.653748,0.790626,202.396800
val_000267,person,robust_no_spatial_prior,ok,,0.493360,0.660738,188.638100
val_000268,sofa,robust_no_spatial_prior,ok,,0.810947,0.895606,215.048400
val_000269,pottedplant,robust_no_spatial_prior,ok,,0.543301,0.704076,178.293900
val_000270,horse,robust_no_spatial_prior,ok,,0.632456,0.774852,199.244800
val_000271,boat,robust_no_spatial_prior,ok,,0.660540,0.795572,190.052300
val_000272,bird,robust_no_spatial_prior,ok,,0.684416,0.812645,183.053900
val_000273,person,robust_no_spatial_prior,ok,,0.674704,0.805759,225.187000
val_000274,cow,robust_no_spatial_prior,ok,,0.871513,0.931346,203.556000
val_000275,bus,robust_no_spatial_prior,ok,,0.722081,0.838614,211.612800
val_000276,horse,robust_no_spatial_prior,ok,,0.505897,0.671888,72.758300
val_000277,cat,robust_no_spatial_prior,ok,,0.642249,0.782158,216.146000
val_000278,person,robust_no_spatial_prior,ok,,0.690482,0.816905,194.763800
val_000279,person,robust_no_spatial_prior,ok,,0.546862,0.707060,255.518000
val_000280,dog,robust_no_spatial_prior,ok,,0.512327,0.677535,181.419900
val_000281,cow,robust_no_spatial_prior,ok,,0.555058,0.713874,187.269300
val_000282,dog,robust_no_spatial_prior,ok,,0.401174,0.572626,269.568200
val_000283,bus,robust_no_spatial_prior,ok,,0.855357,0.922041,191.802200
val_000284,person,robust_no_spatial_prior,ok,,0.483763,0.652076,218.467900
val_000285,motorbike,robust_no_spatial_prior,ok,,0.535845,0.697785,222.558000
val_000286,bird,robust_no_spatial_prior,ok,,0.853521,0.920972,206.058300
val_000287,car,robust_no_spatial_prior,ok,,0.439776,0.610895,76.401700
val_000288,cat,robust_no_spatial_prior,ok,,0.862789,0.926341,191.493000
val_000289,cow,robust_no_spatial_prior,ok,,0.294440,0.454930,217.799600
val_000290,horse,robust_no_spatial_prior,ok,,0.495679,0.662815,190.086000
val_000291,sofa,robust_no_spatial_prior,ok,,0.910222,0.953001,207.033700
val_000292,person,robust_no_spatial_prior,ok,,0.571665,0.727465,196.329500
val_000293,person,robust_no_spatial_prior,ok,,0.497301,0.664263,213.042100
val_000294,bird,robust_no_spatial_prior,ok,,0.673697,0.805040,223.141100
val_000295,person,robust_no_spatial_prior,ok,,0.366889,0.536823,236.945700
val_000296,cat,robust_no_spatial_prior,ok,,0.517350,0.681912,217.786600
val_000297,bus,robust_no_spatial_prior,ok,,0.280895,0.438592,189.419500
val_000298,diningtable,robust_no_spatial_prior,ok,,0.502514,0.668897,287.367000
val_000299,pottedplant,robust_no_spatial_prior,ok,,0.323181,0.488491,183.029300
val_000300,tvmonitor,robust_no_spatial_prior,ok,,0.858194,0.923686,208.323200
val_000301,bottle,robust_no_spatial_prior,ok,,0.272094,0.427789,275.067200
val_000302,sofa,robust_no_spatial_prior,ok,,0.498402,0.665245,208.636300
val_000303,dog,robust_no_spatial_prior,ok,,0.447731,0.618528,199.344600
val_000304,dog,robust_no_spatial_prior,ok,,0.924097,0.960552,98.736900
val_000305,person,robust_no_spatial_prior,ok,,0.637540,0.778656,179.395600
val_000306,sofa,robust_no_spatial_prior,ok,,0.773485,0.872277,210.045600
val_000307,person,robust_no_spatial_prior,ok,,0.429067,0.600485,230.489500
val_000308,person,robust_no_spatial_prior,ok,,0.373000,0.543336,207.125200
val_000309,person,robust_no_spatial_prior,ok,,0.625111,0.769315,184.018500
val_000310,diningtable,robust_no_spatial_prior,ok,,0.785529,0.879884,226.542800
val_000311,pottedplant,robust_no_spatial_prior,ok,,0.723830,0.839793,224.436700
val_000312,motorbike,robust_no_spatial_prior,ok,,0.729458,0.843568,213.130700
val_000313,bus,robust_no_spatial_prior,ok,,0.545823,0.706191,208.154300
val_000314,cat,robust_no_spatial_prior,ok,,0.520374,0.684534,219.810600
val_000315,bird,robust_no_spatial_prior,ok,,0.493854,0.661181,225.246800
val_000316,horse,robust_no_spatial_prior,ok,,0.544490,0.705074,175.978100
val_000317,cow,robust_no_spatial_prior,ok,,0.670578,0.802810,216.193700
val_000318,aeroplane,robust_no_spatial_prior,ok,,0.908738,0.952187,233.374300
val_000319,cat,robust_no_spatial_prior,ok,,0.688567,0.815563,195.793300
val_000320,motorbike,robust_no_spatial_prior,ok,,0.508918,0.674547,218.908300
val_000321,cow,robust_no_spatial_prior,ok,,0.494704,0.661943,221.071800
val_000322,tvmonitor,robust_no_spatial_prior,ok,,0.527104,0.690331,206.035600
val_000323,cow,robust_no_spatial_prior,ok,,0.708692,0.829514,203.663400
val_000324,bus,robust_no_spatial_prior,ok,,0.683525,0.812016,216.497000
val_000325,dog,robust_no_spatial_prior,ok,,0.098534,0.179392,216.381800
val_000326,chair,robust_no_spatial_prior,ok,,0.787905,0.881372,239.503300
val_000327,boat,robust_no_spatial_prior,ok,,0.563140,0.720524,175.973400
val_000328,bird,robust_no_spatial_prior,ok,,0.714227,0.833293,193.095400
val_000329,sofa,robust_no_spatial_prior,ok,,0.973227,0.986432,199.620600
val_000330,cat,robust_no_spatial_prior,ok,,0.777138,0.874595,234.701400
val_000331,person,robust_no_spatial_prior,ok,,0.659191,0.794593,185.978000
val_000332,person,robust_no_spatial_prior,ok,,0.579098,0.733454,218.409600
val_000333,person,robust_no_spatial_prior,ok,,0.411267,0.582833,165.081300
val_000334,person,robust_no_spatial_prior,ok,,0.414589,0.586162,159.257800
val_000335,person,robust_no_spatial_prior,ok,,0.750064,0.857184,232.335700
val_000336,dog,robust_no_spatial_prior,ok,,0.701937,0.824868,184.844200
val_000337,person,robust_no_spatial_prior,ok,,0.257235,0.409207,186.559800
val_000338,sofa,robust_no_spatial_prior,ok,,0.699543,0.823213,175.174300
val_000339,person,robust_no_spatial_prior,ok,,0.881787,0.937181,204.170500
val_000340,cat,robust_no_spatial_prior,ok,,0.266722,0.421122,205.042600
val_000341,person,robust_no_spatial_prior,ok,,0.449230,0.619957,206.244100
val_000342,pottedplant,robust_no_spatial_prior,ok,,0.511230,0.676574,212.682500
val_000343,cat,robust_no_spatial_prior,ok,,0.323120,0.488421,231.054000
val_000344,cat,robust_no_spatial_prior,ok,,0.677834,0.807987,211.435800
val_000345,person,robust_no_spatial_prior,ok,,0.359041,0.528374,194.515400
val_000346,person,robust_no_spatial_prior,ok,,0.469019,0.638547,210.189300
val_000347,car,robust_no_spatial_prior,ok,,0.784124,0.879002,207.068600
val_000348,person,robust_no_spatial_prior,ok,,0.344573,0.512539,185.515600
val_000349,bird,robust_no_spatial_prior,ok,,0.660737,0.795715,203.781500
val_000350,person,robust_no_spatial_prior,ok,,0.380472,0.551221,187.946000
val_000351,sofa,robust_no_spatial_prior,ok,,0.365605,0.535447,178.632600
val_000352,horse,robust_no_spatial_prior,ok,,0.902822,0.948929,181.637500
val_000353,person,robust_no_spatial_prior,ok,,0.315375,0.479521,142.205200
val_000354,train,robust_no_spatial_prior,ok,,0.909673,0.952700,200.284700
val_000355,person,robust_no_spatial_prior,ok,,0.568606,0.724982,216.238800
val_000356,person,robust_no_spatial_prior,ok,,0.585388,0.738479,211.029800
val_000357,person,robust_no_spatial_prior,ok,,0.667890,0.800880,76.214900
val_000358,person,robust_no_spatial_prior,ok,,0.547301,0.707427,74.958800
val_000359,person,robust_no_spatial_prior,ok,,0.427211,0.598665,207.636100
val_000360,bicycle,robust_no_spatial_prior,ok,,0.457431,0.627723,179.296000
val_000361,person,robust_no_spatial_prior,ok,,0.540683,0.701875,135.065200
val_000362,diningtable,robust_no_spatial_prior,ok,,0.724057,0.839945,206.822200
val_000363,horse,robust_no_spatial_prior,ok,,0.579306,0.733621,204.826200
val_000364,motorbike,robust_no_spatial_prior,ok,,0.411734,0.583303,174.049900
val_000365,person,robust_no_spatial_prior,ok,,0.403496,0.574987,182.490300
val_000366,motorbike,robust_no_spatial_prior,ok,,0.523615,0.687332,211.298900
val_000367,bird,robust_no_spatial_prior,ok,,0.524102,0.687752,186.715700
val_000368,cat,robust_no_spatial_prior,ok,,0.594722,0.745863,230.518500
val_000369,dog,robust_no_spatial_prior,ok,,0.638221,0.779164,169.631700
val_000370,bottle,robust_no_spatial_prior,ok,,0.088537,0.162671,212.042700
val_000371,cow,robust_no_spatial_prior,ok,,0.516000,0.680738,209.826900
val_000372,dog,robust_no_spatial_prior,ok,,0.697381,0.821714,190.285900
val_000373,person,robust_no_spatial_prior,ok,,0.645415,0.784501,181.028000
val_000374,boat,robust_no_spatial_prior,ok,,0.509868,0.675381,203.300000
val_000375,person,robust_no_spatial_prior,ok,,0.693822,0.819238,212.142000
val_000376,boat,robust_no_spatial_prior,ok,,0.897813,0.946156,206.063700
val_000377,dog,robust_no_spatial_prior,ok,,0.756144,0.861141,211.621400
val_000378,person,robust_no_spatial_prior,ok,,0.658968,0.794431,196.820700
val_000379,person,robust_no_spatial_prior,ok,,0.479045,0.647776,221.258900
val_000380,cat,robust_no_spatial_prior,ok,,0.653710,0.790598,187.983100
val_000381,boat,robust_no_spatial_prior,ok,,0.549943,0.709630,209.920400
val_000382,motorbike,robust_no_spatial_prior,ok,,0.574673,0.729895,221.469700
val_000383,person,robust_no_spatial_prior,ok,,0.742454,0.852194,217.882200
val_000384,person,robust_no_spatial_prior,ok,,0.542361,0.703287,188.816000
val_000385,person,robust_no_spatial_prior,ok,,0.726408,0.841525,194.491100
val_000386,boat,robust_no_spatial_prior,ok,,0.707455,0.828666,210.342000
val_000387,person,robust_no_spatial_prior,ok,,0.446596,0.617444,219.071100
val_000388,person,robust_no_spatial_prior,ok,,0.276369,0.433055,213.964300
val_000389,dog,robust_no_spatial_prior,ok,,0.807463,0.893477,219.020000
val_000390,person,robust_no_spatial_prior,ok,,0.647468,0.786016,191.558400
val_000391,cat,robust_no_spatial_prior,ok,,0.579414,0.733707,224.132600
val_000392,chair,robust_no_spatial_prior,ok,,0.337803,0.505012,153.208800
val_000393,dog,robust_no_spatial_prior,ok,,0.767718,0.868598,208.152900
val_000394,person,robust_no_spatial_prior,ok,,0.623030,0.767737,190.341200
val_000395,person,robust_no_spatial_prior,ok,,0.561863,0.719478,217.451500
val_000396,cat,robust_no_spatial_prior,ok,,0.352296,0.521034,222.076900
val_000397,bird,robust_no_spatial_prior,ok,,0.738970,0.849894,221.562300
val_000398,person,robust_no_spatial_prior,ok,,0.304141,0.466424,181.801700
val_000399,aeroplane,robust_no_spatial_prior,ok,,0.807661,0.893598,163.488700
val_000400,person,robust_no_spatial_prior,ok,,0.425080,0.596570,284.159200
val_000401,boat,robust_no_spatial_prior,ok,,0.673651,0.805008,189.790900
val_000402,person,robust_no_spatial_prior,ok,,0.767261,0.868305,213.209400
val_000403,cat,robust_no_spatial_prior,ok,,0.418763,0.590321,215.626800
val_000404,horse,robust_no_spatial_prior,ok,,0.457472,0.627761,217.195800
val_000405,tvmonitor,robust_no_spatial_prior,ok,,0.777026,0.874524,212.777700
val_000406,chair,robust_no_spatial_prior,ok,,0.441808,0.612852,194.174500
val_000407,person,robust_no_spatial_prior,ok,,0.454486,0.624944,220.638800
val_000408,person,robust_no_spatial_prior,ok,,0.390877,0.562058,209.819200
val_000409,cat,robust_no_spatial_prior,ok,,0.777376,0.874746,197.021500
val_000410,person,robust_no_spatial_prior,ok,,0.855351,0.922037,187.028300
val_000411,pottedplant,robust_no_spatial_prior,ok,,0.609688,0.757524,190.917600
val_000412,aeroplane,robust_no_spatial_prior,ok,,0.359256,0.528607,187.644800
val_000413,person,robust_no_spatial_prior,ok,,0.397486,0.568859,185.910900
val_000414,bird,robust_no_spatial_prior,ok,,0.449766,0.620467,152.492300
val_000415,cat,robust_no_spatial_prior,ok,,0.805956,0.892553,213.051700
val_000416,bus,robust_no_spatial_prior,ok,,0.476324,0.645284,210.938000
val_000417,car,robust_no_spatial_prior,ok,,0.646214,0.785091,217.087400
val_000418,dog,robust_no_spatial_prior,ok,,0.451117,0.621751,202.540100
val_000419,motorbike,robust_no_spatial_prior,ok,,0.480580,0.649178,177.644000
val_000420,person,robust_no_spatial_prior,ok,,0.814258,0.897621,218.844000
val_000421,bicycle,robust_no_spatial_prior,ok,,0.255187,0.406612,208.412200
val_000422,pottedplant,robust_no_spatial_prior,ok,,0.716619,0.834919,206.020600
val_000423,aeroplane,robust_no_spatial_prior,ok,,0.570838,0.726794,169.286000
val_000424,pottedplant,robust_no_spatial_prior,ok,,0.597726,0.748221,215.093500
val_000425,motorbike,robust_no_spatial_prior,ok,,0.495326,0.662499,157.646900
val_000426,bird,robust_no_spatial_prior,ok,,0.586493,0.739358,260.068500
val_000427,tvmonitor,robust_no_spatial_prior,ok,,0.578427,0.732915,169.745600
val_000428,bottle,robust_no_spatial_prior,ok,,0.211016,0.348494,216.467400
val_000429,boat,robust_no_spatial_prior,ok,,0.752961,0.859073,223.297200
val_000430,person,robust_no_spatial_prior,ok,,0.367697,0.537688,170.521500
val_000431,boat,robust_no_spatial_prior,ok,,0.813098,0.896916,217.178600
val_000432,chair,robust_no_spatial_prior,ok,,0.301502,0.463314,213.673800
val_000433,sheep,robust_no_spatial_prior,ok,,0.343325,0.511157,174.819200
val_000434,person,robust_no_spatial_prior,ok,,0.682724,0.811451,205.697200
val_000435,cat,robust_no_spatial_prior,ok,,0.512962,0.678090,216.080600
val_000436,tvmonitor,robust_no_spatial_prior,ok,,0.945175,0.971815,171.155500
val_000437,cat,robust_no_spatial_prior,ok,,0.149709,0.260430,206.438800
val_000438,diningtable,robust_no_spatial_prior,ok,,0.371081,0.541297,204.193200
val_000439,cow,robust_no_spatial_prior,ok,,0.499991,0.666658,218.698100
val_000440,horse,robust_no_spatial_prior,ok,,0.659174,0.794581,239.638100
val_000441,dog,robust_no_spatial_prior,ok,,0.816159,0.898775,203.228100
val_000442,person,robust_no_spatial_prior,ok,,0.575885,0.730872,200.468400
val_000443,train,robust_no_spatial_prior,ok,,0.691570,0.817666,192.294900
val_000444,dog,robust_no_spatial_prior,ok,,0.406449,0.577979,206.869200
val_000445,person,robust_no_spatial_prior,ok,,0.477469,0.646334,179.072600
val_000446,dog,robust_no_spatial_prior,ok,,0.514392,0.679338,185.977100
val_000447,person,robust_no_spatial_prior,ok,,0.617061,0.763189,266.605700
val_000448,car,robust_no_spatial_prior,ok,,0.717368,0.835427,204.059500
val_000449,tvmonitor,robust_no_spatial_prior,ok,,0.748768,0.856337,217.448000
val_000450,tvmonitor,robust_no_spatial_prior,ok,,0.442192,0.613222,220.687300
val_000451,boat,robust_no_spatial_prior,ok,,0.773182,0.872084,184.763800
val_000452,person,robust_no_spatial_prior,ok,,0.548380,0.708328,202.549700
val_000453,train,robust_no_spatial_prior,ok,,0.607154,0.755564,188.664700
val_000454,person,robust_no_spatial_prior,ok,,0.661514,0.796278,109.784700
val_000455,bird,robust_no_spatial_prior,ok,,0.459308,0.629487,208.913400
val_000456,pottedplant,robust_no_spatial_prior,ok,,0.698402,0.822422,180.955300
val_000457,bus,robust_no_spatial_prior,ok,,0.668257,0.801144,215.981200
val_000458,aeroplane,robust_no_spatial_prior,ok,,0.373637,0.544012,218.931200
val_000459,person,robust_no_spatial_prior,ok,,0.420001,0.591551,183.988600
val_000460,dog,robust_no_spatial_prior,ok,,0.630589,0.773449,214.710800
val_000461,bicycle,robust_no_spatial_prior,ok,,0.139142,0.244292,221.629400
val_000462,person,robust_no_spatial_prior,ok,,0.377341,0.547927,98.423100
val_000463,car,robust_no_spatial_prior,ok,,0.689370,0.816127,108.365500
val_000464,aeroplane,robust_no_spatial_prior,ok,,0.330628,0.496950,181.886500
val_000465,horse,robust_no_spatial_prior,ok,,0.482120,0.650582,192.266900
val_000466,person,robust_no_spatial_prior,ok,,0.505209,0.671281,199.669200
val_000467,horse,robust_no_spatial_prior,ok,,0.689316,0.816089,183.363500
val_000468,diningtable,robust_no_spatial_prior,ok,,0.818159,0.899986,217.528200
val_000469,person,robust_no_spatial_prior,ok,,0.619734,0.765229,226.358100
val_000470,cat,robust_no_spatial_prior,ok,,0.553869,0.712891,198.181500
val_000471,person,robust_no_spatial_prior,ok,,0.588591,0.741023,194.144100
val_000472,person,robust_no_spatial_prior,ok,,0.455817,0.626201,222.864800
val_000473,dog,robust_no_spatial_prior,ok,,0.488587,0.656444,181.431700
val_000474,car,robust_no_spatial_prior,ok,,0.912469,0.954231,181.934600
val_000475,person,robust_no_spatial_prior,ok,,0.499575,0.666288,185.173200
val_000476,sofa,robust_no_spatial_prior,ok,,0.964176,0.981761,187.772700
val_000477,person,robust_no_spatial_prior,ok,,0.386152,0.557157,206.251900
val_000478,bus,robust_no_spatial_prior,ok,,0.560673,0.718502,123.905000
val_000479,horse,robust_no_spatial_prior,ok,,0.536232,0.698114,227.240100
val_000480,chair,robust_no_spatial_prior,ok,,0.146553,0.255641,178.236300
val_000481,car,robust_no_spatial_prior,ok,,0.524302,0.687924,213.963200
val_000482,person,robust_no_spatial_prior,ok,,0.441855,0.612898,231.330300
val_000483,boat,robust_no_spatial_prior,ok,,0.556516,0.715079,216.891900
val_000484,person,robust_no_spatial_prior,ok,,0.753626,0.859506,128.146000
val_000485,aeroplane,robust_no_spatial_prior,ok,,0.303834,0.466062,171.798300
val_000486,tvmonitor,robust_no_spatial_prior,ok,,0.857658,0.923375,203.010000
val_000487,boat,robust_no_spatial_prior,ok,,0.858106,0.923635,206.490000
val_000488,aeroplane,robust_no_spatial_prior,ok,,0.744262,0.853383,147.237200
val_000489,aeroplane,robust_no_spatial_prior,ok,,0.627953,0.771463,177.349900
val_000490,car,robust_no_spatial_prior,ok,,0.783658,0.878709,189.547500
val_000491,person,robust_no_spatial_prior,ok,,0.368871,0.538942,216.047500
val_000492,person,robust_no_spatial_prior,ok,,0.269029,0.423992,218.128600
val_000493,sofa,robust_no_spatial_prior,ok,,0.979827,0.989811,189.047100
val_000494,horse,robust_no_spatial_prior,ok,,0.569798,0.725951,78.872000
val_000495,train,robust_no_spatial_prior,ok,,0.655620,0.791993,216.597900
val_000496,tvmonitor,robust_no_spatial_prior,ok,,0.850127,0.918993,202.592800
val_000497,car,robust_no_spatial_prior,ok,,0.520124,0.684318,196.979300
val_000498,motorbike,robust_no_spatial_prior,ok,,0.395138,0.566450,213.530000
val_000499,bicycle,robust_no_spatial_prior,ok,,0.301159,0.462908,208.182000
val_000500,train,robust_no_spatial_prior,ok,,0.607713,0.755997,191.464800
val_000501,horse,robust_no_spatial_prior,ok,,0.664276,0.798277,217.819300
val_000502,motorbike,robust_no_spatial_prior,ok,,0.320501,0.485424,192.763800
val_000503,sheep,robust_no_spatial_prior,ok,,0.718788,0.836389,226.032200
val_000504,pottedplant,robust_no_spatial_prior,ok,,0.282207,0.440190,219.515800
val_000505,car,robust_no_spatial_prior,ok,,0.723203,0.839370,212.835400
val_000506,sofa,robust_no_spatial_prior,ok,,0.780616,0.876793,212.567200
val_000507,person,robust_no_spatial_prior,ok,,0.539167,0.700595,177.037400
val_000508,train,robust_no_spatial_prior,ok,,0.547965,0.707981,188.163500
val_000509,chair,robust_no_spatial_prior,ok,,0.950774,0.974766,211.593300
val_000510,sheep,robust_no_spatial_prior,ok,,0.916222,0.956280,218.586100
val_000511,horse,robust_no_spatial_prior,ok,,0.403545,0.575036,201.704300
val_000512,person,robust_no_spatial_prior,ok,,0.354552,0.523497,190.439300
val_000513,bottle,robust_no_spatial_prior,ok,,0.776183,0.873990,226.599100
val_000514,horse,robust_no_spatial_prior,ok,,0.827801,0.905789,251.759600
val_000515,cow,robust_no_spatial_prior,ok,,0.885340,0.939183,218.089300
val_000516,aeroplane,robust_no_spatial_prior,ok,,0.350466,0.519029,174.839800
val_000517,horse,robust_no_spatial_prior,ok,,0.678392,0.808383,177.652600
val_000518,tvmonitor,robust_no_spatial_prior,ok,,0.911274,0.953577,218.384400
val_000519,bicycle,robust_no_spatial_prior,ok,,0.187515,0.315811,232.503000
val_000520,sheep,robust_no_spatial_prior,ok,,0.802285,0.890298,215.894900
val_000521,tvmonitor,robust_no_spatial_prior,ok,,0.566595,0.723346,219.131000
val_000522,bicycle,robust_no_spatial_prior,ok,,0.266897,0.421340,206.708500
val_000523,motorbike,robust_no_spatial_prior,ok,,0.640006,0.780493,229.496900
val_000524,tvmonitor,robust_no_spatial_prior,ok,,0.828648,0.906296,213.599000
val_000525,cow,robust_no_spatial_prior,ok,,0.747400,0.855442,186.841500
val_000526,cow,robust_no_spatial_prior,ok,,0.415198,0.586770,238.765800
val_000527,diningtable,robust_no_spatial_prior,ok,,0.422163,0.593692,164.852600
val_000528,dog,robust_no_spatial_prior,ok,,0.523689,0.687396,229.728100
val_000529,pottedplant,robust_no_spatial_prior,ok,,0.343528,0.511382,199.001900
val_000530,pottedplant,robust_no_spatial_prior,ok,,0.866536,0.928497,136.383300
val_000531,motorbike,robust_no_spatial_prior,ok,,0.458266,0.628508,165.776100
val_000532,tvmonitor,robust_no_spatial_prior,ok,,0.754465,0.860052,221.542200
val_000533,bottle,robust_no_spatial_prior,ok,,0.838576,0.912202,234.472300
val_000534,aeroplane,robust_no_spatial_prior,ok,,0.485181,0.653363,203.189500
val_000535,boat,robust_no_spatial_prior,ok,,0.244681,0.393162,210.251100
val_000536,person,robust_no_spatial_prior,ok,,0.528384,0.691429,113.137800
val_000537,motorbike,robust_no_spatial_prior,ok,,0.733358,0.846170,228.555000
val_000538,tvmonitor,robust_no_spatial_prior,ok,,0.811577,0.895990,207.509500
val_000539,person,robust_no_spatial_prior,ok,,0.444505,0.615443,215.285200
val_000540,horse,robust_no_spatial_prior,ok,,0.569158,0.725431,227.384100
val_000541,train,robust_no_spatial_prior,ok,,0.870283,0.930643,218.379200
val_000542,boat,robust_no_spatial_prior,ok,,0.111676,0.200915,185.050800
val_000543,sheep,robust_no_spatial_prior,ok,,0.420979,0.592519,189.619000
val_000544,motorbike,robust_no_spatial_prior,ok,,0.664256,0.798262,203.880900
val_000545,horse,robust_no_spatial_prior,ok,,0.520671,0.684791,215.147000
val_000546,bus,robust_no_spatial_prior,ok,,0.778889,0.875703,219.567700
val_000547,pottedplant,robust_no_spatial_prior,ok,,0.595762,0.746680,180.774100
val_000548,horse,robust_no_spatial_prior,ok,,0.419712,0.591264,196.441600
val_000549,bicycle,robust_no_spatial_prior,ok,,0.094844,0.173255,218.650600
val_000550,person,robust_no_spatial_prior,ok,,0.518332,0.682765,189.956800
val_000551,person,robust_no_spatial_prior,ok,,0.442435,0.613456,206.325900
val_000552,bottle,robust_no_spatial_prior,ok,,0.406403,0.577933,182.892700
val_000553,motorbike,robust_no_spatial_prior,ok,,0.522294,0.686194,215.202800
val_000554,diningtable,robust_no_spatial_prior,ok,,0.609342,0.757256,215.251900
val_000555,horse,robust_no_spatial_prior,ok,,0.414965,0.586538,208.171800
val_000556,train,robust_no_spatial_prior,ok,,0.824281,0.903678,190.439300
val_000557,cow,robust_no_spatial_prior,ok,,0.250810,0.401036,219.471200
val_000558,person,robust_no_spatial_prior,ok,,0.725208,0.840719,219.270900
val_000559,dog,robust_no_spatial_prior,ok,,0.561034,0.718798,187.944000
val_000560,bird,robust_no_spatial_prior,ok,,0.371290,0.541519,227.651000
val_000561,tvmonitor,robust_no_spatial_prior,ok,,0.319719,0.484526,215.430700
val_000562,aeroplane,robust_no_spatial_prior,ok,,0.592545,0.744149,207.748700
val_000563,horse,robust_no_spatial_prior,ok,,0.830079,0.907151,213.042600
val_000564,boat,robust_no_spatial_prior,ok,,0.649928,0.787826,182.506100
val_000565,car,robust_no_spatial_prior,ok,,0.721170,0.837999,222.369100
val_000566,person,robust_no_spatial_prior,ok,,0.772415,0.871596,215.162900
val_000567,cat,robust_no_spatial_prior,ok,,0.886404,0.939782,263.196900
val_000568,sheep,robust_no_spatial_prior,ok,,0.512365,0.677568,129.887400
val_000569,cat,robust_no_spatial_prior,ok,,0.859756,0.924590,214.652800
val_000570,diningtable,robust_no_spatial_prior,ok,,0.536274,0.698149,225.090200
val_000571,cat,robust_no_spatial_prior,ok,,0.809555,0.894756,177.807800
val_000572,train,robust_no_spatial_prior,ok,,0.915018,0.955623,223.222400
val_000573,person,robust_no_spatial_prior,ok,,0.728813,0.843137,185.073300
val_000574,cow,robust_no_spatial_prior,ok,,0.431654,0.603014,225.868700
val_000575,train,robust_no_spatial_prior,ok,,0.681045,0.810264,224.573600
val_000576,bus,robust_no_spatial_prior,ok,,0.741117,0.851312,210.724700
val_000577,aeroplane,robust_no_spatial_prior,ok,,0.551593,0.711002,192.232600
val_000578,person,robust_no_spatial_prior,ok,,0.460496,0.630602,168.823200
val_000579,train,robust_no_spatial_prior,ok,,0.765548,0.867207,192.473900
val_000580,sofa,robust_no_spatial_prior,ok,,0.632368,0.774786,222.378000
val_000581,sheep,robust_no_spatial_prior,ok,,0.504839,0.670954,230.828700
val_000582,person,robust_no_spatial_prior,ok,,0.497595,0.664526,220.976300
val_000583,dog,robust_no_spatial_prior,ok,,0.649223,0.787308,214.250600
val_000584,car,robust_no_spatial_prior,ok,,0.233321,0.378362,220.418700
val_000585,cow,robust_no_spatial_prior,ok,,0.893474,0.943740,199.687600
val_000586,cow,robust_no_spatial_prior,ok,,0.938697,0.968379,220.967200
val_000587,diningtable,robust_no_spatial_prior,ok,,0.329877,0.496102,212.724400
val_000588,bird,robust_no_spatial_prior,ok,,0.887330,0.940302,195.061800
val_000589,cow,robust_no_spatial_prior,ok,,0.744832,0.853758,227.064300
val_000590,boat,robust_no_spatial_prior,ok,,0.779307,0.875967,206.174300
val_000591,chair,robust_no_spatial_prior,ok,,0.682236,0.811106,213.740400
val_000592,person,robust_no_spatial_prior,ok,,0.860700,0.925136,216.343800
val_000593,cow,robust_no_spatial_prior,ok,,0.484867,0.653078,214.979900
val_000594,aeroplane,robust_no_spatial_prior,ok,,0.694329,0.819592,156.100400
val_000595,dog,robust_no_spatial_prior,ok,,0.316370,0.480670,215.498400
val_000596,horse,robust_no_spatial_prior,ok,,0.769757,0.869901,211.641000
val_000597,person,robust_no_spatial_prior,ok,,0.716842,0.835071,188.817900
val_000598,sheep,robust_no_spatial_prior,ok,,0.544850,0.705376,216.963000
val_000599,bird,robust_no_spatial_prior,ok,,0.651727,0.789146,205.270700
val_000600,aeroplane,robust_no_spatial_prior,ok,,0.477995,0.646816,119.178600
val_000601,dog,robust_no_spatial_prior,ok,,0.560819,0.718621,213.893700
val_000602,chair,robust_no_spatial_prior,ok,,0.900367,0.947572,219.011500
val_000603,cat,robust_no_spatial_prior,ok,,0.405480,0.576998,214.625500
val_000604,cow,robust_no_spatial_prior,ok,,0.854088,0.921303,182.765200
val_000605,sheep,robust_no_spatial_prior,ok,,0.706818,0.828229,223.094300
val_000606,person,robust_no_spatial_prior,ok,,0.632506,0.774890,190.644500
val_000607,bus,robust_no_spatial_prior,ok,,0.731615,0.845009,212.566500
val_000608,car,robust_no_spatial_prior,ok,,0.517788,0.682293,209.815400
val_000609,bottle,robust_no_spatial_prior,ok,,0.885913,0.939506,217.001900
val_000610,sheep,robust_no_spatial_prior,ok,,0.746181,0.854643,216.223500
val_000611,person,robust_no_spatial_prior,ok,,0.576596,0.731444,209.113200
val_000612,aeroplane,robust_no_spatial_prior,ok,,0.839506,0.912752,204.972200
val_000613,horse,robust_no_spatial_prior,ok,,0.396797,0.568152,199.435300
val_000614,person,robust_no_spatial_prior,ok,,0.879349,0.935802,182.217600
val_000615,diningtable,robust_no_spatial_prior,ok,,0.580744,0.734773,214.435600
val_000616,sofa,robust_no_spatial_prior,ok,,0.760873,0.864200,219.196000
val_000617,motorbike,robust_no_spatial_prior,ok,,0.548581,0.708495,211.085500
val_000618,train,robust_no_spatial_prior,ok,,0.211269,0.348839,183.685000
val_000619,bus,robust_no_spatial_prior,ok,,0.926633,0.961919,213.497900
val_000620,bird,robust_no_spatial_prior,ok,,0.227184,0.370253,194.446400
val_000621,horse,robust_no_spatial_prior,ok,,0.320263,0.485151,219.086100
val_000622,bus,robust_no_spatial_prior,ok,,0.468030,0.637630,205.561900
val_000623,person,robust_no_spatial_prior,ok,,0.547083,0.707245,215.245500
val_000624,diningtable,robust_no_spatial_prior,ok,,0.755894,0.860979,202.543500
val_000625,horse,robust_no_spatial_prior,ok,,0.641581,0.781662,208.571200
val_000626,horse,robust_no_spatial_prior,ok,,0.805937,0.892541,209.595300
val_000627,horse,robust_no_spatial_prior,ok,,0.600077,0.750061,196.356100
val_000628,pottedplant,robust_no_spatial_prior,ok,,0.531953,0.694477,174.392200
val_000629,bus,robust_no_spatial_prior,ok,,0.205139,0.340441,204.425800
val_000630,bicycle,robust_no_spatial_prior,ok,,0.173467,0.295649,220.307600
val_000631,bus,robust_no_spatial_prior,ok,,0.503517,0.669785,277.337100
val_000632,bicycle,robust_no_spatial_prior,ok,,0.093936,0.171739,208.655700
val_000633,bird,robust_no_spatial_prior,ok,,0.551143,0.710628,206.789600
val_000634,horse,robust_no_spatial_prior,ok,,0.655585,0.791967,121.233200
val_000635,cat,robust_no_spatial_prior,ok,,0.777320,0.874710,205.052400
val_000636,train,robust_no_spatial_prior,ok,,0.496925,0.663927,224.205300
val_000637,aeroplane,robust_no_spatial_prior,ok,,0.381825,0.552639,194.454600
val_000638,bird,robust_no_spatial_prior,ok,,0.756218,0.861189,219.405700
val_000639,sheep,robust_no_spatial_prior,ok,,0.885254,0.939135,177.235100
val_000640,motorbike,robust_no_spatial_prior,ok,,0.549657,0.709392,190.955800
val_000641,cat,robust_no_spatial_prior,ok,,0.387285,0.558335,210.251200
val_000642,sofa,robust_no_spatial_prior,ok,,0.718480,0.836181,235.098500
val_000643,sofa,robust_no_spatial_prior,ok,,0.832308,0.908481,205.195000
val_000644,bottle,robust_no_spatial_prior,ok,,0.691238,0.817434,210.149400
val_000645,tvmonitor,robust_no_spatial_prior,ok,,0.670878,0.803025,187.855500
val_000646,bicycle,robust_no_spatial_prior,ok,,0.094773,0.173137,192.501700
val_000647,dog,robust_no_spatial_prior,ok,,0.447132,0.617956,177.644300
val_000648,bottle,robust_no_spatial_prior,ok,,0.601087,0.750848,194.428400
val_000649,aeroplane,robust_no_spatial_prior,ok,,0.307778,0.470688,208.875400
val_000650,cow,robust_no_spatial_prior,ok,,0.684761,0.812888,221.846500
val_000651,sofa,robust_no_spatial_prior,ok,,0.867969,0.929319,190.978700
val_000652,person,robust_no_spatial_prior,ok,,0.598201,0.748593,218.858200
val_000653,bird,robust_no_spatial_prior,ok,,0.403708,0.575202,212.077200
val_000654,bus,robust_no_spatial_prior,ok,,0.829366,0.906725,190.965800
val_000655,bicycle,robust_no_spatial_prior,ok,,0.195602,0.327202,198.835500
val_000656,bicycle,robust_no_spatial_prior,ok,,0.340446,0.507959,204.825100
val_000657,aeroplane,robust_no_spatial_prior,ok,,0.524572,0.688156,174.127700
val_000658,tvmonitor,robust_no_spatial_prior,ok,,0.654393,0.791098,185.141200
val_000659,horse,robust_no_spatial_prior,ok,,0.376214,0.546737,198.500000
val_000660,person,robust_no_spatial_prior,ok,,0.845297,0.916164,226.751900
val_000661,boat,robust_no_spatial_prior,ok,,0.477075,0.645973,207.020600
val_000662,bus,robust_no_spatial_prior,ok,,0.393006,0.564256,172.425600
val_000663,aeroplane,robust_no_spatial_prior,ok,,0.232521,0.377310,202.224800
val_000664,boat,robust_no_spatial_prior,ok,,0.691475,0.817600,211.413000
val_000665,bus,robust_no_spatial_prior,ok,,0.698246,0.822314,214.800100
val_000666,car,robust_no_spatial_prior,ok,,0.727120,0.842003,189.659500
val_000667,boat,robust_no_spatial_prior,ok,,0.564246,0.721429,185.753500
val_000668,sofa,robust_no_spatial_prior,ok,,0.737464,0.848897,64.752100
val_000669,pottedplant,robust_no_spatial_prior,ok,,0.386026,0.557026,211.608200
val_000670,car,robust_no_spatial_prior,ok,,0.800942,0.889470,208.522500
val_000671,bicycle,robust_no_spatial_prior,ok,,0.321634,0.486722,218.326300
val_000672,bird,robust_no_spatial_prior,ok,,0.671088,0.803175,227.356100
val_000673,train,robust_no_spatial_prior,ok,,0.362779,0.532411,220.515000
val_000674,cow,robust_no_spatial_prior,ok,,0.603556,0.752772,230.006100
val_000675,bird,robust_no_spatial_prior,ok,,0.382739,0.553596,231.221400
val_000676,sheep,robust_no_spatial_prior,ok,,0.567684,0.724233,212.826200
val_000677,person,robust_no_spatial_prior,ok,,0.660207,0.795331,173.770900
val_000678,horse,robust_no_spatial_prior,ok,,0.395136,0.566448,206.617600
val_000679,train,robust_no_spatial_prior,ok,,0.636280,0.777715,202.486900
val_000680,cat,robust_no_spatial_prior,ok,,0.611439,0.758873,209.627900
val_000681,boat,robust_no_spatial_prior,ok,,0.498587,0.665409,207.478400
val_000682,horse,robust_no_spatial_prior,ok,,0.714418,0.833424,173.730900
val_000683,motorbike,robust_no_spatial_prior,ok,,0.506880,0.672754,189.655600
val_000684,cow,robust_no_spatial_prior,ok,,0.333810,0.500536,185.119100
val_000685,sofa,robust_no_spatial_prior,ok,,0.746626,0.854935,162.901200
val_000686,cow,robust_no_spatial_prior,ok,,0.805937,0.892542,190.089500
val_000687,car,robust_no_spatial_prior,ok,,0.634571,0.776437,191.858300
val_000688,boat,robust_no_spatial_prior,ok,,0.825710,0.904536,187.560000
val_000689,dog,robust_no_spatial_prior,ok,,0.682258,0.811121,192.110600
val_000690,bottle,robust_no_spatial_prior,ok,,0.602993,0.752334,203.837600
val_000691,train,robust_no_spatial_prior,ok,,0.781907,0.877607,159.584000
val_000692,bird,robust_no_spatial_prior,ok,,0.610548,0.758187,227.464400
val_000693,dog,robust_no_spatial_prior,ok,,0.589645,0.741858,192.009800
val_000694,boat,robust_no_spatial_prior,ok,,0.547205,0.707347,138.296300
val_000695,sheep,robust_no_spatial_prior,ok,,0.539398,0.700791,217.296300
val_000696,horse,robust_no_spatial_prior,ok,,0.798703,0.888088,220.862500
val_000697,dog,robust_no_spatial_prior,ok,,0.626380,0.770275,217.901500
val_000698,cat,robust_no_spatial_prior,ok,,0.307972,0.470916,225.639600
val_000699,dog,robust_no_spatial_prior,ok,,0.411277,0.582844,206.875500
val_000700,bird,robust_no_spatial_prior,ok,,0.283867,0.442206,220.020200
val_000701,bird,robust_no_spatial_prior,ok,,0.567242,0.723873,192.616500
val_000702,cat,robust_no_spatial_prior,ok,,0.722354,0.838799,222.757500
val_000703,bus,robust_no_spatial_prior,ok,,0.768079,0.868829,209.355900
val_000704,bird,robust_no_spatial_prior,ok,,0.770691,0.870497,284.819200
val_000705,bird,robust_no_spatial_prior,ok,,0.720271,0.837393,209.984400
val_000706,diningtable,robust_no_spatial_prior,ok,,0.820942,0.901668,219.146500
val_000707,car,robust_no_spatial_prior,ok,,0.645692,0.784706,220.756400
val_000708,car,robust_no_spatial_prior,ok,,0.344662,0.512637,193.562800
val_000709,bottle,robust_no_spatial_prior,ok,,0.565336,0.722319,180.919800
val_000710,person,robust_no_spatial_prior,ok,,0.667259,0.800427,182.217100
val_000711,train,robust_no_spatial_prior,ok,,0.660598,0.795614,218.444300
val_000712,bird,robust_no_spatial_prior,ok,,0.834369,0.909707,257.826800
val_000713,aeroplane,robust_no_spatial_prior,ok,,0.336035,0.503033,180.912000
val_000714,train,robust_no_spatial_prior,ok,,0.585492,0.738562,182.848600
val_000715,tvmonitor,robust_no_spatial_prior,ok,,0.821921,0.902257,225.045400
val_000716,cat,robust_no_spatial_prior,ok,,0.600153,0.750119,186.429500
val_000717,cat,robust_no_spatial_prior,ok,,0.652185,0.789482,218.101700
val_000718,horse,robust_no_spatial_prior,ok,,0.581119,0.735073,231.641400
val_000719,sheep,robust_no_spatial_prior,ok,,0.747490,0.855502,219.830600
val_000720,dog,robust_no_spatial_prior,ok,,0.593993,0.745289,175.319100
val_000721,car,robust_no_spatial_prior,ok,,0.727835,0.842482,219.330500
val_000722,bird,robust_no_spatial_prior,ok,,0.667691,0.800737,182.836300
val_000723,bird,robust_no_spatial_prior,ok,,0.790931,0.883263,178.174700
val_000724,sofa,robust_no_spatial_prior,ok,,0.516733,0.681377,212.909800
val_000725,person,robust_no_spatial_prior,ok,,0.565406,0.722376,180.805900
val_000726,bird,robust_no_spatial_prior,ok,,0.415234,0.586806,232.938000
val_000727,pottedplant,robust_no_spatial_prior,ok,,0.323531,0.488891,195.502500
val_000728,dog,robust_no_spatial_prior,ok,,0.794827,0.885686,223.838400
val_000729,person,robust_no_spatial_prior,ok,,0.635890,0.777424,224.405600
val_000730,sofa,robust_no_spatial_prior,ok,,0.819613,0.900865,173.461400
val_000731,bird,robust_no_spatial_prior,ok,,0.848335,0.917945,195.212000
val_000732,sheep,robust_no_spatial_prior,ok,,0.742214,0.852035,248.872500
val_000733,sofa,robust_no_spatial_prior,ok,,0.485419,0.653579,251.226200
val_000734,bus,robust_no_spatial_prior,ok,,0.552173,0.711484,221.620900
val_000735,bus,robust_no_spatial_prior,ok,,0.550054,0.709723,191.503000
val_000736,bottle,robust_no_spatial_prior,ok,,0.299764,0.461259,163.171400
val_000737,aeroplane,robust_no_spatial_prior,ok,,0.716711,0.834982,187.130400
val_000738,aeroplane,robust_no_spatial_prior,ok,,0.582379,0.736080,183.939700
val_000739,bus,robust_no_spatial_prior,ok,,0.686919,0.814407,161.708500
val_000740,boat,robust_no_spatial_prior,ok,,0.745115,0.853944,211.426800
val_000741,sheep,robust_no_spatial_prior,ok,,0.668888,0.801597,279.915500
val_000742,dog,robust_no_spatial_prior,ok,,0.679327,0.809047,175.325900
val_000743,cow,robust_no_spatial_prior,ok,,0.479279,0.647990,198.638400
val_000744,person,robust_no_spatial_prior,ok,,0.497463,0.664408,185.734200
val_000745,sheep,robust_no_spatial_prior,ok,,0.577172,0.731908,216.542600
val_000746,tvmonitor,robust_no_spatial_prior,ok,,0.734758,0.847101,194.581200
val_000747,horse,robust_no_spatial_prior,ok,,0.534455,0.696606,182.482100
val_000748,cow,robust_no_spatial_prior,ok,,0.480719,0.649305,186.257200
val_000749,cow,robust_no_spatial_prior,ok,,0.779683,0.876204,202.549600
val_000750,dog,robust_no_spatial_prior,ok,,0.725109,0.840653,192.616600
val_000751,car,robust_no_spatial_prior,ok,,0.458471,0.628701,182.911300
val_000752,horse,robust_no_spatial_prior,ok,,0.771585,0.871068,223.422900
val_000753,cow,robust_no_spatial_prior,ok,,0.451957,0.622548,206.974500
val_000754,person,robust_no_spatial_prior,ok,,0.199187,0.332203,179.838400
val_000755,train,robust_no_spatial_prior,ok,,0.527497,0.690668,195.179100
val_000756,cow,robust_no_spatial_prior,ok,,0.774630,0.873005,213.738200
val_000757,bus,robust_no_spatial_prior,ok,,0.712161,0.831885,221.080600
val_000758,motorbike,robust_no_spatial_prior,ok,,0.453667,0.624170,291.137100
val_000759,train,robust_no_spatial_prior,ok,,0.407867,0.579411,195.931500
val_000760,cat,robust_no_spatial_prior,ok,,0.559593,0.717614,172.354000
val_000761,train,robust_no_spatial_prior,ok,,0.764251,0.866375,179.418100
val_000762,bicycle,robust_no_spatial_prior,ok,,0.134911,0.237748,208.152800
val_000763,motorbike,robust_no_spatial_prior,ok,,0.365438,0.535269,181.431100
val_000764,aeroplane,robust_no_spatial_prior,ok,,0.820669,0.901503,159.253200
val_000765,person,robust_no_spatial_prior,ok,,0.433639,0.604949,204.064400
val_000766,tvmonitor,robust_no_spatial_prior,ok,,0.778441,0.875420,212.866500
val_000767,person,robust_no_spatial_prior,ok,,0.385223,0.556189,186.324000
val_000768,motorbike,robust_no_spatial_prior,ok,,0.243093,0.391111,219.056900
val_000769,sofa,robust_no_spatial_prior,ok,,0.461280,0.631337,219.762400
val_000770,chair,robust_no_spatial_prior,ok,,0.535730,0.697688,212.118900
val_000771,dog,robust_no_spatial_prior,ok,,0.909409,0.952555,225.861600
val_000772,diningtable,robust_no_spatial_prior,ok,,0.224360,0.366493,180.391500
val_000773,bottle,robust_no_spatial_prior,ok,,0.559899,0.717866,159.712800
val_000774,cat,robust_no_spatial_prior,ok,,0.382059,0.552884,198.002400
val_000775,bus,robust_no_spatial_prior,ok,,0.528225,0.691292,188.855400
val_000776,dog,robust_no_spatial_prior,ok,,0.399006,0.570413,176.433000
val_000777,cow,robust_no_spatial_prior,ok,,0.680103,0.809596,185.125200
val_000778,tvmonitor,robust_no_spatial_prior,ok,,0.768402,0.869035,214.857100
val_000779,train,robust_no_spatial_prior,ok,,0.387400,0.558455,174.930300
val_000780,sofa,robust_no_spatial_prior,ok,,0.698535,0.822515,191.791100
val_000781,tvmonitor,robust_no_spatial_prior,ok,,0.914691,0.955445,190.116900
val_000782,person,robust_no_spatial_prior,ok,,0.349444,0.517908,216.959400
val_000783,boat,robust_no_spatial_prior,ok,,0.154758,0.268035,205.475600
val_000784,bottle,robust_no_spatial_prior,ok,,0.781002,0.877037,235.916400
val_000785,bird,robust_no_spatial_prior,ok,,0.813224,0.896992,182.518200
val_000786,car,robust_no_spatial_prior,ok,,0.910531,0.953171,186.563600
val_000787,cow,robust_no_spatial_prior,ok,,0.872873,0.932122,206.924600
val_000788,train,robust_no_spatial_prior,ok,,0.522842,0.686666,220.463100
val_000789,bottle,robust_no_spatial_prior,ok,,0.378398,0.549040,206.889400
val_000790,motorbike,robust_no_spatial_prior,ok,,0.324092,0.489531,215.339700
val_000791,boat,robust_no_spatial_prior,ok,,0.608178,0.756357,183.346500
val_000792,sofa,robust_no_spatial_prior,ok,,0.863027,0.926478,186.973700
val_000793,bottle,robust_no_spatial_prior,ok,,0.332477,0.499036,107.144000
val_000794,cat,robust_no_spatial_prior,ok,,0.410809,0.582374,210.742500
val_000795,pottedplant,robust_no_spatial_prior,ok,,0.875083,0.933381,204.281700
val_000796,aeroplane,robust_no_spatial_prior,ok,,0.378663,0.549319,179.780400
val_000797,bottle,robust_no_spatial_prior,ok,,0.898974,0.946800,189.225200
val_000798,train,robust_no_spatial_prior,ok,,0.753742,0.859581,128.093300
val_000799,aeroplane,robust_no_spatial_prior,ok,,0.159271,0.274778,179.820600
val_000800,bicycle,robust_no_spatial_prior,ok,,0.195726,0.327376,213.539400
val_000801,cat,robust_no_spatial_prior,ok,,0.538375,0.699927,214.198700
val_000802,horse,robust_no_spatial_prior,ok,,0.511663,0.676953,162.312800
val_000803,train,robust_no_spatial_prior,ok,,0.522417,0.686300,209.121600
val_000804,car,robust_no_spatial_prior,ok,,0.350004,0.518522,177.901400
val_000805,diningtable,robust_no_spatial_prior,ok,,0.789941,0.882645,202.454300
val_000806,aeroplane,robust_no_spatial_prior,ok,,0.745118,0.853946,183.219400
val_000807,boat,robust_no_spatial_prior,ok,,0.830232,0.907243,209.772000
val_000808,cow,robust_no_spatial_prior,ok,,0.590530,0.742557,176.041200
val_000809,dog,robust_no_spatial_prior,ok,,0.876776,0.934343,200.265800
val_000810,person,robust_no_spatial_prior,ok,,0.437223,0.608428,217.698900
val_000811,diningtable,robust_no_spatial_prior,ok,,0.812624,0.896627,193.490200
val_000812,boat,robust_no_spatial_prior,ok,,0.579055,0.733420,207.597400
val_000813,train,robust_no_spatial_prior,ok,,0.468738,0.638287,213.386400
val_000814,sofa,robust_no_spatial_prior,ok,,0.725225,0.840731,219.419700
val_000815,bicycle,robust_no_spatial_prior,ok,,0.125213,0.222558,223.388400
val_000816,motorbike,robust_no_spatial_prior,ok,,0.766262,0.867665,205.995400
val_000817,dog,robust_no_spatial_prior,ok,,0.529153,0.692087,196.419900
val_000818,bicycle,robust_no_spatial_prior,ok,,0.215606,0.354730,221.172500
val_000819,dog,robust_no_spatial_prior,ok,,0.759941,0.863598,185.442900
val_000820,person,robust_no_spatial_prior,ok,,0.580052,0.734219,199.216100
val_000821,bird,robust_no_spatial_prior,ok,,0.282147,0.440116,237.428500
val_000822,train,robust_no_spatial_prior,ok,,0.767359,0.868368,188.276500
val_000823,bus,robust_no_spatial_prior,ok,,0.769700,0.869865,185.247800
val_000824,train,robust_no_spatial_prior,ok,,0.571190,0.727079,182.474400
val_000825,horse,robust_no_spatial_prior,ok,,0.424314,0.595815,266.462000
val_000826,bicycle,robust_no_spatial_prior,ok,,0.132649,0.234227,167.391200
val_000827,bird,robust_no_spatial_prior,ok,,0.518762,0.683138,269.803100
val_000828,car,robust_no_spatial_prior,ok,,0.514597,0.679517,220.651900
val_000829,car,robust_no_spatial_prior,ok,,0.801068,0.889548,154.002000
val_000830,train,robust_no_spatial_prior,ok,,0.726432,0.841541,205.199200
val_000831,bird,robust_no_spatial_prior,ok,,0.527452,0.690630,230.305000
val_000832,dog,robust_no_spatial_prior,ok,,0.408538,0.580088,215.950600
val_000833,horse,robust_no_spatial_prior,ok,,0.566278,0.723087,198.812100
val_000834,person,robust_no_spatial_prior,ok,,0.714059,0.833179,214.895200
val_000835,bird,robust_no_spatial_prior,ok,,0.512883,0.678021,198.572600
val_000836,boat,robust_no_spatial_prior,ok,,0.659283,0.794660,193.648200
val_000837,diningtable,robust_no_spatial_prior,ok,,0.310468,0.473828,201.221100
val_000838,bottle,robust_no_spatial_prior,ok,,0.604463,0.753477,222.821300
val_000839,tvmonitor,robust_no_spatial_prior,ok,,0.556546,0.715104,209.548900
val_000840,cow,robust_no_spatial_prior,ok,,0.742470,0.852204,184.153900
val_000841,car,robust_no_spatial_prior,ok,,0.777409,0.874766,156.780700
val_000842,tvmonitor,robust_no_spatial_prior,ok,,0.778545,0.875485,280.605000
val_000843,sofa,robust_no_spatial_prior,ok,,0.814865,0.897990,221.252900
val_000844,cow,robust_no_spatial_prior,ok,,0.392471,0.563704,211.539900
val_000845,person,robust_no_spatial_prior,ok,,0.343283,0.511110,185.047100
val_000846,car,robust_no_spatial_prior,ok,,0.747437,0.855466,211.238000
val_000847,sofa,robust_no_spatial_prior,ok,,0.583795,0.737210,199.480400
val_000848,bird,robust_no_spatial_prior,ok,,0.426890,0.598351,214.776400
val_000849,sheep,robust_no_spatial_prior,ok,,0.692944,0.818626,214.803800
val_000850,aeroplane,robust_no_spatial_prior,ok,,0.308801,0.471884,179.665000
val_000851,bus,robust_no_spatial_prior,ok,,0.675622,0.806413,210.967600
val_000852,boat,robust_no_spatial_prior,ok,,0.456574,0.626915,179.230600
val_000853,dog,robust_no_spatial_prior,ok,,0.659667,0.794939,190.818100
val_000854,cat,robust_no_spatial_prior,ok,,0.594327,0.745552,174.755900
val_000855,cow,robust_no_spatial_prior,ok,,0.579910,0.734105,170.230200
val_000856,horse,robust_no_spatial_prior,ok,,0.552267,0.711562,206.702100
val_000857,aeroplane,robust_no_spatial_prior,ok,,0.609274,0.757204,176.504300
val_000858,dog,robust_no_spatial_prior,ok,,0.844000,0.915402,205.525100
val_000859,person,robust_no_spatial_prior,ok,,0.941046,0.969628,211.193800
val_000860,tvmonitor,robust_no_spatial_prior,ok,,0.743070,0.852599,199.853600
val_000861,bird,robust_no_spatial_prior,ok,,0.378779,0.549442,196.787600
val_000862,tvmonitor,robust_no_spatial_prior,ok,,0.380293,0.551032,208.819800
val_000863,horse,robust_no_spatial_prior,ok,,0.511200,0.676549,206.057800
val_000864,cat,robust_no_spatial_prior,ok,,0.866022,0.928202,181.585200
val_000865,dog,robust_no_spatial_prior,ok,,0.437833,0.609018,221.847600
val_000866,train,robust_no_spatial_prior,ok,,0.477540,0.646399,202.703500
val_000867,bicycle,robust_no_spatial_prior,ok,,0.180893,0.306366,209.621900
val_000868,person,robust_no_spatial_prior,ok,,0.510907,0.676292,204.133100
val_000869,bird,robust_no_spatial_prior,ok,,0.306037,0.468650,99.970100
val_000870,dog,robust_no_spatial_prior,ok,,0.446338,0.617197,184.153200
val_000871,motorbike,robust_no_spatial_prior,ok,,0.225482,0.367989,181.023100
val_000872,sheep,robust_no_spatial_prior,ok,,0.281946,0.439872,211.922500
val_000873,bus,robust_no_spatial_prior,ok,,0.875333,0.933523,206.738200
val_000874,bird,robust_no_spatial_prior,ok,,0.347399,0.515659,213.750800
val_000875,sofa,robust_no_spatial_prior,ok,,0.846111,0.916641,181.082100
val_000876,boat,robust_no_spatial_prior,ok,,0.203125,0.337662,216.850800
val_000877,diningtable,robust_no_spatial_prior,ok,,0.495216,0.662400,213.669100
val_000878,chair,robust_no_spatial_prior,ok,,0.529203,0.692129,185.093200
val_000879,person,robust_no_spatial_prior,ok,,0.597079,0.747714,217.468000
val_000880,bottle,robust_no_spatial_prior,ok,,0.527129,0.690353,207.700000
val_000881,cat,robust_no_spatial_prior,ok,,0.909897,0.952823,179.187600
val_000882,train,robust_no_spatial_prior,ok,,0.869551,0.930224,212.622800
val_000883,sofa,robust_no_spatial_prior,ok,,0.885301,0.939162,208.237800
val_000884,bottle,robust_no_spatial_prior,ok,,0.635354,0.777023,231.015100
val_000885,motorbike,robust_no_spatial_prior,ok,,0.603093,0.752412,180.871800
val_000886,car,robust_no_spatial_prior,ok,,0.691774,0.817809,215.170000
val_000887,horse,robust_no_spatial_prior,ok,,0.781074,0.877082,209.498600
val_000888,cat,robust_no_spatial_prior,ok,,0.482241,0.650691,204.840300
val_000889,dog,robust_no_spatial_prior,ok,,0.443696,0.614667,180.744500
val_000890,bird,robust_no_spatial_prior,ok,,0.889680,0.941620,217.947500
val_000891,bird,robust_no_spatial_prior,ok,,0.811782,0.896114,219.177700
val_000892,bird,robust_no_spatial_prior,ok,,0.315106,0.479210,191.283900
val_000893,bottle,robust_no_spatial_prior,ok,,0.785162,0.879654,185.761800
val_000894,dog,robust_no_spatial_prior,ok,,0.579237,0.733566,207.354900
val_000895,bus,robust_no_spatial_prior,ok,,0.748453,0.856132,183.563100
val_000896,dog,robust_no_spatial_prior,ok,,0.600885,0.750691,189.700300
val_000897,car,robust_no_spatial_prior,ok,,0.936182,0.967039,178.138000
val_000898,boat,robust_no_spatial_prior,ok,,0.349778,0.518275,206.959900
val_000899,aeroplane,robust_no_spatial_prior,ok,,0.540261,0.701519,214.179200
val_000900,sofa,robust_no_spatial_prior,ok,,0.828239,0.906051,219.227400
val_000901,cat,robust_no_spatial_prior,ok,,0.495068,0.662268,210.122100
val_000902,train,robust_no_spatial_prior,ok,,0.613086,0.760141,220.097300
val_000903,bus,robust_no_spatial_prior,ok,,0.740520,0.850918,206.012800
val_000904,motorbike,robust_no_spatial_prior,ok,,0.487038,0.655044,185.805800
val_000905,car,robust_no_spatial_prior,ok,,0.675413,0.806265,185.398700
val_000906,bus,robust_no_spatial_prior,ok,,0.705704,0.827463,197.114100
val_000907,train,robust_no_spatial_prior,ok,,0.351752,0.520439,191.501900
val_000908,motorbike,robust_no_spatial_prior,ok,,0.382582,0.553431,183.145500
val_000909,person,robust_no_spatial_prior,ok,,0.689630,0.816309,215.531000
val_000910,diningtable,robust_no_spatial_prior,ok,,0.551521,0.710942,209.237700
val_000911,bus,robust_no_spatial_prior,ok,,0.632153,0.774625,207.911000
val_000912,bicycle,robust_no_spatial_prior,ok,,0.086699,0.159564,225.749300
val_000913,bird,robust_no_spatial_prior,ok,,0.217345,0.357081,194.421500
val_000914,bird,robust_no_spatial_prior,ok,,0.576179,0.731109,170.785700
val_000915,horse,robust_no_spatial_prior,ok,,0.660140,0.795282,258.100500
val_000916,aeroplane,robust_no_spatial_prior,ok,,0.562049,0.719631,221.629700
val_000917,motorbike,robust_no_spatial_prior,ok,,0.649683,0.787646,179.843000
val_000918,sofa,robust_no_spatial_prior,ok,,0.798723,0.888100,201.342300
val_000919,person,robust_no_spatial_prior,ok,,0.588947,0.741304,187.390800
val_000920,person,robust_no_spatial_prior,ok,,0.591832,0.743586,208.443800
val_000921,motorbike,robust_no_spatial_prior,ok,,0.457517,0.627803,188.735200
val_000922,person,robust_no_spatial_prior,ok,,0.309909,0.473176,235.243100
val_000923,sheep,robust_no_spatial_prior,ok,,0.908116,0.951846,228.999100
val_000924,bird,robust_no_spatial_prior,ok,,0.598899,0.749139,194.415300
val_000925,train,robust_no_spatial_prior,ok,,0.753849,0.859651,74.432600
val_000926,bicycle,robust_no_spatial_prior,ok,,0.126156,0.224047,240.197100
val_000927,cat,robust_no_spatial_prior,ok,,0.854320,0.921438,206.592300
val_000928,aeroplane,robust_no_spatial_prior,ok,,0.588550,0.740991,180.211200
val_000929,bottle,robust_no_spatial_prior,ok,,0.552140,0.711457,178.390200
val_000930,horse,robust_no_spatial_prior,ok,,0.884475,0.938697,237.870800
val_000931,cat,robust_no_spatial_prior,ok,,0.378743,0.549403,202.195100
val_000932,train,robust_no_spatial_prior,ok,,0.802935,0.890698,188.837500
val_000933,bus,robust_no_spatial_prior,ok,,0.737261,0.848762,202.643700
val_000934,bird,robust_no_spatial_prior,ok,,0.567038,0.723707,220.532500
val_000935,bird,robust_no_spatial_prior,ok,,0.670511,0.802761,221.677200
val_000936,bottle,robust_no_spatial_prior,ok,,0.683609,0.812076,214.001100
val_000937,chair,robust_no_spatial_prior,ok,,0.350462,0.519026,212.169400
val_000938,horse,robust_no_spatial_prior,ok,,0.501519,0.668015,268.580600
val_000939,bicycle,robust_no_spatial_prior,ok,,0.317944,0.482485,214.199900
val_000940,person,robust_no_spatial_prior,ok,,0.651358,0.788876,184.309600
val_000941,boat,robust_no_spatial_prior,ok,,0.526596,0.689895,216.514800
val_000942,motorbike,robust_no_spatial_prior,ok,,0.217832,0.357738,219.092800
val_000943,dog,robust_no_spatial_prior,ok,,0.930337,0.963911,190.656000
val_000944,dog,robust_no_spatial_prior,ok,,0.397681,0.569058,175.977300
val_000945,car,robust_no_spatial_prior,ok,,0.379282,0.549971,211.051700
val_000946,cat,robust_no_spatial_prior,ok,,0.665520,0.799174,196.384000
val_000947,person,robust_no_spatial_prior,ok,,0.678261,0.808290,214.766700
val_000948,dog,robust_no_spatial_prior,ok,,0.670983,0.803100,63.981300
val_000949,aeroplane,robust_no_spatial_prior,ok,,0.526830,0.690096,174.628800
val_000950,bird,robust_no_spatial_prior,ok,,0.354859,0.523832,184.611600
val_000951,sofa,robust_no_spatial_prior,ok,,0.606232,0.754850,171.632300
val_000952,boat,robust_no_spatial_prior,ok,,0.833707,0.909313,161.641600
val_000953,sofa,robust_no_spatial_prior,ok,,0.862950,0.926434,199.014400
val_000954,sheep,robust_no_spatial_prior,ok,,0.485134,0.653320,197.959000
val_000955,tvmonitor,robust_no_spatial_prior,ok,,0.829938,0.907067,218.252200
val_000956,pottedplant,robust_no_spatial_prior,ok,,0.561668,0.719318,126.671500
val_000957,bird,robust_no_spatial_prior,ok,,0.658509,0.794098,192.139000
val_000958,bicycle,robust_no_spatial_prior,ok,,0.237472,0.383802,219.107600
val_000959,car,robust_no_spatial_prior,ok,,0.735921,0.847874,154.803900
val_000960,dog,robust_no_spatial_prior,ok,,0.650134,0.787977,215.846900
val_000961,bottle,robust_no_spatial_prior,ok,,0.619371,0.764952,187.543700
val_000962,cow,robust_no_spatial_prior,ok,,0.648923,0.787087,222.912800
val_000963,bird,robust_no_spatial_prior,ok,,0.358456,0.527740,225.318400
val_000964,person,robust_no_spatial_prior,ok,,0.825805,0.904593,222.931100
val_000965,cat,robust_no_spatial_prior,ok,,0.635687,0.777272,207.073200
val_000966,person,robust_no_spatial_prior,ok,,0.470040,0.639493,157.386000
val_000967,aeroplane,robust_no_spatial_prior,ok,,0.764803,0.866729,178.505800
val_000968,bus,robust_no_spatial_prior,ok,,0.846914,0.917112,212.559400
val_000969,aeroplane,robust_no_spatial_prior,ok,,0.410718,0.582282,215.196000
val_000970,car,robust_no_spatial_prior,ok,,0.626643,0.770474,213.634600
val_000971,pottedplant,robust_no_spatial_prior,ok,,0.594749,0.745884,217.868700
val_000972,horse,robust_no_spatial_prior,ok,,0.290865,0.450651,194.773600
val_000973,boat,robust_no_spatial_prior,ok,,0.731051,0.844633,136.225200
val_000974,bus,robust_no_spatial_prior,ok,,0.819988,0.901091,143.739400
val_000975,cat,robust_no_spatial_prior,ok,,0.676333,0.806920,191.084100
val_000976,cat,robust_no_spatial_prior,ok,,0.594858,0.745970,110.828200
val_000977,person,robust_no_spatial_prior,ok,,0.393342,0.564602,222.387600
val_000978,train,robust_no_spatial_prior,ok,,0.897435,0.945946,189.270000
val_000979,dog,robust_no_spatial_prior,ok,,0.288059,0.447276,205.015600
val_000980,bird,robust_no_spatial_prior,ok,,0.293616,0.453946,220.377400
val_000981,bird,robust_no_spatial_prior,ok,,0.750085,0.857199,225.638000
val_000982,horse,robust_no_spatial_prior,ok,,0.616254,0.762571,174.365800
val_000983,dog,robust_no_spatial_prior,ok,,0.608171,0.756351,221.882200
val_000984,boat,robust_no_spatial_prior,ok,,0.617969,0.763883,201.567000
val_000985,cow,robust_no_spatial_prior,ok,,0.886259,0.939700,215.248500
val_000986,bird,robust_no_spatial_prior,ok,,0.880528,0.936469,197.653400
val_000987,motorbike,robust_no_spatial_prior,ok,,0.360190,0.529617,178.554800
val_000988,cat,robust_no_spatial_prior,ok,,0.733235,0.846088,187.699600
val_000989,car,robust_no_spatial_prior,ok,,0.673706,0.805047,202.087100
val_000990,bird,robust_no_spatial_prior,ok,,0.571439,0.727281,199.053500
val_000991,cow,robust_no_spatial_prior,ok,,0.766985,0.868128,178.223400
val_000992,cow,robust_no_spatial_prior,ok,,0.508860,0.674496,190.570200
val_000993,sheep,robust_no_spatial_prior,ok,,0.489789,0.657528,215.225300
val_000994,bird,robust_no_spatial_prior,ok,,0.290527,0.450246,167.752400
val_000995,aeroplane,robust_no_spatial_prior,ok,,0.164742,0.282881,235.666600
val_000996,aeroplane,robust_no_spatial_prior,ok,,0.753402,0.859360,185.313500
val_000997,boat,robust_no_spatial_prior,ok,,0.458077,0.628330,204.462800
val_000998,bird,robust_no_spatial_prior,ok,,0.473883,0.643040,215.236700
val_000999,bird,robust_no_spatial_prior,ok,,0.411310,0.582877,234.687100
val_001000,cat,robust_no_spatial_prior,ok,,0.796608,0.886791,213.368000
val_001001,sheep,robust_no_spatial_prior,ok,,0.543383,0.704146,187.932100
val_001002,train,robust_no_spatial_prior,ok,,0.688974,0.815849,194.395900
val_001003,dog,robust_no_spatial_prior,ok,,0.663514,0.797726,217.270900
val_001004,sofa,robust_no_spatial_prior,ok,,0.875295,0.933501,218.310600
val_001005,train,robust_no_spatial_prior,ok,,0.269533,0.424617,216.010100
val_001006,aeroplane,robust_no_spatial_prior,ok,,0.910868,0.953355,180.468600
val_001007,bus,robust_no_spatial_prior,ok,,0.825608,0.904475,185.417900
val_001008,bicycle,robust_no_spatial_prior,ok,,0.247366,0.396622,234.562500
val_001009,motorbike,robust_no_spatial_prior,ok,,0.621500,0.766575,208.772800
val_001010,sheep,robust_no_spatial_prior,ok,,0.752267,0.858621,216.527900
val_001011,dog,robust_no_spatial_prior,ok,,0.877515,0.934762,210.091800
val_001012,cat,robust_no_spatial_prior,ok,,0.772790,0.871835,227.389300
val_001013,motorbike,robust_no_spatial_prior,ok,,0.521592,0.685587,201.444900
val_001014,sofa,robust_no_spatial_prior,ok,,0.286651,0.445577,212.020000
val_001015,cat,robust_no_spatial_prior,ok,,0.691638,0.817714,208.241800
val_001016,cat,robust_no_spatial_prior,ok,,0.641940,0.781928,184.701500
val_001017,person,robust_no_spatial_prior,ok,,0.443847,0.614812,228.333200
val_001018,dog,robust_no_spatial_prior,ok,,0.653760,0.790635,82.582600
val_001019,bus,robust_no_spatial_prior,ok,,0.824343,0.903715,187.770300
val_001020,aeroplane,robust_no_spatial_prior,ok,,0.794366,0.885400,210.069600
val_001021,horse,robust_no_spatial_prior,ok,,0.668115,0.801042,132.738500
val_001022,sheep,robust_no_spatial_prior,ok,,0.513099,0.678210,221.632500
val_001023,cat,robust_no_spatial_prior,ok,,0.643139,0.782817,208.349700
val_001024,motorbike,robust_no_spatial_prior,ok,,0.620629,0.765911,205.483000
val_001025,sheep,robust_no_spatial_prior,ok,,0.804542,0.891685,220.097600
val_001026,person,robust_no_spatial_prior,ok,,0.732442,0.845560,206.261700
val_001027,sheep,robust_no_spatial_prior,ok,,0.488719,0.656563,211.227800
val_001028,diningtable,robust_no_spatial_prior,ok,,0.728526,0.842945,211.778900
val_001029,bus,robust_no_spatial_prior,ok,,0.807402,0.893439,169.384300
val_001030,cat,robust_no_spatial_prior,ok,,0.666674,0.800005,207.647300
val_001031,cow,robust_no_spatial_prior,ok,,0.610132,0.757866,172.245800
val_001032,person,robust_no_spatial_prior,ok,,0.558207,0.716474,217.070300
val_001033,train,robust_no_spatial_prior,ok,,0.429705,0.601110,207.615300
val_001034,tvmonitor,robust_no_spatial_prior,ok,,0.858649,0.923950,180.802300
val_001035,person,robust_no_spatial_prior,ok,,0.433959,0.605260,207.793100
val_001036,dog,robust_no_spatial_prior,ok,,0.271437,0.426977,181.662500
val_001037,pottedplant,robust_no_spatial_prior,ok,,0.412417,0.583988,215.136600
val_001038,bird,robust_no_spatial_prior,ok,,0.693213,0.818814,212.455500
val_001039,bottle,robust_no_spatial_prior,ok,,0.462938,0.632888,202.807100
val_001040,diningtable,robust_no_spatial_prior,ok,,0.413773,0.585345,208.218100
val_001041,dog,robust_no_spatial_prior,ok,,0.426734,0.598197,211.254000
val_001042,cat,robust_no_spatial_prior,ok,,0.756529,0.861391,176.113300
val_001043,train,robust_no_spatial_prior,ok,,0.625312,0.769467,166.657000
val_001044,dog,robust_no_spatial_prior,ok,,0.736096,0.847990,190.367800
val_001045,sofa,robust_no_spatial_prior,ok,,0.912559,0.954281,177.798200
val_001046,car,robust_no_spatial_prior,ok,,0.730193,0.844059,178.263800
val_001047,bird,robust_no_spatial_prior,ok,,0.320216,0.485097,207.276200
val_001048,person,robust_no_spatial_prior,ok,,0.295651,0.456375,217.806200
val_001049,cat,robust_no_spatial_prior,ok,,0.716674,0.834957,206.195200
val_001050,bicycle,robust_no_spatial_prior,ok,,0.141814,0.248402,177.025100
val_001051,sheep,robust_no_spatial_prior,ok,,0.243565,0.391721,189.721900
val_001052,sofa,robust_no_spatial_prior,ok,,0.863026,0.926478,217.906500
val_001053,bird,robust_no_spatial_prior,ok,,0.665139,0.798899,211.919900
val_001054,cat,robust_no_spatial_prior,ok,,0.469276,0.638786,210.536300
val_001055,aeroplane,robust_no_spatial_prior,ok,,0.813645,0.897249,181.815300
val_001056,boat,robust_no_spatial_prior,ok,,0.803400,0.890984,181.904200
val_001057,horse,robust_no_spatial_prior,ok,,0.829220,0.906638,225.707000
val_001058,aeroplane,robust_no_spatial_prior,ok,,0.677666,0.807867,202.691400
val_001059,dog,robust_no_spatial_prior,ok,,0.764713,0.866671,200.804000
val_001060,sheep,robust_no_spatial_prior,ok,,0.315530,0.479701,214.344200
val_001061,motorbike,robust_no_spatial_prior,ok,,0.612280,0.759521,214.562300
val_001062,motorbike,robust_no_spatial_prior,ok,,0.774755,0.873084,216.349100
val_001063,cat,robust_no_spatial_prior,ok,,0.604193,0.753267,207.001900
val_001064,aeroplane,robust_no_spatial_prior,ok,,0.720008,0.837214,205.947900
val_001065,chair,robust_no_spatial_prior,ok,,0.274016,0.430162,211.286600
val_001066,cat,robust_no_spatial_prior,ok,,0.880372,0.936381,207.329500
val_001067,car,robust_no_spatial_prior,ok,,0.704080,0.826346,203.105700
val_001068,cow,robust_no_spatial_prior,ok,,0.511870,0.677135,216.958900
val_001069,motorbike,robust_no_spatial_prior,ok,,0.300626,0.462278,184.031700
val_001070,cat,robust_no_spatial_prior,ok,,0.487606,0.655558,222.616200
val_001071,bird,robust_no_spatial_prior,ok,,0.417903,0.589466,226.275500
val_001072,dog,robust_no_spatial_prior,ok,,0.560023,0.717967,217.041600
val_001073,cat,robust_no_spatial_prior,ok,,0.747115,0.855255,173.686000
val_001074,sofa,robust_no_spatial_prior,ok,,0.473326,0.642527,215.073600
val_001075,bicycle,robust_no_spatial_prior,ok,,0.080110,0.148338,220.192200
val_001076,chair,robust_no_spatial_prior,ok,,0.500316,0.666947,243.207500
val_001077,bus,robust_no_spatial_prior,ok,,0.467729,0.637351,177.595600
val_001078,person,robust_no_spatial_prior,ok,,0.853524,0.920974,206.354800
val_001079,train,robust_no_spatial_prior,ok,,0.693686,0.819143,212.802800
val_001080,horse,robust_no_spatial_prior,ok,,0.724481,0.840231,192.126800
val_001081,chair,robust_no_spatial_prior,ok,,0.468094,0.637690,214.395300
val_001082,cow,robust_no_spatial_prior,ok,,0.518293,0.682731,213.236400
val_001083,person,robust_no_spatial_prior,ok,,0.642802,0.782568,189.653100
val_001084,person,robust_no_spatial_prior,ok,,0.680514,0.809888,187.132800
val_001085,bus,robust_no_spatial_prior,ok,,0.471903,0.641215,221.189400
val_001086,cat,robust_no_spatial_prior,ok,,0.949431,0.974059,252.641200
val_001087,car,robust_no_spatial_prior,ok,,0.766921,0.868087,186.231900
val_001088,chair,robust_no_spatial_prior,ok,,0.578253,0.732776,218.294100
val_001089,car,robust_no_spatial_prior,ok,,0.547172,0.707319,188.977200
val_001090,aeroplane,robust_no_spatial_prior,ok,,0.515152,0.680000,102.990100
val_001091,car,robust_no_spatial_prior,ok,,0.728992,0.843256,203.945700
val_001092,person,robust_no_spatial_prior,ok,,0.465381,0.635167,217.363600
val_001093,dog,robust_no_spatial_prior,ok,,0.800210,0.889019,189.046000
val_001094,pottedplant,robust_no_spatial_prior,ok,,0.656302,0.792491,211.617900
val_001095,aeroplane,robust_no_spatial_prior,ok,,0.273461,0.429476,204.630300
val_001096,aeroplane,robust_no_spatial_prior,ok,,0.382654,0.553506,179.735500
val_001097,bird,robust_no_spatial_prior,ok,,0.559248,0.717330,183.207900
val_001098,cow,robust_no_spatial_prior,ok,,0.690649,0.817022,222.523900
val_001099,dog,robust_no_spatial_prior,ok,,0.653152,0.790190,205.559300
val_001100,motorbike,robust_no_spatial_prior,ok,,0.660148,0.795288,217.858800
val_001101,car,robust_no_spatial_prior,ok,,0.696029,0.820775,296.393500
val_001102,cow,robust_no_spatial_prior,ok,,0.491003,0.658621,201.823800
val_001103,cat,robust_no_spatial_prior,ok,,0.470526,0.639942,273.948800
val_001104,car,robust_no_spatial_prior,ok,,0.543344,0.704112,203.571100
val_001105,bus,robust_no_spatial_prior,ok,,0.717608,0.835590,182.609000
val_001106,chair,robust_no_spatial_prior,ok,,0.573408,0.728874,203.943700
val_001107,person,robust_no_spatial_prior,ok,,0.857158,0.923086,213.623800
val_001108,bird,robust_no_spatial_prior,ok,,0.567405,0.724006,216.759400
val_001109,aeroplane,robust_no_spatial_prior,ok,,0.503995,0.670208,165.381700
val_001110,car,robust_no_spatial_prior,ok,,0.605089,0.753963,169.636300
val_001111,cat,robust_no_spatial_prior,ok,,0.791858,0.883840,199.718300
val_001112,person,robust_no_spatial_prior,ok,,0.578881,0.733280,201.449500
val_001113,bird,robust_no_spatial_prior,ok,,0.340965,0.508537,197.443700
val_001114,car,robust_no_spatial_prior,ok,,0.435642,0.606895,204.784000
val_001115,car,robust_no_spatial_prior,ok,,0.772508,0.871656,168.669600
val_001116,cat,robust_no_spatial_prior,ok,,0.559817,0.717798,213.064900
val_001117,bird,robust_no_spatial_prior,ok,,0.756344,0.861271,196.687400
val_001118,aeroplane,robust_no_spatial_prior,ok,,0.762456,0.865220,185.307100
val_001119,dog,robust_no_spatial_prior,ok,,0.511491,0.676803,210.627800
val_001120,train,robust_no_spatial_prior,ok,,0.504626,0.670766,210.063300
val_001121,diningtable,robust_no_spatial_prior,ok,,0.897202,0.945816,219.619800
val_001122,horse,robust_no_spatial_prior,ok,,0.728133,0.842682,207.801700
val_001123,sheep,robust_no_spatial_prior,ok,,0.852731,0.920512,175.331100
val_001124,boat,robust_no_spatial_prior,ok,,0.390963,0.562147,227.196300
val_001125,diningtable,robust_no_spatial_prior,ok,,0.729411,0.843537,213.102400
val_001126,cat,robust_no_spatial_prior,ok,,0.423226,0.594742,189.475400
val_001127,train,robust_no_spatial_prior,ok,,0.542079,0.703050,218.363800
val_001128,aeroplane,robust_no_spatial_prior,ok,,0.337520,0.504695,180.790500
val_001129,dog,robust_no_spatial_prior,ok,,0.670187,0.802529,209.916300
val_001130,cat,robust_no_spatial_prior,ok,,0.747969,0.855815,177.051500
val_001131,cat,robust_no_spatial_prior,ok,,0.775971,0.873855,177.807700
val_001132,car,robust_no_spatial_prior,ok,,0.408465,0.580014,157.176000
val_001133,bird,robust_no_spatial_prior,ok,,0.640113,0.780572,214.893600
val_001134,bus,robust_no_spatial_prior,ok,,0.748685,0.856284,212.457100
val_001135,cat,robust_no_spatial_prior,ok,,0.910282,0.953034,206.695900
val_001136,car,robust_no_spatial_prior,ok,,0.716641,0.834934,206.775900
val_001137,bird,robust_no_spatial_prior,ok,,0.689966,0.816544,131.111600
val_001138,car,robust_no_spatial_prior,ok,,0.309272,0.472434,179.127900
val_001139,bicycle,robust_no_spatial_prior,ok,,0.218138,0.358149,233.398600
val_001140,aeroplane,robust_no_spatial_prior,ok,,0.419931,0.591481,231.146900
val_001141,motorbike,robust_no_spatial_prior,ok,,0.479049,0.647780,189.508800
val_001142,train,robust_no_spatial_prior,ok,,0.738166,0.849362,212.007900
val_001143,diningtable,robust_no_spatial_prior,ok,,0.578052,0.732615,234.895400
val_001144,boat,robust_no_spatial_prior,ok,,0.377185,0.547762,205.256500
val_001145,motorbike,robust_no_spatial_prior,ok,,0.589806,0.741985,192.968500
val_001146,bottle,robust_no_spatial_prior,ok,,0.482453,0.650884,191.098900
val_001147,aeroplane,robust_no_spatial_prior,ok,,0.706861,0.828258,206.909900
val_001148,cat,robust_no_spatial_prior,ok,,0.720417,0.837491,178.139500
val_001149,cat,robust_no_spatial_prior,ok,,0.508785,0.674430,207.183600
val_001150,train,robust_no_spatial_prior,ok,,0.477644,0.646494,183.440600
val_001151,person,robust_no_spatial_prior,ok,,0.793200,0.884675,184.590600
val_001152,boat,robust_no_spatial_prior,ok,,0.729463,0.843571,205.336300
val_001153,motorbike,robust_no_spatial_prior,ok,,0.594411,0.745619,204.612300
val_001154,sheep,robust_no_spatial_prior,ok,,0.584507,0.737778,212.480100
val_001155,aeroplane,robust_no_spatial_prior,ok,,0.485928,0.654040,220.225000
val_001156,cat,robust_no_spatial_prior,ok,,0.600892,0.750697,180.425500
val_001157,cow,robust_no_spatial_prior,ok,,0.740306,0.850777,214.945500
val_001158,person,robust_no_spatial_prior,ok,,0.659840,0.795065,207.754100
val_001159,bus,robust_no_spatial_prior,ok,,0.875156,0.933422,153.323700
val_001160,motorbike,robust_no_spatial_prior,ok,,0.418515,0.590075,213.381800
val_001161,cat,robust_no_spatial_prior,ok,,0.784252,0.879082,203.672100
val_001162,pottedplant,robust_no_spatial_prior,ok,,0.653698,0.790589,225.124800
val_001163,aeroplane,robust_no_spatial_prior,ok,,0.470771,0.640169,215.740700
val_001164,person,robust_no_spatial_prior,ok,,0.528081,0.691169,189.841600
val_001165,person,robust_no_spatial_prior,ok,,0.620222,0.765602,186.533100
val_001166,person,robust_no_spatial_prior,ok,,0.378796,0.549459,213.309400
val_001167,horse,robust_no_spatial_prior,ok,,0.583408,0.736902,213.590800
val_001168,bottle,robust_no_spatial_prior,ok,,0.904726,0.949980,191.332500
val_001169,bottle,robust_no_spatial_prior,ok,,0.751586,0.858178,184.805000
val_001170,chair,robust_no_spatial_prior,ok,,0.051587,0.098113,223.922800
val_001171,dog,robust_no_spatial_prior,ok,,0.551648,0.711048,267.736700
val_001172,bottle,robust_no_spatial_prior,ok,,0.866872,0.928690,185.731900
val_001173,bird,robust_no_spatial_prior,ok,,0.845898,0.916517,155.786400
val_001174,bird,robust_no_spatial_prior,ok,,0.788693,0.881865,209.629600
val_001175,dog,robust_no_spatial_prior,ok,,0.391515,0.562718,216.564000
val_001176,cow,robust_no_spatial_prior,ok,,0.430337,0.601728,214.495300
val_001177,boat,robust_no_spatial_prior,ok,,0.007228,0.014352,211.583500
val_001178,person,robust_no_spatial_prior,ok,,0.446578,0.617427,193.548100
val_001179,sofa,robust_no_spatial_prior,ok,,0.819994,0.901095,212.219800
val_001180,chair,robust_no_spatial_prior,ok,,0.469082,0.638606,204.133200
val_001181,boat,robust_no_spatial_prior,ok,,0.845533,0.916302,182.279100
val_001182,sofa,robust_no_spatial_prior,ok,,0.328279,0.494292,213.489000
val_001183,cow,robust_no_spatial_prior,ok,,0.548399,0.708344,222.740700
val_001184,dog,robust_no_spatial_prior,ok,,0.880104,0.936229,209.374600
val_001185,cat,robust_no_spatial_prior,ok,,0.922151,0.959499,205.649700
val_001186,chair,robust_no_spatial_prior,ok,,0.881588,0.937068,216.278600
val_001187,person,robust_no_spatial_prior,ok,,0.586427,0.739305,213.482600
val_001188,horse,robust_no_spatial_prior,ok,,0.759259,0.863158,191.790000
val_001189,tvmonitor,robust_no_spatial_prior,ok,,0.637955,0.778966,218.315000
val_001190,cat,robust_no_spatial_prior,ok,,0.619953,0.765396,179.999100
val_001191,motorbike,robust_no_spatial_prior,ok,,0.443431,0.614413,189.204800
val_001192,car,robust_no_spatial_prior,ok,,0.655187,0.791678,205.746100
val_001193,train,robust_no_spatial_prior,ok,,0.876034,0.933921,210.515500
val_001194,train,robust_no_spatial_prior,ok,,0.810161,0.895126,185.156100
val_001195,bird,robust_no_spatial_prior,ok,,0.757895,0.862275,214.777700
val_001196,car,robust_no_spatial_prior,ok,,0.885878,0.939486,148.707000
val_001197,cat,robust_no_spatial_prior,ok,,0.790885,0.883234,197.083300
val_001198,person,robust_no_spatial_prior,ok,,0.564173,0.721369,216.046500
val_001199,bus,robust_no_spatial_prior,ok,,0.730167,0.844042,209.440200
val_001200,cat,robust_no_spatial_prior,ok,,0.362219,0.531807,187.302900
val_001201,bus,robust_no_spatial_prior,ok,,0.587436,0.740107,228.810000
val_001202,dog,robust_no_spatial_prior,ok,,0.460877,0.630959,217.060100
val_001203,motorbike,robust_no_spatial_prior,ok,,0.369292,0.539391,207.279000
val_001204,cow,robust_no_spatial_prior,ok,,0.428759,0.600184,164.249400
val_001205,horse,robust_no_spatial_prior,ok,,0.597206,0.747813,205.112700
val_001206,sofa,robust_no_spatial_prior,ok,,0.709925,0.830358,208.772700
val_001207,pottedplant,robust_no_spatial_prior,ok,,0.635808,0.777363,119.098200
val_001208,dog,robust_no_spatial_prior,ok,,0.415844,0.587415,201.313400
val_001209,person,robust_no_spatial_prior,ok,,0.453484,0.623996,203.726400
val_001210,motorbike,robust_no_spatial_prior,ok,,0.496426,0.663482,220.592500
val_001211,bus,robust_no_spatial_prior,ok,,0.583901,0.737295,188.751600
val_001212,tvmonitor,robust_no_spatial_prior,ok,,0.479505,0.648196,176.730900
val_001213,cat,robust_no_spatial_prior,ok,,0.880880,0.936668,221.291900
val_001214,bird,robust_no_spatial_prior,ok,,0.457086,0.627397,205.228900
val_001215,motorbike,robust_no_spatial_prior,ok,,0.380386,0.551130,225.294200
val_001216,boat,robust_no_spatial_prior,ok,,0.312753,0.476484,186.071400
val_001217,cat,robust_no_spatial_prior,ok,,0.265008,0.418983,215.031100
val_001218,bird,robust_no_spatial_prior,ok,,0.600371,0.750290,180.712800
val_001219,car,robust_no_spatial_prior,ok,,0.657096,0.793069,197.932700
val_001220,motorbike,robust_no_spatial_prior,ok,,0.633529,0.775657,216.251900
val_001221,bottle,robust_no_spatial_prior,ok,,0.574308,0.729601,215.255400
val_001222,car,robust_no_spatial_prior,ok,,0.686361,0.814014,215.797500
val_001223,cat,robust_no_spatial_prior,ok,,0.635618,0.777220,217.886400
val_001224,bird,robust_no_spatial_prior,ok,,0.612565,0.759740,235.045300
val_001225,aeroplane,robust_no_spatial_prior,ok,,0.872567,0.931948,181.322700
val_001226,dog,robust_no_spatial_prior,ok,,0.389279,0.560405,210.674700
val_001227,person,robust_no_spatial_prior,ok,,0.776776,0.874366,170.322400
val_001228,sofa,robust_no_spatial_prior,ok,,0.376505,0.547045,219.153200
val_001229,diningtable,robust_no_spatial_prior,ok,,0.711184,0.831219,212.209700
val_001230,dog,robust_no_spatial_prior,ok,,0.574018,0.729367,179.683700
val_001231,bicycle,robust_no_spatial_prior,ok,,0.288505,0.447814,185.680200
val_001232,boat,robust_no_spatial_prior,ok,,0.443691,0.614662,214.622000
val_001233,train,robust_no_spatial_prior,ok,,0.676153,0.806792,213.026500
val_001234,person,robust_no_spatial_prior,ok,,0.461005,0.631080,207.604400
val_001235,aeroplane,robust_no_spatial_prior,ok,,0.268173,0.422928,189.659700
val_001236,sheep,robust_no_spatial_prior,ok,,0.812578,0.896599,182.411200
val_001237,train,robust_no_spatial_prior,ok,,0.719406,0.836808,209.057400
val_001238,bottle,robust_no_spatial_prior,ok,,0.467576,0.637208,222.697300
val_001239,sheep,robust_no_spatial_prior,ok,,0.402129,0.573598,195.399300
val_001240,car,robust_no_spatial_prior,ok,,0.715462,0.834134,194.537500
val_001241,train,robust_no_spatial_prior,ok,,0.250572,0.400732,213.623600
val_001242,aeroplane,robust_no_spatial_prior,ok,,0.469366,0.638868,209.282600
val_001243,aeroplane,robust_no_spatial_prior,ok,,0.756786,0.861557,210.701700
val_001244,cat,robust_no_spatial_prior,ok,,0.539524,0.700897,212.612200
val_001245,cow,robust_no_spatial_prior,ok,,0.682432,0.811245,224.051300
val_001246,person,robust_no_spatial_prior,ok,,0.691181,0.817394,225.592600
val_001247,dog,robust_no_spatial_prior,ok,,0.579509,0.733784,185.698000
val_001248,sheep,robust_no_spatial_prior,ok,,0.572526,0.728161,185.303600
val_001249,aeroplane,robust_no_spatial_prior,ok,,0.420253,0.591801,204.222200
val_001250,train,robust_no_spatial_prior,ok,,0.383276,0.554157,184.635500
val_001251,bicycle,robust_no_spatial_prior,ok,,0.101937,0.185014,194.614400
val_001252,dog,robust_no_spatial_prior,ok,,0.429858,0.601259,212.679800
val_001253,person,robust_no_spatial_prior,ok,,0.884491,0.938705,211.036700
val_001254,person,robust_no_spatial_prior,ok,,0.456126,0.626492,206.423200
val_001255,bottle,robust_no_spatial_prior,ok,,0.498653,0.665468,190.454600
val_001256,sofa,robust_no_spatial_prior,ok,,0.489775,0.657515,203.845400
val_001257,bird,robust_no_spatial_prior,ok,,0.511331,0.676664,208.696700
val_001258,sofa,robust_no_spatial_prior,ok,,0.953053,0.975962,176.813300
val_001259,bus,robust_no_spatial_prior,ok,,0.683357,0.811898,186.942200
val_001260,bird,robust_no_spatial_prior,ok,,0.540150,0.701425,219.104900
val_001261,chair,robust_no_spatial_prior,ok,,0.581498,0.735376,216.383100
val_001262,boat,robust_no_spatial_prior,ok,,0.624517,0.768865,165.016500
val_001263,boat,robust_no_spatial_prior,ok,,0.497063,0.664051,199.488900
val_001264,bus,robust_no_spatial_prior,ok,,0.756054,0.861083,216.498200
val_001265,bus,robust_no_spatial_prior,ok,,0.572498,0.728138,187.124400
val_001266,train,robust_no_spatial_prior,ok,,0.481882,0.650365,182.657000
val_001267,train,robust_no_spatial_prior,ok,,0.748999,0.856489,224.259400
val_001268,sofa,robust_no_spatial_prior,ok,,0.635946,0.777466,222.217700
val_001269,bus,robust_no_spatial_prior,ok,,0.819517,0.900807,183.534100
val_001270,diningtable,robust_no_spatial_prior,ok,,0.122944,0.218968,208.221900
val_001271,horse,robust_no_spatial_prior,ok,,0.412653,0.584225,217.232900
val_001272,bicycle,robust_no_spatial_prior,ok,,0.126765,0.225007,211.814400
val_001273,cat,robust_no_spatial_prior,ok,,0.680000,0.809524,201.659100
val_001274,boat,robust_no_spatial_prior,ok,,0.469731,0.639206,220.517200
val_001275,sheep,robust_no_spatial_prior,ok,,0.341629,0.509275,207.946400
val_001276,person,robust_no_spatial_prior,ok,,0.577194,0.731925,203.580500
val_001277,person,robust_no_spatial_prior,ok,,0.463166,0.633102,171.133000
val_001278,bird,robust_no_spatial_prior,ok,,0.415089,0.586661,194.459900
val_001279,person,robust_no_spatial_prior,ok,,0.491586,0.659145,174.152000
val_001280,aeroplane,robust_no_spatial_prior,ok,,0.144039,0.251808,173.962500
val_001281,bird,robust_no_spatial_prior,ok,,0.292888,0.453075,167.775700
val_001282,car,robust_no_spatial_prior,ok,,0.470467,0.639888,208.261800
val_001283,motorbike,robust_no_spatial_prior,ok,,0.604138,0.753225,217.325400
val_001284,train,robust_no_spatial_prior,ok,,0.688086,0.815226,178.234400
val_001285,horse,robust_no_spatial_prior,ok,,0.645730,0.784734,175.322600
val_001286,dog,robust_no_spatial_prior,ok,,0.340044,0.507511,218.098600
val_001287,cow,robust_no_spatial_prior,ok,,0.589159,0.741473,147.733400
val_001288,cow,robust_no_spatial_prior,ok,,0.468299,0.637880,172.859700
val_001289,person,robust_no_spatial_prior,ok,,0.316827,0.481198,204.657800
val_001290,diningtable,robust_no_spatial_prior,ok,,0.766537,0.867841,203.360000
val_001291,chair,robust_no_spatial_prior,ok,,0.492362,0.659843,203.033800
val_001292,motorbike,robust_no_spatial_prior,ok,,0.451482,0.622098,193.826600
val_001293,person,robust_no_spatial_prior,ok,,0.649642,0.787616,187.839500
val_001294,car,robust_no_spatial_prior,ok,,0.470259,0.639695,206.601900
val_001295,chair,robust_no_spatial_prior,ok,,0.022927,0.044826,200.970300
val_001296,bird,robust_no_spatial_prior,ok,,0.690890,0.817191,178.542400
val_001297,pottedplant,robust_no_spatial_prior,ok,,0.816092,0.898734,218.450400
val_001298,cat,robust_no_spatial_prior,ok,,0.761018,0.864293,211.872800
val_001299,cat,robust_no_spatial_prior,ok,,0.933628,0.965675,200.086800
val_001300,aeroplane,robust_no_spatial_prior,ok,,0.816199,0.898799,183.839100
val_001301,person,robust_no_spatial_prior,ok,,0.400842,0.572288,210.761400
val_001302,chair,robust_no_spatial_prior,ok,,0.345454,0.513513,215.891900
val_001303,bus,robust_no_spatial_prior,ok,,0.642061,0.782019,191.644800
val_001304,person,robust_no_spatial_prior,ok,,0.581663,0.735508,219.723500
val_001305,aeroplane,robust_no_spatial_prior,ok,,0.356102,0.525185,163.205700
val_001306,bus,robust_no_spatial_prior,ok,,0.758997,0.862988,204.902700
val_001307,car,robust_no_spatial_prior,ok,,0.478431,0.647215,196.754500
val_001308,bird,robust_no_spatial_prior,ok,,0.419679,0.591231,221.082700
val_001309,diningtable,robust_no_spatial_prior,ok,,0.646432,0.785252,208.528100
val_001310,bus,robust_no_spatial_prior,ok,,0.634705,0.776538,176.909900
val_001311,sofa,robust_no_spatial_prior,ok,,0.777893,0.875073,205.419200
val_001312,dog,robust_no_spatial_prior,ok,,0.575739,0.730754,204.008100
val_001313,sheep,robust_no_spatial_prior,ok,,0.496606,0.663643,203.073900
val_001314,cow,robust_no_spatial_prior,ok,,0.716537,0.834863,221.345600
val_001315,train,robust_no_spatial_prior,ok,,0.557419,0.715824,218.550500
val_001316,bus,robust_no_spatial_prior,ok,,0.736776,0.848441,204.555600
val_001317,person,robust_no_spatial_prior,ok,,0.734882,0.847184,206.284400
val_001318,person,robust_no_spatial_prior,ok,,0.355808,0.524865,115.268800
val_001319,train,robust_no_spatial_prior,ok,,0.668980,0.801663,194.006700
val_001320,car,robust_no_spatial_prior,ok,,0.525483,0.688940,188.517800
val_001321,aeroplane,robust_no_spatial_prior,ok,,0.666887,0.800159,184.346600
val_001322,cow,robust_no_spatial_prior,ok,,0.796308,0.886605,294.391800
val_001323,boat,robust_no_spatial_prior,ok,,0.837607,0.911628,214.009000
val_001324,car,robust_no_spatial_prior,ok,,0.000000,0.000000,181.340700
val_001325,cow,robust_no_spatial_prior,ok,,0.726332,0.841474,166.250200
val_001326,aeroplane,robust_no_spatial_prior,ok,,0.697438,0.821754,192.364700
val_001327,person,robust_no_spatial_prior,ok,,0.547265,0.707397,165.029000
val_001328,train,robust_no_spatial_prior,ok,,0.442287,0.613313,207.236200
val_001329,bird,robust_no_spatial_prior,ok,,0.759429,0.863267,207.871900
val_001330,cat,robust_no_spatial_prior,ok,,0.826088,0.904762,212.876000
val_001331,car,robust_no_spatial_prior,ok,,0.724138,0.840000,219.091100
val_001332,bus,robust_no_spatial_prior,ok,,0.862922,0.926418,188.078500
val_001333,person,robust_no_spatial_prior,ok,,0.759406,0.863253,220.012900
val_001334,sheep,robust_no_spatial_prior,ok,,0.479056,0.647786,233.375300
val_001335,aeroplane,robust_no_spatial_prior,ok,,0.567169,0.723813,180.002000
val_001336,person,robust_no_spatial_prior,ok,,0.571349,0.727208,202.215400
val_001337,bird,robust_no_spatial_prior,ok,,0.338553,0.505849,215.019800
val_001338,aeroplane,robust_no_spatial_prior,ok,,0.695568,0.820454,178.613900
val_001339,person,robust_no_spatial_prior,ok,,0.705685,0.827451,211.502200
val_001340,aeroplane,robust_no_spatial_prior,ok,,0.281659,0.439523,157.181600
val_001341,person,robust_no_spatial_prior,ok,,0.565267,0.722263,206.630600
val_001342,person,robust_no_spatial_prior,ok,,0.770999,0.870694,212.380200
val_001343,cat,robust_no_spatial_prior,ok,,0.879810,0.936063,203.432000
val_001344,cow,robust_no_spatial_prior,ok,,0.568621,0.724995,208.345500
val_001345,chair,robust_no_spatial_prior,ok,,0.637215,0.778413,189.288600
val_001346,boat,robust_no_spatial_prior,ok,,0.885216,0.939113,181.555900
val_001347,cat,robust_no_spatial_prior,ok,,0.635245,0.776942,181.130600
val_001348,sofa,robust_no_spatial_prior,ok,,0.446666,0.617511,212.119300
val_001349,cat,robust_no_spatial_prior,ok,,0.870806,0.930942,183.328900
val_001350,boat,robust_no_spatial_prior,ok,,0.265904,0.420102,177.150500
val_001351,train,robust_no_spatial_prior,ok,,0.838753,0.912307,174.495000
val_001352,person,robust_no_spatial_prior,ok,,0.523520,0.687251,203.602400
val_001353,aeroplane,robust_no_spatial_prior,ok,,0.350911,0.519518,203.707900
val_001354,dog,robust_no_spatial_prior,ok,,0.813894,0.897400,205.952100
val_001355,diningtable,robust_no_spatial_prior,ok,,0.029781,0.057839,189.770900
val_001356,car,robust_no_spatial_prior,ok,,0.786184,0.880295,211.034300
val_001357,person,robust_no_spatial_prior,ok,,0.663910,0.798012,260.583700
val_001358,cow,robust_no_spatial_prior,ok,,0.554599,0.713495,209.172800
val_001359,sofa,robust_no_spatial_prior,ok,,0.790747,0.883148,204.089600
val_001360,person,robust_no_spatial_prior,ok,,0.287657,0.446791,205.497000
val_001361,horse,robust_no_spatial_prior,ok,,0.335883,0.502863,70.823900
val_001362,tvmonitor,robust_no_spatial_prior,ok,,0.734328,0.846815,207.169700
val_001363,dog,robust_no_spatial_prior,ok,,0.473202,0.642413,173.644400
val_001364,bus,robust_no_spatial_prior,ok,,0.000000,0.000000,186.511600
val_001365,cat,robust_no_spatial_prior,ok,,0.314636,0.478667,201.807400
val_001366,cow,robust_no_spatial_prior,ok,,0.749055,0.856525,206.561200
val_001367,boat,robust_no_spatial_prior,ok,,0.329606,0.495795,196.641800
val_001368,person,robust_no_spatial_prior,ok,,0.307504,0.470368,199.997400
val_001369,chair,robust_no_spatial_prior,ok,,0.391834,0.563047,200.956500
val_001370,sofa,robust_no_spatial_prior,ok,,0.903000,0.949028,206.876300
val_001371,pottedplant,robust_no_spatial_prior,ok,,0.613249,0.760266,206.036600
val_001372,dog,robust_no_spatial_prior,ok,,0.595076,0.746142,180.801700
val_001373,aeroplane,robust_no_spatial_prior,ok,,0.487440,0.655408,212.929900
val_001374,tvmonitor,robust_no_spatial_prior,ok,,0.562412,0.719928,250.762700
val_001375,dog,robust_no_spatial_prior,ok,,0.356509,0.525627,205.790200
val_001376,person,robust_no_spatial_prior,ok,,0.589082,0.741412,205.765600
val_001377,person,robust_no_spatial_prior,ok,,0.671443,0.803429,213.026400
val_001378,dog,robust_no_spatial_prior,ok,,0.520086,0.684285,254.008200
val_001379,chair,robust_no_spatial_prior,ok,,0.736242,0.848087,183.781100
val_001380,car,robust_no_spatial_prior,ok,,0.411516,0.583084,204.411900
val_001381,person,robust_no_spatial_prior,ok,,0.664418,0.798379,213.633600
val_001382,dog,robust_no_spatial_prior,ok,,0.708230,0.829197,208.647300
val_001383,dog,robust_no_spatial_prior,ok,,0.682505,0.811296,187.472700
val_001384,dog,robust_no_spatial_prior,ok,,0.742383,0.852146,185.504100
val_001385,sofa,robust_no_spatial_prior,ok,,0.851570,0.919835,207.578800
val_001386,bicycle,robust_no_spatial_prior,ok,,0.130196,0.230395,219.239000
val_001387,dog,robust_no_spatial_prior,ok,,0.746751,0.855017,208.872000
val_001388,sheep,robust_no_spatial_prior,ok,,0.573492,0.728941,204.977200
val_001389,diningtable,robust_no_spatial_prior,ok,,0.634828,0.776629,205.188600
val_001390,bicycle,robust_no_spatial_prior,ok,,0.388411,0.559504,210.818200
val_001391,person,robust_no_spatial_prior,ok,,0.000000,0.000000,199.202000
val_001392,train,robust_no_spatial_prior,ok,,0.647091,0.785738,182.831000
val_001393,dog,robust_no_spatial_prior,ok,,0.912464,0.954229,205.609000
val_001394,bird,robust_no_spatial_prior,ok,,0.363758,0.533464,194.841700
val_001395,dog,robust_no_spatial_prior,ok,,0.633484,0.775623,204.223800
val_001396,person,robust_no_spatial_prior,ok,,0.843705,0.915228,202.405400
val_001397,person,robust_no_spatial_prior,ok,,0.495620,0.662762,208.370500
val_001398,car,robust_no_spatial_prior,ok,,0.770868,0.870611,210.154100
val_001399,aeroplane,robust_no_spatial_prior,ok,,0.368798,0.538864,181.256800
val_001400,person,robust_no_spatial_prior,ok,,0.850821,0.919398,209.054700
val_001401,diningtable,robust_no_spatial_prior,ok,,0.788446,0.881711,207.852800
val_001402,dog,robust_no_spatial_prior,ok,,0.585519,0.738583,194.199300
val_001403,train,robust_no_spatial_prior,ok,,0.738649,0.849681,208.173600
val_001404,sofa,robust_no_spatial_prior,ok,,0.287263,0.446317,221.964500
val_001405,person,robust_no_spatial_prior,ok,,0.396629,0.567981,207.002600
val_001406,person,robust_no_spatial_prior,ok,,0.484877,0.653088,210.580400
val_001407,aeroplane,robust_no_spatial_prior,ok,,0.412833,0.584405,180.490800
val_001408,tvmonitor,robust_no_spatial_prior,ok,,0.710179,0.830532,213.295500
val_001409,train,robust_no_spatial_prior,ok,,0.526703,0.689988,187.426100
val_001410,bird,robust_no_spatial_prior,ok,,0.876444,0.934154,200.173800
val_001411,person,robust_no_spatial_prior,ok,,0.313989,0.477917,213.681900
val_001412,person,robust_no_spatial_prior,ok,,0.856631,0.922780,207.562800
val_001413,dog,robust_no_spatial_prior,ok,,0.365654,0.535500,213.808700
val_001414,car,robust_no_spatial_prior,ok,,0.719669,0.836985,208.532700
val_001415,person,robust_no_spatial_prior,ok,,0.549843,0.709547,189.480400
val_001416,person,robust_no_spatial_prior,ok,,0.450209,0.620888,95.981700
val_001417,sofa,robust_no_spatial_prior,ok,,0.658378,0.794002,202.228600
val_001418,sheep,robust_no_spatial_prior,ok,,0.774278,0.872781,176.418100
val_001419,aeroplane,robust_no_spatial_prior,ok,,0.217632,0.357467,198.377500
val_001420,cat,robust_no_spatial_prior,ok,,0.849570,0.918667,195.835400
val_001421,bicycle,robust_no_spatial_prior,ok,,0.213452,0.351809,206.847100
val_001422,horse,robust_no_spatial_prior,ok,,0.425620,0.597101,191.332800
val_001423,boat,robust_no_spatial_prior,ok,,0.582007,0.735783,143.662100
val_001424,car,robust_no_spatial_prior,ok,,0.451402,0.622022,95.028200
val_001425,bottle,robust_no_spatial_prior,ok,,0.701818,0.824786,269.942200
val_001426,tvmonitor,robust_no_spatial_prior,ok,,0.692236,0.818132,214.481800
val_001427,cow,robust_no_spatial_prior,ok,,0.908627,0.952126,211.024300
val_001428,aeroplane,robust_no_spatial_prior,ok,,0.345475,0.513536,177.835100
val_001429,horse,robust_no_spatial_prior,ok,,0.692450,0.818281,208.992600
val_001430,boat,robust_no_spatial_prior,ok,,0.409347,0.580903,200.584600
val_001431,aeroplane,robust_no_spatial_prior,ok,,0.336043,0.503043,176.754400
val_001432,person,robust_no_spatial_prior,ok,,0.606252,0.754865,196.285700
val_001433,bicycle,robust_no_spatial_prior,ok,,0.320250,0.485135,203.296900
val_001434,chair,robust_no_spatial_prior,ok,,0.204979,0.340220,184.972200
val_001435,cow,robust_no_spatial_prior,ok,,0.462059,0.632066,192.253000
val_001436,bird,robust_no_spatial_prior,ok,,0.476926,0.645836,174.823400
val_001437,car,robust_no_spatial_prior,ok,,0.860801,0.925194,212.208100
val_001438,horse,robust_no_spatial_prior,ok,,0.787776,0.881292,188.885900
val_001439,chair,robust_no_spatial_prior,ok,,0.531996,0.694513,192.177600
val_001440,bus,robust_no_spatial_prior,ok,,0.828085,0.905959,190.544400
val_001441,bird,robust_no_spatial_prior,ok,,0.430356,0.601747,197.848400
val_001442,train,robust_no_spatial_prior,ok,,0.698091,0.822207,186.448900
val_001443,sofa,robust_no_spatial_prior,ok,,0.590827,0.742792,175.716500
val_001444,train,robust_no_spatial_prior,ok,,0.924500,0.960769,218.917500
val_001445,pottedplant,robust_no_spatial_prior,ok,,0.667235,0.800409,174.011800
val_001446,person,robust_no_spatial_prior,ok,,0.425846,0.597324,174.435500
val_001447,sofa,robust_no_spatial_prior,ok,,0.558160,0.716435,169.980400
val_001448,bottle,robust_no_spatial_prior,ok,,0.698900,0.822768,271.788500
val_000000,aeroplane,robust_single_box,ok,,0.433684,0.604993,186.575800
val_000001,train,robust_single_box,ok,,0.683475,0.811981,165.528500
val_000002,boat,robust_single_box,ok,,0.269366,0.424410,164.991500
val_000003,train,robust_single_box,ok,,0.570335,0.726387,184.951300
val_000004,person,robust_single_box,ok,,0.398652,0.570051,193.644500
val_000005,sheep,robust_single_box,ok,,0.658396,0.794015,176.425000
val_000006,tvmonitor,robust_single_box,ok,,0.545205,0.705673,183.794800
val_000007,person,robust_single_box,ok,,0.395683,0.567010,194.881600
val_000008,horse,robust_single_box,ok,,0.444881,0.615803,184.325400
val_000009,person,robust_single_box,ok,,0.825239,0.904253,195.174300
val_000010,sofa,robust_single_box,ok,,0.633092,0.775329,181.722300
val_000011,cow,robust_single_box,ok,,0.834583,0.909834,191.707100
val_000012,cow,robust_single_box,ok,,0.595955,0.746832,178.399700
val_000013,boat,robust_single_box,ok,,0.731019,0.844611,187.263700
val_000014,tvmonitor,robust_single_box,ok,,0.755297,0.860592,181.733200
val_000015,bicycle,robust_single_box,ok,,0.186586,0.314493,173.584800
val_000016,train,robust_single_box,ok,,0.840613,0.913406,131.088400
val_000017,train,robust_single_box,ok,,0.140940,0.247059,163.976400
val_000018,sofa,robust_single_box,ok,,0.672497,0.804183,186.854900
val_000019,bus,robust_single_box,ok,,0.803220,0.890873,218.595800
val_000020,sheep,robust_single_box,ok,,0.723601,0.839639,220.866200
val_000021,bus,robust_single_box,ok,,0.642317,0.782209,188.135200
val_000022,diningtable,robust_single_box,ok,,0.750588,0.857527,193.582800
val_000023,horse,robust_single_box,ok,,0.517178,0.681763,228.677100
val_000024,horse,robust_single_box,ok,,0.609444,0.757335,244.426000
val_000025,sofa,robust_single_box,ok,,0.582629,0.736280,167.562100
val_000026,diningtable,robust_single_box,ok,,0.192583,0.322968,187.942500
val_000027,boat,robust_single_box,ok,,0.851095,0.919558,134.971700
val_000028,diningtable,robust_single_box,ok,,0.900095,0.947421,209.228600
val_000029,boat,robust_single_box,ok,,0.883212,0.937984,188.603600
val_000030,sheep,robust_single_box,ok,,0.605056,0.753937,178.369200
val_000031,person,robust_single_box,ok,,0.919824,0.958238,193.136000
val_000032,sofa,robust_single_box,ok,,0.880725,0.936581,194.373400
val_000033,person,robust_single_box,ok,,0.345810,0.513906,197.652700
val_000034,dog,robust_single_box,ok,,0.806588,0.892941,192.922300
val_000035,person,robust_single_box,ok,,0.448394,0.619160,197.677900
val_000036,aeroplane,robust_single_box,ok,,0.357256,0.526439,175.384000
val_000037,bird,robust_single_box,ok,,0.834134,0.909567,157.217500
val_000038,cow,robust_single_box,ok,,0.535053,0.697114,222.308100
val_000039,person,robust_single_box,ok,,0.360502,0.529955,166.923700
val_000040,car,robust_single_box,ok,,0.898718,0.946658,168.767300
val_000041,aeroplane,robust_single_box,ok,,0.315493,0.479657,195.878700
val_000042,person,robust_single_box,ok,,0.422223,0.593751,177.372900
val_000043,person,robust_single_box,ok,,0.472656,0.641910,165.663200
val_000044,person,robust_single_box,ok,,0.671052,0.803149,202.326500
val_000045,sofa,robust_single_box,ok,,0.802924,0.890691,196.385400
val_000046,sofa,robust_single_box,ok,,0.788587,0.881799,172.362900
val_000047,person,robust_single_box,ok,,0.799839,0.888790,157.580500
val_000048,aeroplane,robust_single_box,ok,,0.431208,0.602579,172.468900
val_000049,person,robust_single_box,ok,,0.547517,0.707607,222.025800
val_000050,horse,robust_single_box,ok,,0.643487,0.783075,205.825000
val_000051,bicycle,robust_single_box,ok,,0.274811,0.431140,196.820300
val_000052,person,robust_single_box,ok,,0.389930,0.561079,172.234800
val_000053,person,robust_single_box,ok,,0.668537,0.801345,201.395800
val_000054,diningtable,robust_single_box,ok,,0.386657,0.557682,184.962300
val_000055,person,robust_single_box,ok,,0.468129,0.637722,171.580800
val_000056,person,robust_single_box,ok,,0.750034,0.857165,208.790600
val_000057,sheep,robust_single_box,ok,,0.632768,0.775087,251.036300
val_000058,aeroplane,robust_single_box,ok,,0.725900,0.841185,170.771000
val_000059,dog,robust_single_box,ok,,0.387672,0.558737,199.158100
val_000060,cat,robust_single_box,ok,,0.562910,0.720335,179.132300
val_000061,aeroplane,robust_single_box,ok,,0.349691,0.518180,199.634600
val_000062,horse,robust_single_box,ok,,0.842158,0.914317,168.390600
val_000063,horse,robust_single_box,ok,,0.595639,0.746584,244.584700
val_000064,bird,robust_single_box,ok,,0.852517,0.920388,170.658600
val_000065,person,robust_single_box,ok,,0.653982,0.790797,203.352800
val_000066,tvmonitor,robust_single_box,ok,,0.520963,0.685044,194.166800
val_000067,motorbike,robust_single_box,ok,,0.610773,0.758360,170.876300
val_000068,aeroplane,robust_single_box,ok,,0.359088,0.528425,184.869700
val_000069,sofa,robust_single_box,ok,,0.630421,0.773323,201.335100
val_000070,pottedplant,robust_single_box,ok,,0.547939,0.707960,203.118900
val_000071,aeroplane,robust_single_box,ok,,0.325611,0.491262,161.018800
val_000072,person,robust_single_box,ok,,0.512989,0.678113,210.787700
val_000073,cow,robust_single_box,ok,,0.510215,0.675685,199.262900
val_000074,bird,robust_single_box,ok,,0.857252,0.923140,181.486200
val_000075,bird,robust_single_box,ok,,0.494245,0.661531,202.429500
val_000076,person,robust_single_box,ok,,0.365375,0.535201,203.999600
val_000077,sofa,robust_single_box,ok,,0.751932,0.858403,74.091300
val_000078,cat,robust_single_box,ok,,0.567014,0.723687,177.717500
val_000079,cat,robust_single_box,ok,,0.654530,0.791197,213.134800
val_000080,bus,robust_single_box,ok,,0.646476,0.785284,163.934200
val_000081,train,robust_single_box,ok,,0.524852,0.688398,204.901000
val_000082,dog,robust_single_box,ok,,0.559869,0.717841,197.671100
val_000083,sheep,robust_single_box,ok,,0.350610,0.519188,193.019700
val_000084,aeroplane,robust_single_box,ok,,0.940772,0.969482,194.043500
val_000085,diningtable,robust_single_box,ok,,0.929059,0.963225,191.440000
val_000086,car,robust_single_box,ok,,0.573282,0.728772,198.174400
val_000087,sheep,robust_single_box,ok,,0.684034,0.812375,186.572800
val_000088,boat,robust_single_box,ok,,0.139714,0.245173,198.573400
val_000089,person,robust_single_box,ok,,0.782934,0.878253,169.533800
val_000090,motorbike,robust_single_box,ok,,0.451543,0.622156,194.659900
val_000091,person,robust_single_box,ok,,0.785155,0.879649,219.372400
val_000092,dog,robust_single_box,ok,,0.846889,0.917098,197.198400
val_000093,cow,robust_single_box,ok,,0.645002,0.784196,198.258800
val_000094,sofa,robust_single_box,ok,,0.773399,0.872222,196.059400
val_000095,person,robust_single_box,ok,,0.736661,0.848365,209.789800
val_000096,horse,robust_single_box,ok,,0.591808,0.743567,168.816000
val_000097,car,robust_single_box,ok,,0.749180,0.856607,179.131500
val_000098,person,robust_single_box,ok,,0.738406,0.849521,209.357100
val_000099,bus,robust_single_box,ok,,0.759772,0.863489,161.422400
val_000100,person,robust_single_box,ok,,0.550816,0.710357,204.835000
val_000101,dog,robust_single_box,ok,,0.520640,0.684764,194.663200
val_000102,boat,robust_single_box,ok,,0.848476,0.918028,183.778400
val_000103,person,robust_single_box,ok,,0.456205,0.626567,184.519400
val_000104,bus,robust_single_box,ok,,0.609535,0.757405,204.064200
val_000105,car,robust_single_box,ok,,0.737800,0.849119,155.242700
val_000106,cat,robust_single_box,ok,,0.556059,0.714702,196.029000
val_000107,person,robust_single_box,ok,,0.487014,0.655023,180.705600
val_000108,dog,robust_single_box,ok,,0.360071,0.529489,174.840600
val_000109,bus,robust_single_box,ok,,0.805953,0.892551,184.329400
val_000110,cow,robust_single_box,ok,,0.660665,0.795663,178.314800
val_000111,bird,robust_single_box,ok,,0.748980,0.856477,174.372600
val_000112,motorbike,robust_single_box,ok,,0.683372,0.811908,203.850100
val_000113,dog,robust_single_box,ok,,0.505548,0.671580,209.182800
val_000114,train,robust_single_box,ok,,0.740107,0.850645,195.717000
val_000115,bus,robust_single_box,ok,,0.757636,0.862108,180.698000
val_000116,pottedplant,robust_single_box,ok,,0.925423,0.961267,173.314500
val_000117,person,robust_single_box,ok,,0.433360,0.604677,198.890300
val_000118,boat,robust_single_box,ok,,0.436638,0.607861,168.839700
val_000119,train,robust_single_box,ok,,0.597903,0.748359,185.344000
val_000120,horse,robust_single_box,ok,,0.378995,0.549669,214.693900
val_000121,person,robust_single_box,ok,,0.522659,0.686508,182.895600
val_000122,bird,robust_single_box,ok,,0.288345,0.447621,172.542700
val_000123,bus,robust_single_box,ok,,0.684649,0.812809,200.302500
val_000124,sheep,robust_single_box,ok,,0.649894,0.787801,205.362800
val_000125,diningtable,robust_single_box,ok,,0.877409,0.934702,79.851100
val_000126,bus,robust_single_box,ok,,0.885637,0.939351,141.314200
val_000127,cow,robust_single_box,ok,,0.335875,0.502854,227.794600
val_000128,train,robust_single_box,ok,,0.909212,0.952447,79.438200
val_000129,boat,robust_single_box,ok,,0.597455,0.748008,176.208500
val_000130,dog,robust_single_box,ok,,0.371574,0.541821,195.522200
val_000131,car,robust_single_box,ok,,0.734604,0.846999,205.377500
val_000132,train,robust_single_box,ok,,0.652990,0.790072,192.319300
val_000133,cat,robust_single_box,ok,,0.857879,0.923504,203.260700
val_000134,motorbike,robust_single_box,ok,,0.311358,0.474863,196.207600
val_000135,aeroplane,robust_single_box,ok,,0.785865,0.880095,147.126900
val_000136,person,robust_single_box,ok,,0.529502,0.692385,176.548700
val_000137,person,robust_single_box,ok,,0.640911,0.781165,163.728200
val_000138,bird,robust_single_box,ok,,0.861482,0.925587,180.564300
val_000139,dog,robust_single_box,ok,,0.369438,0.539547,174.595600
val_000140,tvmonitor,robust_single_box,ok,,0.774662,0.873025,189.049600
val_000141,tvmonitor,robust_single_box,ok,,0.788141,0.881520,194.766000
val_000142,boat,robust_single_box,ok,,0.738742,0.849743,192.004800
val_000143,motorbike,robust_single_box,ok,,0.554030,0.713023,195.743400
val_000144,train,robust_single_box,ok,,0.367772,0.537768,211.701300
val_000145,motorbike,robust_single_box,ok,,0.413838,0.585411,183.140900
val_000146,person,robust_single_box,ok,,0.672594,0.804252,190.927200
val_000147,diningtable,robust_single_box,ok,,0.470265,0.639701,179.367800
val_000148,bottle,robust_single_box,ok,,0.658777,0.794293,90.792800
val_000149,train,robust_single_box,ok,,0.647789,0.786252,191.139300
val_000150,chair,robust_single_box,ok,,0.665314,0.799025,183.909000
val_000151,horse,robust_single_box,ok,,0.520415,0.684570,174.731600
val_000152,pottedplant,robust_single_box,ok,,0.695443,0.820367,184.393400
val_000153,dog,robust_single_box,ok,,0.579523,0.733795,171.699900
val_000154,train,robust_single_box,ok,,0.540285,0.701539,177.709900
val_000155,person,robust_single_box,ok,,0.483626,0.651951,194.303800
val_000156,person,robust_single_box,ok,,0.227759,0.371015,204.182700
val_000157,cat,robust_single_box,ok,,0.752413,0.858717,192.474500
val_000158,cat,robust_single_box,ok,,0.695463,0.820381,190.834300
val_000159,person,robust_single_box,ok,,0.797851,0.887561,186.129300
val_000160,sheep,robust_single_box,ok,,0.544657,0.705214,199.905800
val_000161,sheep,robust_single_box,ok,,0.867944,0.929304,207.148100
val_000162,boat,robust_single_box,ok,,0.277018,0.433852,176.166100
val_000163,bicycle,robust_single_box,ok,,0.201026,0.334757,212.488400
val_000164,cow,robust_single_box,ok,,0.539665,0.701016,151.847200
val_000165,dog,robust_single_box,ok,,0.797332,0.887240,178.973500
val_000166,motorbike,robust_single_box,ok,,0.603881,0.753025,164.786400
val_000167,person,robust_single_box,ok,,0.770725,0.870519,174.316200
val_000168,bottle,robust_single_box,ok,,0.462367,0.632354,211.888600
val_000169,car,robust_single_box,ok,,0.890249,0.941939,181.274000
val_000170,person,robust_single_box,ok,,0.599692,0.749759,192.654700
val_000171,horse,robust_single_box,ok,,0.449097,0.619830,154.702600
val_000172,motorbike,robust_single_box,ok,,0.737922,0.849200,209.995700
val_000173,aeroplane,robust_single_box,ok,,0.602564,0.752000,177.404900
val_000174,bottle,robust_single_box,ok,,0.583533,0.737002,195.223400
val_000175,cat,robust_single_box,ok,,0.682385,0.811211,194.215500
val_000176,sheep,robust_single_box,ok,,0.576844,0.731643,175.731300
val_000177,aeroplane,robust_single_box,ok,,0.396586,0.567937,159.663200
val_000178,car,robust_single_box,ok,,0.506922,0.672791,187.907800
val_000179,aeroplane,robust_single_box,ok,,0.479898,0.648556,171.361300
val_000180,person,robust_single_box,ok,,0.376789,0.547345,201.826100
val_000181,train,robust_single_box,ok,,0.385570,0.556551,168.784300
val_000182,train,robust_single_box,ok,,0.738568,0.849628,194.643200
val_000183,dog,robust_single_box,ok,,0.444432,0.615372,177.357300
val_000184,boat,robust_single_box,ok,,0.481582,0.650092,203.944400
val_000185,motorbike,robust_single_box,ok,,0.730479,0.844250,196.892600
val_000186,diningtable,robust_single_box,ok,,0.014807,0.029181,204.091100
val_000187,pottedplant,robust_single_box,ok,,0.171269,0.292450,176.707200
val_000188,aeroplane,robust_single_box,ok,,0.432261,0.603606,147.371100
val_000189,diningtable,robust_single_box,ok,,0.238323,0.384913,185.400300
val_000190,person,robust_single_box,ok,,0.727415,0.842200,195.541600
val_000191,pottedplant,robust_single_box,ok,,0.605928,0.754614,196.884900
val_000192,bus,robust_single_box,ok,,0.381388,0.552181,207.229100
val_000193,sheep,robust_single_box,ok,,0.628153,0.771614,201.826600
val_000194,bus,robust_single_box,ok,,0.862245,0.926028,122.652000
val_000195,person,robust_single_box,ok,,0.637951,0.778962,192.679100
val_000196,car,robust_single_box,ok,,0.698214,0.822292,137.424700
val_000197,boat,robust_single_box,ok,,0.841633,0.914007,165.575100
val_000198,person,robust_single_box,ok,,0.352059,0.520775,204.080800
val_000199,diningtable,robust_single_box,ok,,0.854035,0.921272,249.156600
val_000200,person,robust_single_box,ok,,0.754661,0.860179,188.170000
val_000201,dog,robust_single_box,ok,,0.795410,0.886048,192.393000
val_000202,diningtable,robust_single_box,ok,,0.790559,0.883030,188.998000
val_000203,cat,robust_single_box,ok,,0.675321,0.806199,208.756700
val_000204,car,robust_single_box,ok,,0.770722,0.870517,181.317600
val_000205,chair,robust_single_box,ok,,0.778741,0.875609,188.299800
val_000206,horse,robust_single_box,ok,,0.540982,0.702126,176.697400
val_000207,sofa,robust_single_box,ok,,0.825705,0.904533,188.413000
val_000208,person,robust_single_box,ok,,0.577082,0.731835,214.723800
val_000209,bicycle,robust_single_box,ok,,0.212893,0.351050,199.920600
val_000210,boat,robust_single_box,ok,,0.756597,0.861435,188.047100
val_000211,chair,robust_single_box,ok,,0.863030,0.926480,190.001000
val_000212,person,robust_single_box,ok,,0.878369,0.935247,201.005200
val_000213,motorbike,robust_single_box,ok,,0.565656,0.722580,212.093500
val_000214,sheep,robust_single_box,ok,,0.792205,0.884056,196.560000
val_000215,train,robust_single_box,ok,,0.792497,0.884238,193.838700
val_000216,person,robust_single_box,ok,,0.480956,0.649521,198.771900
val_000217,cow,robust_single_box,ok,,0.583117,0.736669,201.988500
val_000218,train,robust_single_box,ok,,0.725988,0.841243,190.105200
val_000219,sheep,robust_single_box,ok,,0.453158,0.623687,160.972500
val_000220,cow,robust_single_box,ok,,0.672991,0.804536,170.877200
val_000221,person,robust_single_box,ok,,0.522999,0.686802,177.654100
val_000222,horse,robust_single_box,ok,,0.564284,0.721460,209.818300
val_000223,aeroplane,robust_single_box,ok,,0.789333,0.882265,182.033200
val_000224,person,robust_single_box,ok,,0.622105,0.767034,182.252800
val_000225,bird,robust_single_box,ok,,0.572299,0.727977,215.655700
val_000226,horse,robust_single_box,ok,,0.711247,0.831261,186.219300
val_000227,tvmonitor,robust_single_box,ok,,0.811537,0.895965,187.871200
val_000228,sheep,robust_single_box,ok,,0.744566,0.853583,192.293700
val_000229,train,robust_single_box,ok,,0.614821,0.761472,196.212200
val_000230,person,robust_single_box,ok,,0.812108,0.896313,176.692600
val_000231,tvmonitor,robust_single_box,ok,,0.658526,0.794110,186.440300
val_000232,tvmonitor,robust_single_box,ok,,0.385689,0.556675,191.477300
val_000233,motorbike,robust_single_box,ok,,0.600312,0.750244,195.364600
val_000234,person,robust_single_box,ok,,0.448987,0.619726,179.186400
val_000235,aeroplane,robust_single_box,ok,,0.406731,0.578264,181.365900
val_000236,car,robust_single_box,ok,,0.611484,0.758908,162.462300
val_000237,sofa,robust_single_box,ok,,0.774155,0.872703,127.872100
val_000238,aeroplane,robust_single_box,ok,,0.856292,0.922583,169.311400
val_000239,boat,robust_single_box,ok,,0.637986,0.778988,238.420600
val_000240,person,robust_single_box,ok,,0.390401,0.561566,204.049200
val_000241,person,robust_single_box,ok,,0.643995,0.783451,205.505600
val_000242,cat,robust_single_box,ok,,0.433790,0.605095,187.366300
val_000243,sheep,robust_single_box,ok,,0.671272,0.803307,203.801800
val_000244,pottedplant,robust_single_box,ok,,0.593245,0.744700,199.561900
val_000245,diningtable,robust_single_box,ok,,0.638685,0.779509,187.779800
val_000246,motorbike,robust_single_box,ok,,0.520877,0.684970,198.752300
val_000247,horse,robust_single_box,ok,,0.544915,0.705431,167.444700
val_000248,person,robust_single_box,ok,,0.518545,0.682949,190.366400
val_000249,diningtable,robust_single_box,ok,,0.900687,0.947749,191.581900
val_000250,car,robust_single_box,ok,,0.669889,0.802316,170.295700
val_000251,car,robust_single_box,ok,,0.444521,0.615458,181.399800
val_000252,person,robust_single_box,ok,,0.542523,0.703423,202.981400
val_000253,person,robust_single_box,ok,,0.660835,0.795787,150.633500
val_000254,train,robust_single_box,ok,,0.719661,0.836980,179.903200
val_000255,person,robust_single_box,ok,,0.780157,0.876504,176.124000
val_000256,bird,robust_single_box,ok,,0.740632,0.850992,203.604100
val_000257,bird,robust_single_box,ok,,0.561055,0.718815,180.153400
val_000258,chair,robust_single_box,ok,,0.886248,0.939694,183.621500
val_000259,person,robust_single_box,ok,,0.402949,0.574431,195.956400
val_000260,tvmonitor,robust_single_box,ok,,0.900905,0.947870,196.240700
val_000261,dog,robust_single_box,ok,,0.140038,0.245673,178.872800
val_000262,horse,robust_single_box,ok,,0.425123,0.596612,226.330800
val_000263,sofa,robust_single_box,ok,,0.607691,0.755980,195.668900
val_000264,train,robust_single_box,ok,,0.167937,0.287579,203.530400
val_000265,tvmonitor,robust_single_box,ok,,0.899711,0.947208,186.453000
val_000266,dog,robust_single_box,ok,,0.650590,0.788312,176.316400
val_000267,person,robust_single_box,ok,,0.572276,0.727959,157.491600
val_000268,sofa,robust_single_box,ok,,0.811934,0.896207,182.315700
val_000269,pottedplant,robust_single_box,ok,,0.546482,0.706742,167.841400
val_000270,horse,robust_single_box,ok,,0.632456,0.774852,165.876500
val_000271,boat,robust_single_box,ok,,0.660540,0.795572,170.534200
val_000272,bird,robust_single_box,ok,,0.784659,0.879338,177.342800
val_000273,person,robust_single_box,ok,,0.676752,0.807218,205.290900
val_000274,cow,robust_single_box,ok,,0.871513,0.931346,197.843000
val_000275,bus,robust_single_box,ok,,0.722434,0.838852,179.801600
val_000276,horse,robust_single_box,ok,,0.505897,0.671888,62.276500
val_000277,cat,robust_single_box,ok,,0.707992,0.829035,198.881800
val_000278,person,robust_single_box,ok,,0.774973,0.873223,157.954600
val_000279,person,robust_single_box,ok,,0.602550,0.751989,241.812400
val_000280,dog,robust_single_box,ok,,0.496465,0.663517,166.147500
val_000281,cow,robust_single_box,ok,,0.603153,0.752459,168.248000
val_000282,dog,robust_single_box,ok,,0.507685,0.673463,257.843600
val_000283,bus,robust_single_box,ok,,0.856625,0.922777,179.725900
val_000284,person,robust_single_box,ok,,0.466076,0.635814,207.369900
val_000285,motorbike,robust_single_box,ok,,0.583059,0.736623,214.708200
val_000286,bird,robust_single_box,ok,,0.864870,0.927539,205.984600
val_000287,car,robust_single_box,ok,,0.463855,0.633745,70.151700
val_000288,cat,robust_single_box,ok,,0.862789,0.926341,165.609400
val_000289,cow,robust_single_box,ok,,0.338287,0.505552,187.974700
val_000290,horse,robust_single_box,ok,,0.495679,0.662815,162.710900
val_000291,sofa,robust_single_box,ok,,0.909027,0.952346,175.200300
val_000292,person,robust_single_box,ok,,0.593980,0.745279,172.262700
val_000293,person,robust_single_box,ok,,0.497301,0.664263,182.770800
val_000294,bird,robust_single_box,ok,,0.673697,0.805040,216.702200
val_000295,person,robust_single_box,ok,,0.580602,0.734659,199.249000
val_000296,cat,robust_single_box,ok,,0.517579,0.682111,206.438300
val_000297,bus,robust_single_box,ok,,0.459266,0.629448,186.738600
val_000298,diningtable,robust_single_box,ok,,0.719196,0.836665,259.073200
val_000299,pottedplant,robust_single_box,ok,,0.323181,0.488491,173.831400
val_000300,tvmonitor,robust_single_box,ok,,0.858194,0.923686,185.339900
val_000301,bottle,robust_single_box,ok,,0.483691,0.652010,236.150300
val_000302,sofa,robust_single_box,ok,,0.498402,0.665245,181.479900
val_000303,dog,robust_single_box,ok,,0.485186,0.653368,179.568400
val_000304,dog,robust_single_box,ok,,0.903181,0.949128,96.236600
val_000305,person,robust_single_box,ok,,0.637540,0.778656,158.047800
val_000306,sofa,robust_single_box,ok,,0.769484,0.869727,180.517900
val_000307,person,robust_single_box,ok,,0.429042,0.600461,204.413300
val_000308,person,robust_single_box,ok,,0.382621,0.553472,206.060600
val_000309,person,robust_single_box,ok,,0.628358,0.771769,181.131600
val_000310,diningtable,robust_single_box,ok,,0.785529,0.879884,190.721900
val_000311,pottedplant,robust_single_box,ok,,0.723830,0.839793,211.087100
val_000312,motorbike,robust_single_box,ok,,0.729458,0.843568,203.128600
val_000313,bus,robust_single_box,ok,,0.545823,0.706191,211.087600
val_000314,cat,robust_single_box,ok,,0.521340,0.685370,204.330900
val_000315,bird,robust_single_box,ok,,0.594517,0.745702,194.186700
val_000316,horse,robust_single_box,ok,,0.542747,0.703611,169.803700
val_000317,cow,robust_single_box,ok,,0.670801,0.802969,186.794900
val_000318,aeroplane,robust_single_box,ok,,0.908738,0.952187,192.790900
val_000319,cat,robust_single_box,ok,,0.691338,0.817504,181.937200
val_000320,motorbike,robust_single_box,ok,,0.508918,0.674547,189.064500
val_000321,cow,robust_single_box,ok,,0.494704,0.661943,199.007300
val_000322,tvmonitor,robust_single_box,ok,,0.740458,0.850877,205.156300
val_000323,cow,robust_single_box,ok,,0.708692,0.829514,198.053000
val_000324,bus,robust_single_box,ok,,0.761035,0.864304,197.175800
val_000325,dog,robust_single_box,ok,,0.098534,0.179392,189.388600
val_000326,chair,robust_single_box,ok,,0.789677,0.882480,203.801600
val_000327,boat,robust_single_box,ok,,0.657096,0.793070,158.113800
val_000328,bird,robust_single_box,ok,,0.714227,0.833293,184.676800
val_000329,sofa,robust_single_box,ok,,0.973227,0.986432,192.418300
val_000330,cat,robust_single_box,ok,,0.777138,0.874595,229.466800
val_000331,person,robust_single_box,ok,,0.659191,0.794593,178.817200
val_000332,person,robust_single_box,ok,,0.586466,0.739336,206.392700
val_000333,person,robust_single_box,ok,,0.411267,0.582833,170.897400
val_000334,person,robust_single_box,ok,,0.491838,0.659372,133.295400
val_000335,person,robust_single_box,ok,,0.700189,0.823660,194.352100
val_000336,dog,robust_single_box,ok,,0.686730,0.814274,179.136200
val_000337,person,robust_single_box,ok,,0.257235,0.409207,173.297300
val_000338,sofa,robust_single_box,ok,,0.660946,0.795867,158.199600
val_000339,person,robust_single_box,ok,,0.881787,0.937181,202.257600
val_000340,cat,robust_single_box,ok,,0.408890,0.580443,198.911500
val_000341,person,robust_single_box,ok,,0.641926,0.781918,212.099800
val_000342,pottedplant,robust_single_box,ok,,0.508426,0.674115,191.252000
val_000343,cat,robust_single_box,ok,,0.325651,0.491307,188.825900
val_000344,cat,robust_single_box,ok,,0.677834,0.807987,199.923600
val_000345,person,robust_single_box,ok,,0.359041,0.528374,192.987900
val_000346,person,robust_single_box,ok,,0.468480,0.638048,179.917200
val_000347,car,robust_single_box,ok,,0.784124,0.879002,179.275500
val_000348,person,robust_single_box,ok,,0.347076,0.515302,161.100200
val_000349,bird,robust_single_box,ok,,0.660737,0.795715,176.114500
val_000350,person,robust_single_box,ok,,0.461139,0.631205,180.054600
val_000351,sofa,robust_single_box,ok,,0.557437,0.715839,163.949200
val_000352,horse,robust_single_box,ok,,0.901342,0.948111,159.772900
val_000353,person,robust_single_box,ok,,0.366170,0.536053,135.621100
val_000354,train,robust_single_box,ok,,0.943417,0.970885,189.992300
val_000355,person,robust_single_box,ok,,0.568307,0.724739,180.962100
val_000356,person,robust_single_box,ok,,0.605420,0.754220,174.808200
val_000357,person,robust_single_box,ok,,0.667890,0.800880,61.489800
val_000358,person,robust_single_box,ok,,0.509133,0.674736,71.203900
val_000359,person,robust_single_box,ok,,0.495466,0.662624,205.584300
val_000360,bicycle,robust_single_box,ok,,0.457431,0.627723,162.607800
val_000361,person,robust_single_box,ok,,0.545591,0.705996,136.366400
val_000362,diningtable,robust_single_box,ok,,0.812624,0.896627,201.684300
val_000363,horse,robust_single_box,ok,,0.597736,0.748229,205.773300
val_000364,motorbike,robust_single_box,ok,,0.695123,0.820144,177.270800
val_000365,person,robust_single_box,ok,,0.447502,0.618309,162.750100
val_000366,motorbike,robust_single_box,ok,,0.766425,0.867770,178.101800
val_000367,bird,robust_single_box,ok,,0.524102,0.687752,158.290100
val_000368,cat,robust_single_box,ok,,0.594722,0.745863,202.251800
val_000369,dog,robust_single_box,ok,,0.607012,0.755454,155.421500
val_000370,bottle,robust_single_box,ok,,0.088537,0.162671,191.768900
val_000371,cow,robust_single_box,ok,,0.514945,0.679820,194.154700
val_000372,dog,robust_single_box,ok,,0.697381,0.821714,196.752800
val_000373,person,robust_single_box,ok,,0.645508,0.784570,177.749500
val_000374,boat,robust_single_box,ok,,0.510245,0.675711,206.478600
val_000375,person,robust_single_box,ok,,0.703235,0.825764,207.748400
val_000376,boat,robust_single_box,ok,,0.897813,0.946156,189.953900
val_000377,dog,robust_single_box,ok,,0.834685,0.909895,185.415500
val_000378,person,robust_single_box,ok,,0.657788,0.793573,175.101100
val_000379,person,robust_single_box,ok,,0.442334,0.613359,194.581200
val_000380,cat,robust_single_box,ok,,0.653710,0.790598,197.765900
val_000381,boat,robust_single_box,ok,,0.549943,0.709630,205.023200
val_000382,motorbike,robust_single_box,ok,,0.574673,0.729895,195.660900
val_000383,person,robust_single_box,ok,,0.694326,0.819590,179.635100
val_000384,person,robust_single_box,ok,,0.542361,0.703287,180.573100
val_000385,person,robust_single_box,ok,,0.726408,0.841525,153.392700
val_000386,boat,robust_single_box,ok,,0.725447,0.840880,203.456700
val_000387,person,robust_single_box,ok,,0.456612,0.626951,192.364700
val_000388,person,robust_single_box,ok,,0.501665,0.668145,180.832200
val_000389,dog,robust_single_box,ok,,0.807463,0.893477,201.068600
val_000390,person,robust_single_box,ok,,0.647468,0.786016,183.390500
val_000391,cat,robust_single_box,ok,,0.583882,0.737279,203.493400
val_000392,chair,robust_single_box,ok,,0.348295,0.516645,140.351000
val_000393,dog,robust_single_box,ok,,0.767718,0.868598,182.660800
val_000394,person,robust_single_box,ok,,0.625275,0.769439,165.218700
val_000395,person,robust_single_box,ok,,0.591785,0.743549,217.197400
val_000396,cat,robust_single_box,ok,,0.347224,0.515466,191.536000
val_000397,bird,robust_single_box,ok,,0.697840,0.822033,202.527100
val_000398,person,robust_single_box,ok,,0.503926,0.670147,170.882900
val_000399,aeroplane,robust_single_box,ok,,0.833108,0.908957,136.308300
val_000400,person,robust_single_box,ok,,0.467051,0.636721,277.610200
val_000401,boat,robust_single_box,ok,,0.673651,0.805008,171.548400
val_000402,person,robust_single_box,ok,,0.756346,0.861272,179.693400
val_000403,cat,robust_single_box,ok,,0.510368,0.675819,180.916800
val_000404,horse,robust_single_box,ok,,0.457472,0.627761,207.299200
val_000405,tvmonitor,robust_single_box,ok,,0.777026,0.874524,202.596000
val_000406,chair,robust_single_box,ok,,0.443369,0.614353,190.090500
val_000407,person,robust_single_box,ok,,0.473357,0.642556,210.542500
val_000408,person,robust_single_box,ok,,0.497250,0.664218,182.362000
val_000409,cat,robust_single_box,ok,,0.777376,0.874746,187.360100
val_000410,person,robust_single_box,ok,,0.889879,0.941731,172.734800
val_000411,pottedplant,robust_single_box,ok,,0.609688,0.757524,176.402100
val_000412,aeroplane,robust_single_box,ok,,0.359256,0.528607,175.107300
val_000413,person,robust_single_box,ok,,0.403755,0.575250,187.459000
val_000414,bird,robust_single_box,ok,,0.449752,0.620453,151.542200
val_000415,cat,robust_single_box,ok,,0.806496,0.892884,209.465300
val_000416,bus,robust_single_box,ok,,0.766241,0.867652,192.796900
val_000417,car,robust_single_box,ok,,0.690774,0.817110,197.618900
val_000418,dog,robust_single_box,ok,,0.708282,0.829233,183.340500
val_000419,motorbike,robust_single_box,ok,,0.541786,0.702803,188.290500
val_000420,person,robust_single_box,ok,,0.814258,0.897621,203.718200
val_000421,bicycle,robust_single_box,ok,,0.253001,0.403832,214.801800
val_000422,pottedplant,robust_single_box,ok,,0.723763,0.839748,212.819900
val_000423,aeroplane,robust_single_box,ok,,0.549610,0.709353,189.017300
val_000424,pottedplant,robust_single_box,ok,,0.613120,0.760167,212.090800
val_000425,motorbike,robust_single_box,ok,,0.478613,0.647381,156.120600
val_000426,bird,robust_single_box,ok,,0.651356,0.788874,244.682700
val_000427,tvmonitor,robust_single_box,ok,,0.701400,0.824497,159.762500
val_000428,bottle,robust_single_box,ok,,0.335046,0.501924,193.211800
val_000429,boat,robust_single_box,ok,,0.752961,0.859073,204.596600
val_000430,person,robust_single_box,ok,,0.367697,0.537688,183.042500
val_000431,boat,robust_single_box,ok,,0.825994,0.904706,201.595300
val_000432,chair,robust_single_box,ok,,0.301502,0.463314,190.014500
val_000433,sheep,robust_single_box,ok,,0.343325,0.511157,167.711600
val_000434,person,robust_single_box,ok,,0.810847,0.895544,183.483800
val_000435,cat,robust_single_box,ok,,0.484432,0.652683,186.324200
val_000436,tvmonitor,robust_single_box,ok,,0.945175,0.971815,159.635500
val_000437,cat,robust_single_box,ok,,0.521587,0.685582,205.484400
val_000438,diningtable,robust_single_box,ok,,0.446496,0.617348,199.560100
val_000439,cow,robust_single_box,ok,,0.502339,0.668743,190.085200
val_000440,horse,robust_single_box,ok,,0.614078,0.760902,214.874000
val_000441,dog,robust_single_box,ok,,0.619623,0.765145,210.022900
val_000442,person,robust_single_box,ok,,0.575885,0.730872,206.656700
val_000443,train,robust_single_box,ok,,0.691570,0.817666,187.340600
val_000444,dog,robust_single_box,ok,,0.580397,0.734495,212.108700
val_000445,person,robust_single_box,ok,,0.498763,0.665566,178.504200
val_000446,dog,robust_single_box,ok,,0.514396,0.679342,174.907100
val_000447,person,robust_single_box,ok,,0.706708,0.828154,256.094500
val_000448,car,robust_single_box,ok,,0.761100,0.864346,208.586200
val_000449,tvmonitor,robust_single_box,ok,,0.748768,0.856337,188.197000
val_000450,tvmonitor,robust_single_box,ok,,0.442192,0.613222,177.553400
val_000451,boat,robust_single_box,ok,,0.773182,0.872084,170.824100
val_000452,person,robust_single_box,ok,,0.548380,0.708328,208.147200
val_000453,train,robust_single_box,ok,,0.586513,0.739374,182.432100
val_000454,person,robust_single_box,ok,,0.671494,0.803466,88.970800
val_000455,bird,robust_single_box,ok,,0.479233,0.647948,197.145100
val_000456,pottedplant,robust_single_box,ok,,0.698402,0.822422,157.747200
val_000457,bus,robust_single_box,ok,,0.703162,0.825713,189.138500
val_000458,aeroplane,robust_single_box,ok,,0.413153,0.584725,194.094300
val_000459,person,robust_single_box,ok,,0.430655,0.602039,199.324000
val_000460,dog,robust_single_box,ok,,0.654423,0.791119,180.244000
val_000461,bicycle,robust_single_box,ok,,0.139142,0.244292,190.514700
val_000462,person,robust_single_box,ok,,0.385279,0.556247,92.244100
val_000463,car,robust_single_box,ok,,0.730872,0.844513,123.213200
val_000464,aeroplane,robust_single_box,ok,,0.528080,0.691168,173.483400
val_000465,horse,robust_single_box,ok,,0.482311,0.650756,158.907100
val_000466,person,robust_single_box,ok,,0.505209,0.671281,186.988900
val_000467,horse,robust_single_box,ok,,0.689316,0.816089,145.876100
val_000468,diningtable,robust_single_box,ok,,0.864575,0.927369,175.218600
val_000469,person,robust_single_box,ok,,0.710011,0.830417,197.262300
val_000470,cat,robust_single_box,ok,,0.553869,0.712891,198.233100
val_000471,person,robust_single_box,ok,,0.588591,0.741023,188.629800
val_000472,person,robust_single_box,ok,,0.457443,0.627734,202.630600
val_000473,dog,robust_single_box,ok,,0.503055,0.669376,178.169000
val_000474,car,robust_single_box,ok,,0.757057,0.861733,198.174800
val_000475,person,robust_single_box,ok,,0.558269,0.716525,200.753700
val_000476,sofa,robust_single_box,ok,,0.964176,0.981761,174.363900
val_000477,person,robust_single_box,ok,,0.617485,0.763512,204.063800
val_000478,bus,robust_single_box,ok,,0.564270,0.721448,136.406400
val_000479,horse,robust_single_box,ok,,0.519743,0.683988,198.087400
val_000480,chair,robust_single_box,ok,,0.192955,0.323490,163.245800
val_000481,car,robust_single_box,ok,,0.602659,0.752074,179.340400
val_000482,person,robust_single_box,ok,,0.464318,0.634177,199.302300
val_000483,boat,robust_single_box,ok,,0.556516,0.715079,205.894200
val_000484,person,robust_single_box,ok,,0.712443,0.832078,122.170800
val_000485,aeroplane,robust_single_box,ok,,0.356962,0.526119,162.480800
val_000486,tvmonitor,robust_single_box,ok,,0.857658,0.923375,185.168600
val_000487,boat,robust_single_box,ok,,0.810083,0.895079,188.262700
val_000488,aeroplane,robust_single_box,ok,,0.744262,0.853383,150.724700
val_000489,aeroplane,robust_single_box,ok,,0.407841,0.579385,184.297700
val_000490,car,robust_single_box,ok,,0.799319,0.888469,182.916000
val_000491,person,robust_single_box,ok,,0.460101,0.630232,212.625600
val_000492,person,robust_single_box,ok,,0.440603,0.611692,190.770400
val_000493,sofa,robust_single_box,ok,,0.979827,0.989811,176.471100
val_000494,horse,robust_single_box,ok,,0.569334,0.725574,74.881900
val_000495,train,robust_single_box,ok,,0.675758,0.806510,196.803600
val_000496,tvmonitor,robust_single_box,ok,,0.850127,0.918993,187.266100
val_000497,car,robust_single_box,ok,,0.520124,0.684318,168.857300
val_000498,motorbike,robust_single_box,ok,,0.491571,0.659132,201.091200
val_000499,bicycle,robust_single_box,ok,,0.286897,0.445874,194.153200
val_000500,train,robust_single_box,ok,,0.647302,0.785893,178.288600
val_000501,horse,robust_single_box,ok,,0.623421,0.768033,211.613700
val_000502,motorbike,robust_single_box,ok,,0.411417,0.582985,186.657000
val_000503,sheep,robust_single_box,ok,,0.720682,0.837670,193.847800
val_000504,pottedplant,robust_single_box,ok,,0.278913,0.436172,203.830600
val_000505,car,robust_single_box,ok,,0.740489,0.850898,205.245800
val_000506,sofa,robust_single_box,ok,,0.777252,0.874667,203.468100
val_000507,person,robust_single_box,ok,,0.544964,0.705471,153.023500
val_000508,train,robust_single_box,ok,,0.781535,0.877372,167.175900
val_000509,chair,robust_single_box,ok,,0.938108,0.968066,199.727200
val_000510,sheep,robust_single_box,ok,,0.921632,0.959218,199.615500
val_000511,horse,robust_single_box,ok,,0.403545,0.575036,179.007500
val_000512,person,robust_single_box,ok,,0.324962,0.490522,177.224000
val_000513,bottle,robust_single_box,ok,,0.776183,0.873990,222.140600
val_000514,horse,robust_single_box,ok,,0.827801,0.905789,203.585500
val_000515,cow,robust_single_box,ok,,0.885358,0.939194,195.869100
val_000516,aeroplane,robust_single_box,ok,,0.349796,0.518295,164.983700
val_000517,horse,robust_single_box,ok,,0.588328,0.740815,176.186200
val_000518,tvmonitor,robust_single_box,ok,,0.911274,0.953577,202.840900
val_000519,bicycle,robust_single_box,ok,,0.187181,0.315336,205.383000
val_000520,sheep,robust_single_box,ok,,0.804144,0.891441,215.397900
val_000521,tvmonitor,robust_single_box,ok,,0.623741,0.768277,200.217100
val_000522,bicycle,robust_single_box,ok,,0.266897,0.421340,186.813200
val_000523,motorbike,robust_single_box,ok,,0.600591,0.750462,210.883200
val_000524,tvmonitor,robust_single_box,ok,,0.829360,0.906722,208.132200
val_000525,cow,robust_single_box,ok,,0.748125,0.855917,182.006300
val_000526,cow,robust_single_box,ok,,0.536356,0.698218,220.576500
val_000527,diningtable,robust_single_box,ok,,0.457271,0.627572,160.569400
val_000528,dog,robust_single_box,ok,,0.567245,0.723875,212.807700
val_000529,pottedplant,robust_single_box,ok,,0.391183,0.562375,171.812000
val_000530,pottedplant,robust_single_box,ok,,0.866536,0.928497,109.950600
val_000531,motorbike,robust_single_box,ok,,0.458266,0.628508,161.275700
val_000532,tvmonitor,robust_single_box,ok,,0.754465,0.860052,181.908000
val_000533,bottle,robust_single_box,ok,,0.838576,0.912202,222.226900
val_000534,aeroplane,robust_single_box,ok,,0.486000,0.654105,206.967200
val_000535,boat,robust_single_box,ok,,0.244681,0.393162,198.607100
val_000536,person,robust_single_box,ok,,0.540466,0.701691,107.213500
val_000537,motorbike,robust_single_box,ok,,0.733294,0.846127,220.313000
val_000538,tvmonitor,robust_single_box,ok,,0.811577,0.895990,203.114300
val_000539,person,robust_single_box,ok,,0.443652,0.614625,192.083800
val_000540,horse,robust_single_box,ok,,0.569236,0.725494,183.597600
val_000541,train,robust_single_box,ok,,0.871455,0.931313,215.614900
val_000542,boat,robust_single_box,ok,,0.111676,0.200915,167.917300
val_000543,sheep,robust_single_box,ok,,0.486917,0.654935,177.786500
val_000544,motorbike,robust_single_box,ok,,0.664256,0.798262,189.618900
val_000545,horse,robust_single_box,ok,,0.560727,0.718546,201.362000
val_000546,bus,robust_single_box,ok,,0.778889,0.875703,204.525500
val_000547,pottedplant,robust_single_box,ok,,0.600742,0.750580,184.115000
val_000548,horse,robust_single_box,ok,,0.435941,0.607185,173.246400
val_000549,bicycle,robust_single_box,ok,,0.093012,0.170194,215.928400
val_000550,person,robust_single_box,ok,,0.518332,0.682765,182.074300
val_000551,person,robust_single_box,ok,,0.463103,0.633043,180.802700
val_000552,bottle,robust_single_box,ok,,0.430974,0.602351,203.923900
val_000553,motorbike,robust_single_box,ok,,0.645057,0.784237,210.086700
val_000554,diningtable,robust_single_box,ok,,0.397209,0.568575,194.798400
val_000555,horse,robust_single_box,ok,,0.414965,0.586538,218.496800
val_000556,train,robust_single_box,ok,,0.824219,0.903640,175.239900
val_000557,cow,robust_single_box,ok,,0.376878,0.547438,204.764200
val_000558,person,robust_single_box,ok,,0.747164,0.855288,200.323400
val_000559,dog,robust_single_box,ok,,0.751790,0.858311,182.234900
val_000560,bird,robust_single_box,ok,,0.371290,0.541519,217.896200
val_000561,tvmonitor,robust_single_box,ok,,0.575477,0.730543,196.949500
val_000562,aeroplane,robust_single_box,ok,,0.589891,0.742052,186.384000
val_000563,horse,robust_single_box,ok,,0.830079,0.907151,195.304300
val_000564,boat,robust_single_box,ok,,0.715626,0.834245,179.769700
val_000565,car,robust_single_box,ok,,0.720989,0.837877,194.779200
val_000566,person,robust_single_box,ok,,0.772415,0.871596,227.579300
val_000567,cat,robust_single_box,ok,,0.883507,0.938151,246.453300
val_000568,sheep,robust_single_box,ok,,0.521441,0.685456,118.705900
val_000569,cat,robust_single_box,ok,,0.851623,0.919867,203.022000
val_000570,diningtable,robust_single_box,ok,,0.637946,0.778959,225.315400
val_000571,cat,robust_single_box,ok,,0.822119,0.902377,180.380400
val_000572,train,robust_single_box,ok,,0.921211,0.958990,211.505700
val_000573,person,robust_single_box,ok,,0.728813,0.843137,193.655700
val_000574,cow,robust_single_box,ok,,0.401018,0.572467,216.982400
val_000575,train,robust_single_box,ok,,0.772077,0.871381,221.624400
val_000576,bus,robust_single_box,ok,,0.745914,0.854468,192.230200
val_000577,aeroplane,robust_single_box,ok,,0.536511,0.698350,175.824400
val_000578,person,robust_single_box,ok,,0.497696,0.664615,173.159300
val_000579,train,robust_single_box,ok,,0.711254,0.831266,191.732600
val_000580,sofa,robust_single_box,ok,,0.632368,0.774786,209.118100
val_000581,sheep,robust_single_box,ok,,0.581260,0.735186,213.233300
val_000582,person,robust_single_box,ok,,0.498214,0.665077,203.237800
val_000583,dog,robust_single_box,ok,,0.649223,0.787308,203.464900
val_000584,car,robust_single_box,ok,,0.240865,0.388222,217.093700
val_000585,cow,robust_single_box,ok,,0.893474,0.943740,182.647000
val_000586,cow,robust_single_box,ok,,0.938697,0.968379,208.705600
val_000587,diningtable,robust_single_box,ok,,0.329877,0.496102,214.521500
val_000588,bird,robust_single_box,ok,,0.887330,0.940302,191.557900
val_000589,cow,robust_single_box,ok,,0.744717,0.853683,217.806600
val_000590,boat,robust_single_box,ok,,0.779307,0.875967,186.518200
val_000591,chair,robust_single_box,ok,,0.682236,0.811106,210.913100
val_000592,person,robust_single_box,ok,,0.860700,0.925136,197.168900
val_000593,cow,robust_single_box,ok,,0.484867,0.653078,217.232000
val_000594,aeroplane,robust_single_box,ok,,0.720294,0.837408,146.394400
val_000595,dog,robust_single_box,ok,,0.425883,0.597361,226.074900
val_000596,horse,robust_single_box,ok,,0.769757,0.869901,203.599400
val_000597,person,robust_single_box,ok,,0.715904,0.834433,189.108800
val_000598,sheep,robust_single_box,ok,,0.544850,0.705376,212.727100
val_000599,bird,robust_single_box,ok,,0.649238,0.787318,196.829400
val_000600,aeroplane,robust_single_box,ok,,0.477995,0.646816,92.113000
val_000601,dog,robust_single_box,ok,,0.530107,0.692902,215.997400
val_000602,chair,robust_single_box,ok,,0.900367,0.947572,217.403400
val_000603,cat,robust_single_box,ok,,0.464828,0.634652,196.907900
val_000604,cow,robust_single_box,ok,,0.810420,0.895284,188.971500
val_000605,sheep,robust_single_box,ok,,0.702114,0.824990,215.241200
val_000606,person,robust_single_box,ok,,0.644619,0.783913,184.998200
val_000607,bus,robust_single_box,ok,,0.740976,0.851219,190.849400
val_000608,car,robust_single_box,ok,,0.539233,0.700651,204.918500
val_000609,bottle,robust_single_box,ok,,0.915799,0.956049,219.443600
val_000610,sheep,robust_single_box,ok,,0.733375,0.846182,199.589700
val_000611,person,robust_single_box,ok,,0.510000,0.675497,206.085600
val_000612,aeroplane,robust_single_box,ok,,0.839506,0.912752,204.316300
val_000613,horse,robust_single_box,ok,,0.428983,0.600403,197.103400
val_000614,person,robust_single_box,ok,,0.882137,0.937378,162.292700
val_000615,diningtable,robust_single_box,ok,,0.600183,0.750143,194.276500
val_000616,sofa,robust_single_box,ok,,0.790596,0.883053,212.351000
val_000617,motorbike,robust_single_box,ok,,0.548581,0.708495,206.452300
val_000618,train,robust_single_box,ok,,0.211437,0.349069,165.024400
val_000619,bus,robust_single_box,ok,,0.926776,0.961997,212.819100
val_000620,bird,robust_single_box,ok,,0.227184,0.370253,194.275700
val_000621,horse,robust_single_box,ok,,0.320263,0.485151,217.311000
val_000622,bus,robust_single_box,ok,,0.472893,0.642128,207.928800
val_000623,person,robust_single_box,ok,,0.547083,0.707245,213.173100
val_000624,diningtable,robust_single_box,ok,,0.755894,0.860979,212.556900
val_000625,horse,robust_single_box,ok,,0.641581,0.781662,208.122500
val_000626,horse,robust_single_box,ok,,0.799017,0.888282,195.072500
val_000627,horse,robust_single_box,ok,,0.609106,0.757074,176.311100
val_000628,pottedplant,robust_single_box,ok,,0.612793,0.759915,208.798700
val_000629,bus,robust_single_box,ok,,0.270407,0.425701,203.714700
val_000630,bicycle,robust_single_box,ok,,0.173484,0.295674,230.399400
val_000631,bus,robust_single_box,ok,,0.605682,0.754423,292.687500
val_000632,bicycle,robust_single_box,ok,,0.092129,0.168714,207.869200
val_000633,bird,robust_single_box,ok,,0.565595,0.722530,205.766400
val_000634,horse,robust_single_box,ok,,0.655586,0.791968,142.498800
val_000635,cat,robust_single_box,ok,,0.767357,0.868367,187.816000
val_000636,train,robust_single_box,ok,,0.496925,0.663927,209.606700
val_000637,aeroplane,robust_single_box,ok,,0.381825,0.552639,191.783100
val_000638,bird,robust_single_box,ok,,0.756218,0.861189,213.177900
val_000639,sheep,robust_single_box,ok,,0.885254,0.939135,174.437100
val_000640,motorbike,robust_single_box,ok,,0.553153,0.712297,186.463200
val_000641,cat,robust_single_box,ok,,0.387285,0.558335,201.779800
val_000642,sofa,robust_single_box,ok,,0.719773,0.837056,254.162900
val_000643,sofa,robust_single_box,ok,,0.852089,0.920138,215.198400
val_000644,bottle,robust_single_box,ok,,0.686928,0.814413,188.832100
val_000645,tvmonitor,robust_single_box,ok,,0.670878,0.803025,190.563900
val_000646,bicycle,robust_single_box,ok,,0.099659,0.181255,218.204500
val_000647,dog,robust_single_box,ok,,0.447132,0.617956,183.742900
val_000648,bottle,robust_single_box,ok,,0.693091,0.818728,186.693800
val_000649,aeroplane,robust_single_box,ok,,0.307797,0.470710,215.675100
val_000650,cow,robust_single_box,ok,,0.687529,0.814835,217.301300
val_000651,sofa,robust_single_box,ok,,0.867969,0.929319,229.131000
val_000652,person,robust_single_box,ok,,0.598201,0.748593,208.115000
val_000653,bird,robust_single_box,ok,,0.428334,0.599768,217.365500
val_000654,bus,robust_single_box,ok,,0.851829,0.919987,190.008400
val_000655,bicycle,robust_single_box,ok,,0.195602,0.327202,208.128700
val_000656,bicycle,robust_single_box,ok,,0.335267,0.502173,223.952200
val_000657,aeroplane,robust_single_box,ok,,0.524002,0.687666,173.600300
val_000658,tvmonitor,robust_single_box,ok,,0.687866,0.815072,193.009700
val_000659,horse,robust_single_box,ok,,0.375939,0.546448,224.298200
val_000660,person,robust_single_box,ok,,0.662037,0.796657,242.732700
val_000661,boat,robust_single_box,ok,,0.479214,0.647931,225.899200
val_000662,bus,robust_single_box,ok,,0.670032,0.802418,190.580200
val_000663,aeroplane,robust_single_box,ok,,0.379785,0.550499,197.438000
val_000664,boat,robust_single_box,ok,,0.595981,0.746853,209.640100
val_000665,bus,robust_single_box,ok,,0.699016,0.822848,228.163200
val_000666,car,robust_single_box,ok,,0.727120,0.842003,187.020800
val_000667,boat,robust_single_box,ok,,0.582904,0.736500,189.883900
val_000668,sofa,robust_single_box,ok,,0.737464,0.848897,52.255800
val_000669,pottedplant,robust_single_box,ok,,0.442284,0.613311,202.635400
val_000670,car,robust_single_box,ok,,0.800942,0.889470,205.375500
val_000671,bicycle,robust_single_box,ok,,0.288921,0.448314,198.775600
val_000672,bird,robust_single_box,ok,,0.671088,0.803175,267.107000
val_000673,train,robust_single_box,ok,,0.469263,0.638774,227.327500
val_000674,cow,robust_single_box,ok,,0.675471,0.806306,228.070600
val_000675,bird,robust_single_box,ok,,0.458181,0.628428,215.638800
val_000676,sheep,robust_single_box,ok,,0.647396,0.785963,211.118700
val_000677,person,robust_single_box,ok,,0.660207,0.795331,181.423500
val_000678,horse,robust_single_box,ok,,0.395136,0.566448,212.832800
val_000679,train,robust_single_box,ok,,0.636280,0.777715,198.576300
val_000680,cat,robust_single_box,ok,,0.580721,0.734754,236.898500
val_000681,boat,robust_single_box,ok,,0.498629,0.665447,211.762300
val_000682,horse,robust_single_box,ok,,0.714418,0.833424,172.357700
val_000683,motorbike,robust_single_box,ok,,0.506544,0.672458,197.190600
val_000684,cow,robust_single_box,ok,,0.333924,0.500665,184.482900
val_000685,sofa,robust_single_box,ok,,0.783902,0.878862,150.716400
val_000686,cow,robust_single_box,ok,,0.836196,0.910792,183.721900
val_000687,car,robust_single_box,ok,,0.634571,0.776437,190.408800
val_000688,boat,robust_single_box,ok,,0.825710,0.904536,196.973100
val_000689,dog,robust_single_box,ok,,0.909372,0.952535,182.968600
val_000690,bottle,robust_single_box,ok,,0.620127,0.765529,173.803900
val_000691,train,robust_single_box,ok,,0.781907,0.877607,142.082900
val_000692,bird,robust_single_box,ok,,0.610548,0.758187,222.646700
val_000693,dog,robust_single_box,ok,,0.692415,0.818257,182.818700
val_000694,boat,robust_single_box,ok,,0.547205,0.707347,134.150400
val_000695,sheep,robust_single_box,ok,,0.536455,0.698302,192.390000
val_000696,horse,robust_single_box,ok,,0.798703,0.888088,209.897600
val_000697,dog,robust_single_box,ok,,0.571048,0.726964,222.679300
val_000698,cat,robust_single_box,ok,,0.480112,0.648750,209.653500
val_000699,dog,robust_single_box,ok,,0.411277,0.582844,203.787800
val_000700,bird,robust_single_box,ok,,0.293258,0.453518,208.917300
val_000701,bird,robust_single_box,ok,,0.572803,0.728385,191.413100
val_000702,cat,robust_single_box,ok,,0.682724,0.811451,211.073800
val_000703,bus,robust_single_box,ok,,0.801964,0.890100,192.168900
val_000704,bird,robust_single_box,ok,,0.770691,0.870497,294.052700
val_000705,bird,robust_single_box,ok,,0.703812,0.826161,215.168200
val_000706,diningtable,robust_single_box,ok,,0.842935,0.914775,198.266700
val_000707,car,robust_single_box,ok,,0.688285,0.815366,210.464200
val_000708,car,robust_single_box,ok,,0.344662,0.512637,189.354600
val_000709,bottle,robust_single_box,ok,,0.565336,0.722319,184.002700
val_000710,person,robust_single_box,ok,,0.601257,0.750981,174.282900
val_000711,train,robust_single_box,ok,,0.691748,0.817791,216.071600
val_000712,bird,robust_single_box,ok,,0.834369,0.909707,271.604100
val_000713,aeroplane,robust_single_box,ok,,0.362400,0.532003,167.259600
val_000714,train,robust_single_box,ok,,0.718857,0.836436,185.611400
val_000715,tvmonitor,robust_single_box,ok,,0.821921,0.902257,208.299900
val_000716,cat,robust_single_box,ok,,0.600116,0.750091,190.425200
val_000717,cat,robust_single_box,ok,,0.652185,0.789482,206.788200
val_000718,horse,robust_single_box,ok,,0.620547,0.765849,216.931700
val_000719,sheep,robust_single_box,ok,,0.747490,0.855502,223.245000
val_000720,dog,robust_single_box,ok,,0.690119,0.816652,182.099200
val_000721,car,robust_single_box,ok,,0.667571,0.800651,209.470200
val_000722,bird,robust_single_box,ok,,0.700641,0.823973,175.590400
val_000723,bird,robust_single_box,ok,,0.790931,0.883263,182.438400
val_000724,sofa,robust_single_box,ok,,0.516733,0.681377,186.905700
val_000725,person,robust_single_box,ok,,0.639415,0.780053,171.451900
val_000726,bird,robust_single_box,ok,,0.496885,0.663892,219.061100
val_000727,pottedplant,robust_single_box,ok,,0.320326,0.485223,189.569700
val_000728,dog,robust_single_box,ok,,0.803907,0.891295,222.654400
val_000729,person,robust_single_box,ok,,0.650325,0.788117,219.515800
val_000730,sofa,robust_single_box,ok,,0.822034,0.902326,194.460400
val_000731,bird,robust_single_box,ok,,0.848335,0.917945,180.250400
val_000732,sheep,robust_single_box,ok,,0.743862,0.853120,237.216800
val_000733,sofa,robust_single_box,ok,,0.485628,0.653768,243.718700
val_000734,bus,robust_single_box,ok,,0.685900,0.813690,217.715100
val_000735,bus,robust_single_box,ok,,0.671919,0.803770,213.912800
val_000736,bottle,robust_single_box,ok,,0.299764,0.461259,168.527400
val_000737,aeroplane,robust_single_box,ok,,0.718166,0.835968,176.298400
val_000738,aeroplane,robust_single_box,ok,,0.594909,0.746010,195.396600
val_000739,bus,robust_single_box,ok,,0.766849,0.868041,187.865900
val_000740,boat,robust_single_box,ok,,0.745115,0.853944,215.495900
val_000741,sheep,robust_single_box,ok,,0.668879,0.801591,256.483000
val_000742,dog,robust_single_box,ok,,0.676450,0.807003,188.925800
val_000743,cow,robust_single_box,ok,,0.532284,0.694759,216.350900
val_000744,person,robust_single_box,ok,,0.497463,0.664408,187.491400
val_000745,sheep,robust_single_box,ok,,0.577172,0.731908,205.845200
val_000746,tvmonitor,robust_single_box,ok,,0.734758,0.847101,195.392400
val_000747,horse,robust_single_box,ok,,0.533699,0.695964,182.164900
val_000748,cow,robust_single_box,ok,,0.500244,0.666884,192.867900
val_000749,cow,robust_single_box,ok,,0.781778,0.877526,214.821900
val_000750,dog,robust_single_box,ok,,0.725825,0.841134,213.781000
val_000751,car,robust_single_box,ok,,0.569065,0.725355,184.599300
val_000752,horse,robust_single_box,ok,,0.770632,0.870460,215.830400
val_000753,cow,robust_single_box,ok,,0.495502,0.662657,201.746600
val_000754,person,robust_single_box,ok,,0.248461,0.398028,189.247800
val_000755,train,robust_single_box,ok,,0.632511,0.774894,196.546900
val_000756,cow,robust_single_box,ok,,0.774893,0.873171,201.716700
val_000757,bus,robust_single_box,ok,,0.794428,0.885439,236.889900
val_000758,motorbike,robust_single_box,ok,,0.514326,0.679281,259.178000
val_000759,train,robust_single_box,ok,,0.406674,0.578206,186.658000
val_000760,cat,robust_single_box,ok,,0.559593,0.717614,181.874300
val_000761,train,robust_single_box,ok,,0.769345,0.869638,181.071000
val_000762,bicycle,robust_single_box,ok,,0.134911,0.237748,224.977000
val_000763,motorbike,robust_single_box,ok,,0.541912,0.702909,166.276900
val_000764,aeroplane,robust_single_box,ok,,0.820669,0.901503,183.969100
val_000765,person,robust_single_box,ok,,0.535542,0.697528,205.373700
val_000766,tvmonitor,robust_single_box,ok,,0.778441,0.875420,215.350600
val_000767,person,robust_single_box,ok,,0.392666,0.563906,189.115200
val_000768,motorbike,robust_single_box,ok,,0.244469,0.392889,210.742600
val_000769,sofa,robust_single_box,ok,,0.461204,0.631266,204.793000
val_000770,chair,robust_single_box,ok,,0.534490,0.696635,220.045800
val_000771,dog,robust_single_box,ok,,0.899074,0.946855,210.743000
val_000772,diningtable,robust_single_box,ok,,0.255352,0.406821,179.623100
val_000773,bottle,robust_single_box,ok,,0.561104,0.718855,158.954700
val_000774,cat,robust_single_box,ok,,0.592336,0.743983,191.425000
val_000775,bus,robust_single_box,ok,,0.538735,0.700231,196.450900
val_000776,dog,robust_single_box,ok,,0.659783,0.795023,172.470300
val_000777,cow,robust_single_box,ok,,0.594391,0.745602,176.590800
val_000778,tvmonitor,robust_single_box,ok,,0.774142,0.872694,188.408000
val_000779,train,robust_single_box,ok,,0.620551,0.765852,167.424000
val_000780,sofa,robust_single_box,ok,,0.734525,0.846947,186.336000
val_000781,tvmonitor,robust_single_box,ok,,0.914691,0.955445,182.225200
val_000782,person,robust_single_box,ok,,0.435472,0.606730,209.603200
val_000783,boat,robust_single_box,ok,,0.154758,0.268035,203.067900
val_000784,bottle,robust_single_box,ok,,0.781002,0.877037,236.933700
val_000785,bird,robust_single_box,ok,,0.813224,0.896992,171.589700
val_000786,car,robust_single_box,ok,,0.910531,0.953171,177.544400
val_000787,cow,robust_single_box,ok,,0.872873,0.932122,197.000300
val_000788,train,robust_single_box,ok,,0.522842,0.686666,193.265700
val_000789,bottle,robust_single_box,ok,,0.515971,0.680714,221.211900
val_000790,motorbike,robust_single_box,ok,,0.511662,0.676953,214.182200
val_000791,boat,robust_single_box,ok,,0.608178,0.756357,162.629400
val_000792,sofa,robust_single_box,ok,,0.789105,0.882123,170.517000
val_000793,bottle,robust_single_box,ok,,0.399919,0.571346,107.832300
val_000794,cat,robust_single_box,ok,,0.410809,0.582374,196.407000
val_000795,pottedplant,robust_single_box,ok,,0.875083,0.933381,201.153700
val_000796,aeroplane,robust_single_box,ok,,0.452566,0.623126,185.357600
val_000797,bottle,robust_single_box,ok,,0.902872,0.948957,175.987500
val_000798,train,robust_single_box,ok,,0.784175,0.879034,109.049400
val_000799,aeroplane,robust_single_box,ok,,0.159271,0.274778,159.012200
val_000800,bicycle,robust_single_box,ok,,0.204832,0.340017,206.164200
val_000801,cat,robust_single_box,ok,,0.535032,0.697095,210.770000
val_000802,horse,robust_single_box,ok,,0.498674,0.665487,156.144300
val_000803,train,robust_single_box,ok,,0.694938,0.820016,185.368800
val_000804,car,robust_single_box,ok,,0.455280,0.625694,172.148000
val_000805,diningtable,robust_single_box,ok,,0.789941,0.882645,199.436800
val_000806,aeroplane,robust_single_box,ok,,0.745781,0.854381,169.356300
val_000807,boat,robust_single_box,ok,,0.797533,0.887364,206.347900
val_000808,cow,robust_single_box,ok,,0.593529,0.744924,171.925200
val_000809,dog,robust_single_box,ok,,0.886920,0.940071,203.722200
val_000810,person,robust_single_box,ok,,0.437223,0.608428,191.409300
val_000811,diningtable,robust_single_box,ok,,0.864744,0.927467,165.477000
val_000812,boat,robust_single_box,ok,,0.603083,0.752404,208.313900
val_000813,train,robust_single_box,ok,,0.691065,0.817313,207.146900
val_000814,sofa,robust_single_box,ok,,0.795613,0.886175,187.303900
val_000815,bicycle,robust_single_box,ok,,0.125278,0.222661,208.059100
val_000816,motorbike,robust_single_box,ok,,0.766262,0.867665,197.320400
val_000817,dog,robust_single_box,ok,,0.513469,0.678533,197.865400
val_000818,bicycle,robust_single_box,ok,,0.211869,0.349657,207.415400
val_000819,dog,robust_single_box,ok,,0.740720,0.851050,185.572200
val_000820,person,robust_single_box,ok,,0.612029,0.759327,205.243100
val_000821,bird,robust_single_box,ok,,0.348400,0.516760,213.841400
val_000822,train,robust_single_box,ok,,0.753144,0.859193,178.119000
val_000823,bus,robust_single_box,ok,,0.769700,0.869865,191.144300
val_000824,train,robust_single_box,ok,,0.692337,0.818202,172.902000
val_000825,horse,robust_single_box,ok,,0.437498,0.608694,213.325100
val_000826,bicycle,robust_single_box,ok,,0.117345,0.210042,160.317900
val_000827,bird,robust_single_box,ok,,0.518166,0.682621,255.943500
val_000828,car,robust_single_box,ok,,0.555484,0.714227,212.308000
val_000829,car,robust_single_box,ok,,0.801068,0.889548,149.880100
val_000830,train,robust_single_box,ok,,0.635967,0.777482,203.996400
val_000831,bird,robust_single_box,ok,,0.656765,0.792828,220.065500
val_000832,dog,robust_single_box,ok,,0.436871,0.608087,202.306200
val_000833,horse,robust_single_box,ok,,0.566243,0.723059,178.761100
val_000834,person,robust_single_box,ok,,0.714059,0.833179,217.252800
val_000835,bird,robust_single_box,ok,,0.469745,0.639220,211.103900
val_000836,boat,robust_single_box,ok,,0.630705,0.773536,191.328400
val_000837,diningtable,robust_single_box,ok,,0.310468,0.473828,188.583000
val_000838,bottle,robust_single_box,ok,,0.756531,0.861392,211.166900
val_000839,tvmonitor,robust_single_box,ok,,0.556771,0.715289,211.174100
val_000840,cow,robust_single_box,ok,,0.709581,0.830123,189.838000
val_000841,car,robust_single_box,ok,,0.777409,0.874766,162.856600
val_000842,tvmonitor,robust_single_box,ok,,0.818311,0.900078,290.773200
val_000843,sofa,robust_single_box,ok,,0.814865,0.897990,202.849900
val_000844,cow,robust_single_box,ok,,0.394849,0.566153,194.015500
val_000845,person,robust_single_box,ok,,0.424158,0.595661,176.503300
val_000846,car,robust_single_box,ok,,0.784708,0.879368,203.370900
val_000847,sofa,robust_single_box,ok,,0.680137,0.809621,207.235800
val_000848,bird,robust_single_box,ok,,0.426890,0.598351,217.228400
val_000849,sheep,robust_single_box,ok,,0.692508,0.818321,192.415600
val_000850,aeroplane,robust_single_box,ok,,0.363038,0.532690,190.615900
val_000851,bus,robust_single_box,ok,,0.784842,0.879453,209.940500
val_000852,boat,robust_single_box,ok,,0.456574,0.626915,159.428400
val_000853,dog,robust_single_box,ok,,0.746145,0.854620,199.108500
val_000854,cat,robust_single_box,ok,,0.599973,0.749979,178.507500
val_000855,cow,robust_single_box,ok,,0.596377,0.747163,164.844900
val_000856,horse,robust_single_box,ok,,0.553366,0.712473,222.759800
val_000857,aeroplane,robust_single_box,ok,,0.559327,0.717396,180.379700
val_000858,dog,robust_single_box,ok,,0.844560,0.915731,197.596200
val_000859,person,robust_single_box,ok,,0.941046,0.969628,197.251300
val_000860,tvmonitor,robust_single_box,ok,,0.743070,0.852599,190.115500
val_000861,bird,robust_single_box,ok,,0.378779,0.549442,200.802900
val_000862,tvmonitor,robust_single_box,ok,,0.380293,0.551032,190.273200
val_000863,horse,robust_single_box,ok,,0.510486,0.675922,185.585600
val_000864,cat,robust_single_box,ok,,0.850418,0.919163,189.046400
val_000865,dog,robust_single_box,ok,,0.455956,0.626332,196.254500
val_000866,train,robust_single_box,ok,,0.507729,0.673501,204.066500
val_000867,bicycle,robust_single_box,ok,,0.180893,0.306366,222.047500
val_000868,person,robust_single_box,ok,,0.510907,0.676292,211.153300
val_000869,bird,robust_single_box,ok,,0.306037,0.468650,107.219600
val_000870,dog,robust_single_box,ok,,0.446338,0.617197,176.541700
val_000871,motorbike,robust_single_box,ok,,0.352000,0.520710,185.235200
val_000872,sheep,robust_single_box,ok,,0.281946,0.439872,200.278400
val_000873,bus,robust_single_box,ok,,0.891762,0.942784,192.059500
val_000874,bird,robust_single_box,ok,,0.484074,0.652359,210.373600
val_000875,sofa,robust_single_box,ok,,0.834698,0.909903,176.333000
val_000876,boat,robust_single_box,ok,,0.192027,0.322186,198.473800
val_000877,diningtable,robust_single_box,ok,,0.554105,0.713086,203.315900
val_000878,chair,robust_single_box,ok,,0.529203,0.692129,198.646500
val_000879,person,robust_single_box,ok,,0.617678,0.763660,203.115600
val_000880,bottle,robust_single_box,ok,,0.541502,0.702564,196.951300
val_000881,cat,robust_single_box,ok,,0.931534,0.964554,168.164000
val_000882,train,robust_single_box,ok,,0.860158,0.924823,214.927100
val_000883,sofa,robust_single_box,ok,,0.885301,0.939162,212.327600
val_000884,bottle,robust_single_box,ok,,0.638670,0.779498,208.643400
val_000885,motorbike,robust_single_box,ok,,0.602800,0.752184,173.542600
val_000886,car,robust_single_box,ok,,0.691774,0.817809,200.168900
val_000887,horse,robust_single_box,ok,,0.879691,0.935995,184.017600
val_000888,cat,robust_single_box,ok,,0.514842,0.679730,190.679100
val_000889,dog,robust_single_box,ok,,0.480906,0.649476,172.720000
val_000890,bird,robust_single_box,ok,,0.889680,0.941620,211.383300
val_000891,bird,robust_single_box,ok,,0.811782,0.896114,191.507000
val_000892,bird,robust_single_box,ok,,0.315106,0.479210,171.177900
val_000893,bottle,robust_single_box,ok,,0.785162,0.879654,175.016900
val_000894,dog,robust_single_box,ok,,0.579237,0.733566,196.100200
val_000895,bus,robust_single_box,ok,,0.749441,0.856778,167.325200
val_000896,dog,robust_single_box,ok,,0.600885,0.750691,175.260900
val_000897,car,robust_single_box,ok,,0.941864,0.970062,172.442700
val_000898,boat,robust_single_box,ok,,0.349778,0.518275,176.613600
val_000899,aeroplane,robust_single_box,ok,,0.763356,0.865799,194.901600
val_000900,sofa,robust_single_box,ok,,0.823857,0.903423,213.793300
val_000901,cat,robust_single_box,ok,,0.515273,0.680106,210.551400
val_000902,train,robust_single_box,ok,,0.727757,0.842430,214.044600
val_000903,bus,robust_single_box,ok,,0.757791,0.862208,205.300700
val_000904,motorbike,robust_single_box,ok,,0.510848,0.676240,177.752500
val_000905,car,robust_single_box,ok,,0.766183,0.867614,167.766500
val_000906,bus,robust_single_box,ok,,0.712598,0.832184,192.915300
val_000907,train,robust_single_box,ok,,0.431529,0.602892,163.100100
val_000908,motorbike,robust_single_box,ok,,0.382582,0.553431,167.817600
val_000909,person,robust_single_box,ok,,0.689630,0.816309,193.347800
val_000910,diningtable,robust_single_box,ok,,0.555036,0.713856,210.037300
val_000911,bus,robust_single_box,ok,,0.749881,0.857065,219.358600
val_000912,bicycle,robust_single_box,ok,,0.086122,0.158586,216.205000
val_000913,bird,robust_single_box,ok,,0.275948,0.432538,168.042800
val_000914,bird,robust_single_box,ok,,0.700049,0.823563,157.554400
val_000915,horse,robust_single_box,ok,,0.663348,0.797606,258.255300
val_000916,aeroplane,robust_single_box,ok,,0.562114,0.719684,201.562500
val_000917,motorbike,robust_single_box,ok,,0.649683,0.787646,179.944600
val_000918,sofa,robust_single_box,ok,,0.734090,0.846657,187.520100
val_000919,person,robust_single_box,ok,,0.615240,0.761794,177.616200
val_000920,person,robust_single_box,ok,,0.589634,0.741849,205.406600
val_000921,motorbike,robust_single_box,ok,,0.560643,0.718477,184.760600
val_000922,person,robust_single_box,ok,,0.311082,0.474543,208.999500
val_000923,sheep,robust_single_box,ok,,0.908116,0.951846,213.288200
val_000924,bird,robust_single_box,ok,,0.562796,0.720243,182.429100
val_000925,train,robust_single_box,ok,,0.755748,0.860884,78.895800
val_000926,bicycle,robust_single_box,ok,,0.115820,0.207595,243.708500
val_000927,cat,robust_single_box,ok,,0.841606,0.913991,199.497400
val_000928,aeroplane,robust_single_box,ok,,0.565730,0.722640,169.264300
val_000929,bottle,robust_single_box,ok,,0.552685,0.711909,180.644200
val_000930,horse,robust_single_box,ok,,0.884475,0.938697,202.880100
val_000931,cat,robust_single_box,ok,,0.547557,0.707640,213.848600
val_000932,train,robust_single_box,ok,,0.803973,0.891336,168.311900
val_000933,bus,robust_single_box,ok,,0.737261,0.848762,201.377900
val_000934,bird,robust_single_box,ok,,0.576797,0.731606,230.267400
val_000935,bird,robust_single_box,ok,,0.670511,0.802761,203.110300
val_000936,bottle,robust_single_box,ok,,0.683609,0.812076,184.244300
val_000937,chair,robust_single_box,ok,,0.342537,0.510284,212.187900
val_000938,horse,robust_single_box,ok,,0.512563,0.677741,275.677700
val_000939,bicycle,robust_single_box,ok,,0.419576,0.591128,202.433300
val_000940,person,robust_single_box,ok,,0.651358,0.788876,181.312500
val_000941,boat,robust_single_box,ok,,0.526596,0.689895,218.308800
val_000942,motorbike,robust_single_box,ok,,0.233615,0.378749,210.797900
val_000943,dog,robust_single_box,ok,,0.930640,0.964074,176.981200
val_000944,dog,robust_single_box,ok,,0.397681,0.569058,167.220500
val_000945,car,robust_single_box,ok,,0.391512,0.562715,217.578100
val_000946,cat,robust_single_box,ok,,0.665520,0.799174,199.767500
val_000947,person,robust_single_box,ok,,0.676953,0.807360,203.641000
val_000948,dog,robust_single_box,ok,,0.740198,0.850706,61.014000
val_000949,aeroplane,robust_single_box,ok,,0.532606,0.695033,184.201100
val_000950,bird,robust_single_box,ok,,0.368632,0.538687,183.045600
val_000951,sofa,robust_single_box,ok,,0.664517,0.798450,151.025300
val_000952,boat,robust_single_box,ok,,0.845642,0.916366,159.109400
val_000953,sofa,robust_single_box,ok,,0.862950,0.926434,210.832500
val_000954,sheep,robust_single_box,ok,,0.485134,0.653320,194.181100
val_000955,tvmonitor,robust_single_box,ok,,0.829976,0.907089,209.346500
val_000956,pottedplant,robust_single_box,ok,,0.572390,0.728051,138.990100
val_000957,bird,robust_single_box,ok,,0.658509,0.794098,169.897800
val_000958,bicycle,robust_single_box,ok,,0.237087,0.383299,190.460000
val_000959,car,robust_single_box,ok,,0.766411,0.867761,155.474000
val_000960,dog,robust_single_box,ok,,0.650134,0.787977,198.791600
val_000961,bottle,robust_single_box,ok,,0.805025,0.891982,185.002300
val_000962,cow,robust_single_box,ok,,0.639780,0.780324,215.407200
val_000963,bird,robust_single_box,ok,,0.358456,0.527740,221.181600
val_000964,person,robust_single_box,ok,,0.825805,0.904593,185.808300
val_000965,cat,robust_single_box,ok,,0.654820,0.791409,201.637000
val_000966,person,robust_single_box,ok,,0.528399,0.691442,144.914800
val_000967,aeroplane,robust_single_box,ok,,0.764557,0.866571,173.567900
val_000968,bus,robust_single_box,ok,,0.828930,0.906465,212.494100
val_000969,aeroplane,robust_single_box,ok,,0.451673,0.622279,206.504700
val_000970,car,robust_single_box,ok,,0.626643,0.770474,180.617700
val_000971,pottedplant,robust_single_box,ok,,0.700656,0.823983,199.547700
val_000972,horse,robust_single_box,ok,,0.311157,0.474630,184.506700
val_000973,boat,robust_single_box,ok,,0.731051,0.844633,124.553800
val_000974,bus,robust_single_box,ok,,0.859101,0.924211,140.420200
val_000975,cat,robust_single_box,ok,,0.688957,0.815838,177.783400
val_000976,cat,robust_single_box,ok,,0.594858,0.745970,101.365700
val_000977,person,robust_single_box,ok,,0.396710,0.568063,208.917400
val_000978,train,robust_single_box,ok,,0.897435,0.945946,190.323900
val_000979,dog,robust_single_box,ok,,0.636261,0.777701,178.087300
val_000980,bird,robust_single_box,ok,,0.332269,0.498802,212.092600
val_000981,bird,robust_single_box,ok,,0.750085,0.857199,208.962100
val_000982,horse,robust_single_box,ok,,0.619546,0.765086,173.247900
val_000983,dog,robust_single_box,ok,,0.661839,0.796514,225.407600
val_000984,boat,robust_single_box,ok,,0.619835,0.765306,200.278900
val_000985,cow,robust_single_box,ok,,0.911572,0.953741,205.681600
val_000986,bird,robust_single_box,ok,,0.880528,0.936469,191.132700
val_000987,motorbike,robust_single_box,ok,,0.360190,0.529617,167.356500
val_000988,cat,robust_single_box,ok,,0.733235,0.846088,196.734600
val_000989,car,robust_single_box,ok,,0.677777,0.807947,205.499500
val_000990,bird,robust_single_box,ok,,0.580832,0.734843,209.420800
val_000991,cow,robust_single_box,ok,,0.765932,0.867453,166.623600
val_000992,cow,robust_single_box,ok,,0.602774,0.752163,184.214100
val_000993,sheep,robust_single_box,ok,,0.488496,0.656362,218.492400
val_000994,bird,robust_single_box,ok,,0.264647,0.418531,161.493200
val_000995,aeroplane,robust_single_box,ok,,0.201097,0.334855,221.098400
val_000996,aeroplane,robust_single_box,ok,,0.753162,0.859204,169.460600
val_000997,boat,robust_single_box,ok,,0.458077,0.628330,209.054400
val_000998,bird,robust_single_box,ok,,0.472996,0.642223,198.754000
val_000999,bird,robust_single_box,ok,,0.335554,0.502494,219.348700
val_001000,cat,robust_single_box,ok,,0.796608,0.886791,197.292800
val_001001,sheep,robust_single_box,ok,,0.543383,0.704146,188.662300
val_001002,train,robust_single_box,ok,,0.688974,0.815849,182.233100
val_001003,dog,robust_single_box,ok,,0.663514,0.797726,220.689100
val_001004,sofa,robust_single_box,ok,,0.890221,0.941923,198.697200
val_001005,train,robust_single_box,ok,,0.395512,0.566835,203.357100
val_001006,aeroplane,robust_single_box,ok,,0.927987,0.962649,174.630900
val_001007,bus,robust_single_box,ok,,0.825608,0.904475,182.825300
val_001008,bicycle,robust_single_box,ok,,0.247366,0.396622,210.480900
val_001009,motorbike,robust_single_box,ok,,0.626956,0.770711,192.929700
val_001010,sheep,robust_single_box,ok,,0.752267,0.858621,188.544400
val_001011,dog,robust_single_box,ok,,0.877955,0.935012,217.973700
val_001012,cat,robust_single_box,ok,,0.770885,0.870621,225.000400
val_001013,motorbike,robust_single_box,ok,,0.521592,0.685587,189.181700
val_001014,sofa,robust_single_box,ok,,0.286805,0.445762,206.461100
val_001015,cat,robust_single_box,ok,,0.706680,0.828134,204.979100
val_001016,cat,robust_single_box,ok,,0.642105,0.782051,167.950500
val_001017,person,robust_single_box,ok,,0.629133,0.772353,224.180000
val_001018,dog,robust_single_box,ok,,0.653740,0.790620,80.824000
val_001019,bus,robust_single_box,ok,,0.838259,0.912014,192.216900
val_001020,aeroplane,robust_single_box,ok,,0.794366,0.885400,205.195200
val_001021,horse,robust_single_box,ok,,0.690387,0.816839,132.121900
val_001022,sheep,robust_single_box,ok,,0.513041,0.678158,202.829800
val_001023,cat,robust_single_box,ok,,0.642174,0.782103,204.975500
val_001024,motorbike,robust_single_box,ok,,0.620700,0.765965,198.803900
val_001025,sheep,robust_single_box,ok,,0.828349,0.906117,192.167700
val_001026,person,robust_single_box,ok,,0.732442,0.845560,208.350300
val_001027,sheep,robust_single_box,ok,,0.491838,0.659372,210.993700
val_001028,diningtable,robust_single_box,ok,,0.892000,0.942918,217.253600
val_001029,bus,robust_single_box,ok,,0.857235,0.923131,159.756900
val_001030,cat,robust_single_box,ok,,0.666674,0.800005,206.817700
val_001031,cow,robust_single_box,ok,,0.590684,0.742679,161.875300
val_001032,person,robust_single_box,ok,,0.558092,0.716379,195.566000
val_001033,train,robust_single_box,ok,,0.429705,0.601110,190.182500
val_001034,tvmonitor,robust_single_box,ok,,0.851275,0.919664,176.250200
val_001035,person,robust_single_box,ok,,0.483525,0.651860,208.932800
val_001036,dog,robust_single_box,ok,,0.271437,0.426977,194.074100
val_001037,pottedplant,robust_single_box,ok,,0.411779,0.583348,191.697000
val_001038,bird,robust_single_box,ok,,0.693213,0.818814,224.458500
val_001039,bottle,robust_single_box,ok,,0.633073,0.775315,190.002200
val_001040,diningtable,robust_single_box,ok,,0.478566,0.647338,213.743900
val_001041,dog,robust_single_box,ok,,0.448554,0.619313,196.006500
val_001042,cat,robust_single_box,ok,,0.756529,0.861391,175.860200
val_001043,train,robust_single_box,ok,,0.625673,0.769740,155.489300
val_001044,dog,robust_single_box,ok,,0.831847,0.908206,194.828100
val_001045,sofa,robust_single_box,ok,,0.874202,0.932879,166.942700
val_001046,car,robust_single_box,ok,,0.730193,0.844059,172.656000
val_001047,bird,robust_single_box,ok,,0.553841,0.712867,207.111100
val_001048,person,robust_single_box,ok,,0.325593,0.491242,196.134700
val_001049,cat,robust_single_box,ok,,0.830901,0.907641,212.611000
val_001050,bicycle,robust_single_box,ok,,0.114525,0.205514,159.554000
val_001051,sheep,robust_single_box,ok,,0.243565,0.391721,186.187700
val_001052,sofa,robust_single_box,ok,,0.833289,0.909064,206.294600
val_001053,bird,robust_single_box,ok,,0.664333,0.798317,205.785400
val_001054,cat,robust_single_box,ok,,0.469323,0.638829,199.689900
val_001055,aeroplane,robust_single_box,ok,,0.805841,0.892483,170.211000
val_001056,boat,robust_single_box,ok,,0.803400,0.890984,163.360200
val_001057,horse,robust_single_box,ok,,0.815649,0.898465,203.397200
val_001058,aeroplane,robust_single_box,ok,,0.677666,0.807867,205.818800
val_001059,dog,robust_single_box,ok,,0.786238,0.880328,207.658300
val_001060,sheep,robust_single_box,ok,,0.488892,0.656719,206.838600
val_001061,motorbike,robust_single_box,ok,,0.612210,0.759467,192.360400
val_001062,motorbike,robust_single_box,ok,,0.774766,0.873091,212.774300
val_001063,cat,robust_single_box,ok,,0.629567,0.772680,214.610400
val_001064,aeroplane,robust_single_box,ok,,0.720008,0.837214,204.933900
val_001065,chair,robust_single_box,ok,,0.313930,0.477849,216.135400
val_001066,cat,robust_single_box,ok,,0.880764,0.936602,198.674700
val_001067,car,robust_single_box,ok,,0.705889,0.827591,209.112300
val_001068,cow,robust_single_box,ok,,0.511870,0.677135,209.775800
val_001069,motorbike,robust_single_box,ok,,0.344578,0.512544,176.610700
val_001070,cat,robust_single_box,ok,,0.452734,0.623286,219.022500
val_001071,bird,robust_single_box,ok,,0.417903,0.589466,205.517800
val_001072,dog,robust_single_box,ok,,0.561946,0.719546,198.834300
val_001073,cat,robust_single_box,ok,,0.719764,0.837050,168.675800
val_001074,sofa,robust_single_box,ok,,0.473326,0.642527,193.854400
val_001075,bicycle,robust_single_box,ok,,0.105099,0.190208,210.142500
val_001076,chair,robust_single_box,ok,,0.500316,0.666947,231.824200
val_001077,bus,robust_single_box,ok,,0.623738,0.768274,193.112300
val_001078,person,robust_single_box,ok,,0.849914,0.918869,192.894100
val_001079,train,robust_single_box,ok,,0.694175,0.819484,205.134900
val_001080,horse,robust_single_box,ok,,0.589231,0.741530,192.092400
val_001081,chair,robust_single_box,ok,,0.457477,0.627766,207.813500
val_001082,cow,robust_single_box,ok,,0.518293,0.682731,208.055000
val_001083,person,robust_single_box,ok,,0.685646,0.813511,173.258400
val_001084,person,robust_single_box,ok,,0.680514,0.809888,182.240200
val_001085,bus,robust_single_box,ok,,0.574803,0.730000,202.359100
val_001086,cat,robust_single_box,ok,,0.949431,0.974059,226.637200
val_001087,car,robust_single_box,ok,,0.766921,0.868087,175.904800
val_001088,chair,robust_single_box,ok,,0.578253,0.732776,210.747600
val_001089,car,robust_single_box,ok,,0.565904,0.722783,163.132000
val_001090,aeroplane,robust_single_box,ok,,0.503791,0.670028,99.302500
val_001091,car,robust_single_box,ok,,0.729073,0.843311,209.428400
val_001092,person,robust_single_box,ok,,0.474772,0.643858,196.836500
val_001093,dog,robust_single_box,ok,,0.813260,0.897014,157.713100
val_001094,pottedplant,robust_single_box,ok,,0.656302,0.792491,218.054000
val_001095,aeroplane,robust_single_box,ok,,0.273461,0.429476,204.896900
val_001096,aeroplane,robust_single_box,ok,,0.382654,0.553506,166.718600
val_001097,bird,robust_single_box,ok,,0.559248,0.717330,189.380900
val_001098,cow,robust_single_box,ok,,0.690649,0.817022,206.551600
val_001099,dog,robust_single_box,ok,,0.653152,0.790190,217.755300
val_001100,motorbike,robust_single_box,ok,,0.660034,0.795206,205.329500
val_001101,car,robust_single_box,ok,,0.696029,0.820775,282.612100
val_001102,cow,robust_single_box,ok,,0.601857,0.751449,216.607000
val_001103,cat,robust_single_box,ok,,0.470526,0.639942,299.835200
val_001104,car,robust_single_box,ok,,0.547085,0.707246,169.062000
val_001105,bus,robust_single_box,ok,,0.717608,0.835590,179.901800
val_001106,chair,robust_single_box,ok,,0.558900,0.717044,210.975500
val_001107,person,robust_single_box,ok,,0.824625,0.903884,233.637100
val_001108,bird,robust_single_box,ok,,0.609551,0.757417,219.430800
val_001109,aeroplane,robust_single_box,ok,,0.395871,0.567203,159.877000
val_001110,car,robust_single_box,ok,,0.662840,0.797239,202.608100
val_001111,cat,robust_single_box,ok,,0.791858,0.883840,215.399300
val_001112,person,robust_single_box,ok,,0.578881,0.733280,204.292900
val_001113,bird,robust_single_box,ok,,0.340965,0.508537,225.788300
val_001114,car,robust_single_box,ok,,0.435642,0.606895,229.398600
val_001115,car,robust_single_box,ok,,0.772596,0.871711,184.253500
val_001116,cat,robust_single_box,ok,,0.578237,0.732763,225.450800
val_001117,bird,robust_single_box,ok,,0.756986,0.861687,203.404700
val_001118,aeroplane,robust_single_box,ok,,0.821293,0.901879,191.388500
val_001119,dog,robust_single_box,ok,,0.576020,0.730980,229.413700
val_001120,train,robust_single_box,ok,,0.669432,0.801987,226.665400
val_001121,diningtable,robust_single_box,ok,,0.906121,0.950748,235.118200
val_001122,horse,robust_single_box,ok,,0.741008,0.851240,223.257200
val_001123,sheep,robust_single_box,ok,,0.860048,0.924759,172.561100
val_001124,boat,robust_single_box,ok,,0.421086,0.592625,243.741800
val_001125,diningtable,robust_single_box,ok,,0.729392,0.843524,215.382800
val_001126,cat,robust_single_box,ok,,0.469745,0.639220,211.711000
val_001127,train,robust_single_box,ok,,0.542079,0.703050,215.515300
val_001128,aeroplane,robust_single_box,ok,,0.414840,0.586413,201.844700
val_001129,dog,robust_single_box,ok,,0.722831,0.839120,222.386700
val_001130,cat,robust_single_box,ok,,0.772045,0.871361,187.016500
val_001131,cat,robust_single_box,ok,,0.756973,0.861679,178.916300
val_001132,car,robust_single_box,ok,,0.408465,0.580014,169.666000
val_001133,bird,robust_single_box,ok,,0.653890,0.790730,218.262900
val_001134,bus,robust_single_box,ok,,0.748685,0.856284,190.820700
val_001135,cat,robust_single_box,ok,,0.910282,0.953034,194.352600
val_001136,car,robust_single_box,ok,,0.771542,0.871040,234.871600
val_001137,bird,robust_single_box,ok,,0.689966,0.816544,140.285000
val_001138,car,robust_single_box,ok,,0.309272,0.472434,181.062500
val_001139,bicycle,robust_single_box,ok,,0.218138,0.358149,226.897200
val_001140,aeroplane,robust_single_box,ok,,0.419931,0.591481,244.182800
val_001141,motorbike,robust_single_box,ok,,0.484398,0.652652,164.387900
val_001142,train,robust_single_box,ok,,0.738166,0.849362,193.896500
val_001143,diningtable,robust_single_box,ok,,0.552438,0.711703,229.448800
val_001144,boat,robust_single_box,ok,,0.377185,0.547762,212.184900
val_001145,motorbike,robust_single_box,ok,,0.622137,0.767059,171.133900
val_001146,bottle,robust_single_box,ok,,0.482453,0.650884,178.705800
val_001147,aeroplane,robust_single_box,ok,,0.702251,0.825085,200.302800
val_001148,cat,robust_single_box,ok,,0.845681,0.916389,192.853700
val_001149,cat,robust_single_box,ok,,0.508785,0.674430,205.978100
val_001150,train,robust_single_box,ok,,0.549066,0.708899,182.029000
val_001151,person,robust_single_box,ok,,0.796343,0.886627,181.813200
val_001152,boat,robust_single_box,ok,,0.729463,0.843571,202.789500
val_001153,motorbike,robust_single_box,ok,,0.579897,0.734095,213.784900
val_001154,sheep,robust_single_box,ok,,0.589448,0.741702,201.818100
val_001155,aeroplane,robust_single_box,ok,,0.486629,0.654674,206.696100
val_001156,cat,robust_single_box,ok,,0.621523,0.766591,185.239600
val_001157,cow,robust_single_box,ok,,0.757060,0.861735,214.036500
val_001158,person,robust_single_box,ok,,0.659840,0.795065,210.660300
val_001159,bus,robust_single_box,ok,,0.881882,0.937234,144.428800
val_001160,motorbike,robust_single_box,ok,,0.450608,0.621268,205.739200
val_001161,cat,robust_single_box,ok,,0.868430,0.929582,214.362700
val_001162,pottedplant,robust_single_box,ok,,0.691632,0.817709,217.347400
val_001163,aeroplane,robust_single_box,ok,,0.482984,0.651368,205.032200
val_001164,person,robust_single_box,ok,,0.528081,0.691169,181.509500
val_001165,person,robust_single_box,ok,,0.493031,0.660443,180.106300
val_001166,person,robust_single_box,ok,,0.546853,0.707052,195.391700
val_001167,horse,robust_single_box,ok,,0.590762,0.742741,211.657700
val_001168,bottle,robust_single_box,ok,,0.913675,0.954891,183.901700
val_001169,bottle,robust_single_box,ok,,0.751586,0.858178,161.733400
val_001170,chair,robust_single_box,ok,,0.051587,0.098113,187.053500
val_001171,dog,robust_single_box,ok,,0.551648,0.711048,238.197600
val_001172,bottle,robust_single_box,ok,,0.866872,0.928690,184.281000
val_001173,bird,robust_single_box,ok,,0.845898,0.916517,129.511300
val_001174,bird,robust_single_box,ok,,0.788634,0.881829,194.604700
val_001175,dog,robust_single_box,ok,,0.444296,0.615243,205.644000
val_001176,cow,robust_single_box,ok,,0.432294,0.603639,210.353900
val_001177,boat,robust_single_box,ok,,0.007228,0.014352,196.233500
val_001178,person,robust_single_box,ok,,0.448409,0.619175,186.401200
val_001179,sofa,robust_single_box,ok,,0.770421,0.870325,197.609000
val_001180,chair,robust_single_box,ok,,0.477396,0.646267,176.759300
val_001181,boat,robust_single_box,ok,,0.845369,0.916206,166.312300
val_001182,sofa,robust_single_box,ok,,0.406012,0.577537,200.880300
val_001183,cow,robust_single_box,ok,,0.540598,0.701802,198.332300
val_001184,dog,robust_single_box,ok,,0.880104,0.936229,204.149700
val_001185,cat,robust_single_box,ok,,0.922151,0.959499,183.517000
val_001186,chair,robust_single_box,ok,,0.881588,0.937068,207.051900
val_001187,person,robust_single_box,ok,,0.586427,0.739305,199.586100
val_001188,horse,robust_single_box,ok,,0.759639,0.863404,186.677000
val_001189,tvmonitor,robust_single_box,ok,,0.637955,0.778966,197.834800
val_001190,cat,robust_single_box,ok,,0.619953,0.765396,184.803100
val_001191,motorbike,robust_single_box,ok,,0.437284,0.608487,191.119000
val_001192,car,robust_single_box,ok,,0.690443,0.816878,190.329500
val_001193,train,robust_single_box,ok,,0.878052,0.935067,193.796200
val_001194,train,robust_single_box,ok,,0.772225,0.871475,179.703300
val_001195,bird,robust_single_box,ok,,0.757895,0.862275,215.603100
val_001196,car,robust_single_box,ok,,0.885878,0.939486,131.152400
val_001197,cat,robust_single_box,ok,,0.791908,0.883871,204.139400
val_001198,person,robust_single_box,ok,,0.600922,0.750720,202.588000
val_001199,bus,robust_single_box,ok,,0.730167,0.844042,195.789800
val_001200,cat,robust_single_box,ok,,0.660110,0.795261,174.879000
val_001201,bus,robust_single_box,ok,,0.587436,0.740107,227.324800
val_001202,dog,robust_single_box,ok,,0.510108,0.675592,229.374300
val_001203,motorbike,robust_single_box,ok,,0.369117,0.539204,204.514300
val_001204,cow,robust_single_box,ok,,0.508844,0.674482,130.052400
val_001205,horse,robust_single_box,ok,,0.524452,0.688053,203.481800
val_001206,sofa,robust_single_box,ok,,0.709925,0.830358,211.162400
val_001207,pottedplant,robust_single_box,ok,,0.635808,0.777363,116.885100
val_001208,dog,robust_single_box,ok,,0.715931,0.834452,193.128400
val_001209,person,robust_single_box,ok,,0.453484,0.623996,207.933500
val_001210,motorbike,robust_single_box,ok,,0.496426,0.663482,213.480500
val_001211,bus,robust_single_box,ok,,0.594683,0.745833,197.129800
val_001212,tvmonitor,robust_single_box,ok,,0.479505,0.648196,174.836600
val_001213,cat,robust_single_box,ok,,0.855197,0.921947,201.363600
val_001214,bird,robust_single_box,ok,,0.457086,0.627397,190.474000
val_001215,motorbike,robust_single_box,ok,,0.444212,0.615162,202.132400
val_001216,boat,robust_single_box,ok,,0.423308,0.594823,174.525000
val_001217,cat,robust_single_box,ok,,0.581214,0.735149,217.686500
val_001218,bird,robust_single_box,ok,,0.594103,0.745376,157.992400
val_001219,car,robust_single_box,ok,,0.691432,0.817570,176.190400
val_001220,motorbike,robust_single_box,ok,,0.731293,0.844794,198.025200
val_001221,bottle,robust_single_box,ok,,0.561996,0.719587,216.135000
val_001222,car,robust_single_box,ok,,0.659969,0.795158,197.683700
val_001223,cat,robust_single_box,ok,,0.635618,0.777220,193.981700
val_001224,bird,robust_single_box,ok,,0.609686,0.757521,238.465200
val_001225,aeroplane,robust_single_box,ok,,0.872567,0.931948,174.119200
val_001226,dog,robust_single_box,ok,,0.404370,0.575874,211.290800
val_001227,person,robust_single_box,ok,,0.776720,0.874330,177.863000
val_001228,sofa,robust_single_box,ok,,0.376554,0.547097,214.409900
val_001229,diningtable,robust_single_box,ok,,0.711584,0.831492,195.348900
val_001230,dog,robust_single_box,ok,,0.639652,0.780229,177.337200
val_001231,bicycle,robust_single_box,ok,,0.289677,0.449224,167.200500
val_001232,boat,robust_single_box,ok,,0.443691,0.614662,218.921000
val_001233,train,robust_single_box,ok,,0.676153,0.806792,208.535500
val_001234,person,robust_single_box,ok,,0.470792,0.640188,187.844600
val_001235,aeroplane,robust_single_box,ok,,0.268173,0.422928,158.737700
val_001236,sheep,robust_single_box,ok,,0.829361,0.906722,178.684100
val_001237,train,robust_single_box,ok,,0.727845,0.842489,215.095200
val_001238,bottle,robust_single_box,ok,,0.501916,0.668367,193.363500
val_001239,sheep,robust_single_box,ok,,0.524863,0.688407,189.151200
val_001240,car,robust_single_box,ok,,0.745119,0.853946,170.805100
val_001241,train,robust_single_box,ok,,0.303543,0.465721,187.107800
val_001242,aeroplane,robust_single_box,ok,,0.468424,0.637996,197.984300
val_001243,aeroplane,robust_single_box,ok,,0.756786,0.861557,204.624200
val_001244,cat,robust_single_box,ok,,0.679820,0.809396,213.009400
val_001245,cow,robust_single_box,ok,,0.682432,0.811245,194.793400
val_001246,person,robust_single_box,ok,,0.703038,0.825628,217.755500
val_001247,dog,robust_single_box,ok,,0.544176,0.704811,185.715300
val_001248,sheep,robust_single_box,ok,,0.572526,0.728161,160.238700
val_001249,aeroplane,robust_single_box,ok,,0.385266,0.556234,201.284700
val_001250,train,robust_single_box,ok,,0.383276,0.554157,186.128900
val_001251,bicycle,robust_single_box,ok,,0.101937,0.185014,217.421100
val_001252,dog,robust_single_box,ok,,0.443184,0.614175,199.568000
val_001253,person,robust_single_box,ok,,0.884491,0.938705,210.061800
val_001254,person,robust_single_box,ok,,0.474694,0.643786,195.082600
val_001255,bottle,robust_single_box,ok,,0.553184,0.712322,215.299200
val_001256,sofa,robust_single_box,ok,,0.583853,0.737256,188.923000
val_001257,bird,robust_single_box,ok,,0.511331,0.676664,197.968500
val_001258,sofa,robust_single_box,ok,,0.953053,0.975962,188.569900
val_001259,bus,robust_single_box,ok,,0.713167,0.832571,191.636900
val_001260,bird,robust_single_box,ok,,0.652540,0.789741,204.351400
val_001261,chair,robust_single_box,ok,,0.607821,0.756080,220.647200
val_001262,boat,robust_single_box,ok,,0.625913,0.769922,185.676900
val_001263,boat,robust_single_box,ok,,0.497063,0.664051,206.816300
val_001264,bus,robust_single_box,ok,,0.809270,0.894582,215.346000
val_001265,bus,robust_single_box,ok,,0.571390,0.727242,188.641600
val_001266,train,robust_single_box,ok,,0.555074,0.713888,169.349600
val_001267,train,robust_single_box,ok,,0.834238,0.909629,198.182300
val_001268,sofa,robust_single_box,ok,,0.635946,0.777466,222.405600
val_001269,bus,robust_single_box,ok,,0.819517,0.900807,180.208000
val_001270,diningtable,robust_single_box,ok,,0.158343,0.273395,191.006000
val_001271,horse,robust_single_box,ok,,0.412653,0.584225,183.776100
val_001272,bicycle,robust_single_box,ok,,0.122941,0.218962,217.681100
val_001273,cat,robust_single_box,ok,,0.680000,0.809524,194.964500
val_001274,boat,robust_single_box,ok,,0.469731,0.639206,202.530300
val_001275,sheep,robust_single_box,ok,,0.341629,0.509275,198.107700
val_001276,person,robust_single_box,ok,,0.594808,0.745931,220.071600
val_001277,person,robust_single_box,ok,,0.473999,0.643147,186.003000
val_001278,bird,robust_single_box,ok,,0.415089,0.586661,183.948800
val_001279,person,robust_single_box,ok,,0.491586,0.659145,165.519800
val_001280,aeroplane,robust_single_box,ok,,0.144039,0.251808,166.859700
val_001281,bird,robust_single_box,ok,,0.447500,0.618308,164.748800
val_001282,car,robust_single_box,ok,,0.470467,0.639888,197.521700
val_001283,motorbike,robust_single_box,ok,,0.604138,0.753225,205.586000
val_001284,train,robust_single_box,ok,,0.688918,0.815810,167.253900
val_001285,horse,robust_single_box,ok,,0.683168,0.811764,175.744300
val_001286,dog,robust_single_box,ok,,0.447867,0.618657,196.859500
val_001287,cow,robust_single_box,ok,,0.588669,0.741084,146.352100
val_001288,cow,robust_single_box,ok,,0.474227,0.643356,190.618200
val_001289,person,robust_single_box,ok,,0.316827,0.481198,182.241900
val_001290,diningtable,robust_single_box,ok,,0.770183,0.870174,210.766700
val_001291,chair,robust_single_box,ok,,0.492362,0.659843,206.559300
val_001292,motorbike,robust_single_box,ok,,0.481454,0.649975,200.547500
val_001293,person,robust_single_box,ok,,0.649642,0.787616,173.554200
val_001294,car,robust_single_box,ok,,0.470259,0.639695,201.300000
val_001295,chair,robust_single_box,ok,,0.270615,0.425960,202.183300
val_001296,bird,robust_single_box,ok,,0.690890,0.817191,180.899200
val_001297,pottedplant,robust_single_box,ok,,0.816092,0.898734,197.821800
val_001298,cat,robust_single_box,ok,,0.761018,0.864293,201.589300
val_001299,cat,robust_single_box,ok,,0.936278,0.967091,194.567900
val_001300,aeroplane,robust_single_box,ok,,0.816199,0.898799,178.746700
val_001301,person,robust_single_box,ok,,0.400842,0.572288,208.907000
val_001302,chair,robust_single_box,ok,,0.557425,0.715829,204.998300
val_001303,bus,robust_single_box,ok,,0.647698,0.786185,192.774700
val_001304,person,robust_single_box,ok,,0.588390,0.740864,218.253400
val_001305,aeroplane,robust_single_box,ok,,0.364230,0.533971,168.904400
val_001306,bus,robust_single_box,ok,,0.798807,0.888152,210.365000
val_001307,car,robust_single_box,ok,,0.767712,0.868594,179.878500
val_001308,bird,robust_single_box,ok,,0.419679,0.591231,200.488600
val_001309,diningtable,robust_single_box,ok,,0.649817,0.787744,204.993900
val_001310,bus,robust_single_box,ok,,0.634705,0.776538,158.818700
val_001311,sofa,robust_single_box,ok,,0.777893,0.875073,184.768200
val_001312,dog,robust_single_box,ok,,0.575739,0.730754,195.881100
val_001313,sheep,robust_single_box,ok,,0.496606,0.663643,203.628600
val_001314,cow,robust_single_box,ok,,0.732661,0.845706,211.481100
val_001315,train,robust_single_box,ok,,0.558378,0.716614,210.215500
val_001316,bus,robust_single_box,ok,,0.736280,0.848112,198.026000
val_001317,person,robust_single_box,ok,,0.736937,0.848548,209.899200
val_001318,person,robust_single_box,ok,,0.385371,0.556343,117.561100
val_001319,train,robust_single_box,ok,,0.668980,0.801663,187.432100
val_001320,car,robust_single_box,ok,,0.565458,0.722419,174.903100
val_001321,aeroplane,robust_single_box,ok,,0.657286,0.793208,159.196700
val_001322,cow,robust_single_box,ok,,0.672949,0.804506,255.256400
val_001323,boat,robust_single_box,ok,,0.837607,0.911628,185.503100
val_001324,car,robust_single_box,ok,,0.000000,0.000000,185.988500
val_001325,cow,robust_single_box,ok,,0.720818,0.837762,154.796700
val_001326,aeroplane,robust_single_box,ok,,0.697438,0.821754,159.710100
val_001327,person,robust_single_box,ok,,0.548113,0.708104,162.175500
val_001328,train,robust_single_box,ok,,0.456190,0.626553,187.412500
val_001329,bird,robust_single_box,ok,,0.759224,0.863135,183.266500
val_001330,cat,robust_single_box,ok,,0.822416,0.902556,184.077900
val_001331,car,robust_single_box,ok,,0.724138,0.840000,186.535100
val_001332,bus,robust_single_box,ok,,0.863233,0.926597,171.719800
val_001333,person,robust_single_box,ok,,0.759406,0.863253,209.943600
val_001334,sheep,robust_single_box,ok,,0.583569,0.737030,220.934900
val_001335,aeroplane,robust_single_box,ok,,0.685982,0.813747,175.970000
val_001336,person,robust_single_box,ok,,0.504083,0.670286,204.069000
val_001337,bird,robust_single_box,ok,,0.386729,0.557758,216.874400
val_001338,aeroplane,robust_single_box,ok,,0.705819,0.827542,166.467600
val_001339,person,robust_single_box,ok,,0.687178,0.814588,184.656700
val_001340,aeroplane,robust_single_box,ok,,0.281659,0.439523,146.532400
val_001341,person,robust_single_box,ok,,0.565267,0.722263,196.077200
val_001342,person,robust_single_box,ok,,0.770999,0.870694,190.606300
val_001343,cat,robust_single_box,ok,,0.912191,0.954079,184.194900
val_001344,cow,robust_single_box,ok,,0.564913,0.721974,186.267900
val_001345,chair,robust_single_box,ok,,0.622691,0.767480,179.302700
val_001346,boat,robust_single_box,ok,,0.885216,0.939113,180.040800
val_001347,cat,robust_single_box,ok,,0.652997,0.790076,178.506700
val_001348,sofa,robust_single_box,ok,,0.465498,0.635276,203.972700
val_001349,cat,robust_single_box,ok,,0.873557,0.932512,166.009400
val_001350,boat,robust_single_box,ok,,0.265904,0.420102,164.005100
val_001351,train,robust_single_box,ok,,0.836581,0.911020,162.612000
val_001352,person,robust_single_box,ok,,0.547678,0.707742,198.107100
val_001353,aeroplane,robust_single_box,ok,,0.407712,0.579255,202.789200
val_001354,dog,robust_single_box,ok,,0.847657,0.917548,190.879900
val_001355,diningtable,robust_single_box,ok,,0.030518,0.059229,177.168200
val_001356,car,robust_single_box,ok,,0.786184,0.880295,186.139500
val_001357,person,robust_single_box,ok,,0.683236,0.811812,265.040800
val_001358,cow,robust_single_box,ok,,0.554599,0.713495,197.588800
val_001359,sofa,robust_single_box,ok,,0.843762,0.915261,183.910300
val_001360,person,robust_single_box,ok,,0.374339,0.544755,195.443200
val_001361,horse,robust_single_box,ok,,0.319759,0.484571,54.364500
val_001362,tvmonitor,robust_single_box,ok,,0.734328,0.846815,183.930100
val_001363,dog,robust_single_box,ok,,0.472755,0.642000,165.299500
val_001364,bus,robust_single_box,ok,,0.000000,0.000000,183.253400
val_001365,cat,robust_single_box,ok,,0.498150,0.665020,205.995400
val_001366,cow,robust_single_box,ok,,0.749055,0.856525,213.168400
val_001367,boat,robust_single_box,ok,,0.495312,0.662486,200.544400
val_001368,person,robust_single_box,ok,,0.493154,0.660553,180.072500
val_001369,chair,robust_single_box,ok,,0.391834,0.563047,206.314800
val_001370,sofa,robust_single_box,ok,,0.903000,0.949028,199.345300
val_001371,pottedplant,robust_single_box,ok,,0.613249,0.760266,225.210400
val_001372,dog,robust_single_box,ok,,0.602333,0.751820,180.633300
val_001373,aeroplane,robust_single_box,ok,,0.494864,0.662086,206.346800
val_001374,tvmonitor,robust_single_box,ok,,0.562412,0.719928,255.850700
val_001375,dog,robust_single_box,ok,,0.420033,0.591582,209.006600
val_001376,person,robust_single_box,ok,,0.605524,0.754301,202.596900
val_001377,person,robust_single_box,ok,,0.629439,0.772583,205.296800
val_001378,dog,robust_single_box,ok,,0.679474,0.809151,240.342500
val_001379,chair,robust_single_box,ok,,0.852420,0.920331,153.872900
val_001380,car,robust_single_box,ok,,0.411516,0.583084,180.804500
val_001381,person,robust_single_box,ok,,0.653412,0.790380,196.540600
val_001382,dog,robust_single_box,ok,,0.747975,0.855819,205.122000
val_001383,dog,robust_single_box,ok,,0.682505,0.811296,179.949600
val_001384,dog,robust_single_box,ok,,0.778276,0.875315,175.774600
val_001385,sofa,robust_single_box,ok,,0.851570,0.919835,188.141400
val_001386,bicycle,robust_single_box,ok,,0.130196,0.230395,183.854300
val_001387,dog,robust_single_box,ok,,0.746751,0.855017,193.657400
val_001388,sheep,robust_single_box,ok,,0.573805,0.729194,194.203700
val_001389,diningtable,robust_single_box,ok,,0.634886,0.776673,195.724800
val_001390,bicycle,robust_single_box,ok,,0.388411,0.559504,204.644400
val_001391,person,robust_single_box,ok,,0.000000,0.000000,189.856400
val_001392,train,robust_single_box,ok,,0.694646,0.819813,159.376600
val_001393,dog,robust_single_box,ok,,0.912464,0.954229,185.218800
val_001394,bird,robust_single_box,ok,,0.365966,0.535834,171.932300
val_001395,dog,robust_single_box,ok,,0.605428,0.754226,203.900400
val_001396,person,robust_single_box,ok,,0.843705,0.915228,200.625800
val_001397,person,robust_single_box,ok,,0.595329,0.746340,205.474900
val_001398,car,robust_single_box,ok,,0.784242,0.879076,212.930600
val_001399,aeroplane,robust_single_box,ok,,0.471328,0.640684,178.442700
val_001400,person,robust_single_box,ok,,0.865356,0.927819,196.234300
val_001401,diningtable,robust_single_box,ok,,0.786754,0.880652,205.892700
val_001402,dog,robust_single_box,ok,,0.664570,0.798489,189.114600
val_001403,train,robust_single_box,ok,,0.738649,0.849681,190.035600
val_001404,sofa,robust_single_box,ok,,0.287263,0.446317,198.482400
val_001405,person,robust_single_box,ok,,0.447660,0.618460,206.050900
val_001406,person,robust_single_box,ok,,0.484877,0.653088,185.062600
val_001407,aeroplane,robust_single_box,ok,,0.414686,0.586259,157.207000
val_001408,tvmonitor,robust_single_box,ok,,0.710179,0.830532,207.275100
val_001409,train,robust_single_box,ok,,0.526703,0.689988,200.932100
val_001410,bird,robust_single_box,ok,,0.876444,0.934154,189.354500
val_001411,person,robust_single_box,ok,,0.349947,0.518460,209.649000
val_001412,person,robust_single_box,ok,,0.826913,0.905257,186.271500
val_001413,dog,robust_single_box,ok,,0.366562,0.536473,221.619400
val_001414,car,robust_single_box,ok,,0.713234,0.832617,197.818100
val_001415,person,robust_single_box,ok,,0.587868,0.740450,181.090100
val_001416,person,robust_single_box,ok,,0.481388,0.649915,80.204600
val_001417,sofa,robust_single_box,ok,,0.658378,0.794002,179.451100
val_001418,sheep,robust_single_box,ok,,0.774278,0.872781,157.188400
val_001419,aeroplane,robust_single_box,ok,,0.226406,0.369218,199.694400
val_001420,cat,robust_single_box,ok,,0.851348,0.919706,209.760800
val_001421,bicycle,robust_single_box,ok,,0.213452,0.351809,208.981600
val_001422,horse,robust_single_box,ok,,0.425620,0.597101,203.768100
val_001423,boat,robust_single_box,ok,,0.582007,0.735783,151.693700
val_001424,car,robust_single_box,ok,,0.451402,0.622022,78.286800
val_001425,bottle,robust_single_box,ok,,0.701818,0.824786,246.997900
val_001426,tvmonitor,robust_single_box,ok,,0.692236,0.818132,221.803700
val_001427,cow,robust_single_box,ok,,0.908627,0.952126,218.551600
val_001428,aeroplane,robust_single_box,ok,,0.439960,0.611072,177.911400
val_001429,horse,robust_single_box,ok,,0.692450,0.818281,201.599900
val_001430,boat,robust_single_box,ok,,0.536283,0.698157,173.852000
val_001431,aeroplane,robust_single_box,ok,,0.336043,0.503043,167.623000
val_001432,person,robust_single_box,ok,,0.709652,0.830171,206.882800
val_001433,bicycle,robust_single_box,ok,,0.320250,0.485135,209.383200
val_001434,chair,robust_single_box,ok,,0.204799,0.339971,162.274100
val_001435,cow,robust_single_box,ok,,0.462059,0.632066,183.200400
val_001436,bird,robust_single_box,ok,,0.643942,0.783412,161.963400
val_001437,car,robust_single_box,ok,,0.860801,0.925194,187.731400
val_001438,horse,robust_single_box,ok,,0.787776,0.881292,190.955100
val_001439,chair,robust_single_box,ok,,0.562626,0.720103,172.321900
val_001440,bus,robust_single_box,ok,,0.828085,0.905959,166.471100
val_001441,bird,robust_single_box,ok,,0.430356,0.601747,183.739800
val_001442,train,robust_single_box,ok,,0.703072,0.825651,185.809600
val_001443,sofa,robust_single_box,ok,,0.592007,0.743724,171.000700
val_001444,train,robust_single_box,ok,,0.928275,0.962804,208.964600
val_001445,pottedplant,robust_single_box,ok,,0.667235,0.800409,168.134700
val_001446,person,robust_single_box,ok,,0.426110,0.597583,157.642900
val_001447,sofa,robust_single_box,ok,,0.558160,0.716435,164.615800
val_001448,bottle,robust_single_box,ok,,0.698083,0.822202,268.965600
